Date,Run ,Well,ColonyID,Timepoint,A630,A663,A750,Notes
20230810,Run 1,A1,1,April_2023,0.439,1.315,0.172,
20230810,Run 1,B1,11,April_2023,0.287,0.482,0.154,
20230810,Run 1,C1,19,April_2023,0.342,0.97,0.139,
20230810,Run 1,D1,28,April_2023,0.368,1.178,0.115,
20230810,Run 1,E1,43,April_2023,0.552,1.5,0.242,
20230810,Run 1,F1,201,April_2023,0.224,0.386,0.148,
20230810,Run 1,G1,206,April_2023,0.244,0.704,0.103,
20230810,Run 1,H1,Blank,NA,0.081,0.077,0.066,
20230810,Run 1,A2,1,April_2023,0.508,1.305,0.169,
20230810,Run 1,B2,11,April_2023,0.381,0.581,0.195,
20230810,Run 1,C2,19,April_2023,0.451,1.05,0.245,
20230810,Run 1,D2,28,April_2023,0.497,1.225,0.153,
20230810,Run 1,E2,43,April_2023,0.567,1.366,0.218,
20230810,Run 1,F2,201,April_2023,0.189,0.344,0.117,
20230810,Run 1,G2,206,April_2023,0.217,0.659,0.081,
20230810,Run 1,H2,Blank,NA,0.077,0.072,0.062,
20230810,Run 1,A3,1,April_2023,0.473,1.161,0.158,
20230810,Run 1,B3,11,April_2023,0.373,0.587,0.272,
20230810,Run 1,C3,19,April_2023,0.479,1.092,0.3,
20230810,Run 1,D3,28,April_2023,0.552,1.293,0.283,
20230810,Run 1,E3,43,April_2023,0.608,1.414,0.223,
20230810,Run 1,F3,201,April_2023,0.189,0.344,0.12,
20230810,Run 1,G3,206,April_2023,0.234,0.689,0.094,
20230810,Run 1,H3,Blank,NA,0.077,0.071,0.065,
20230810,Run 1,A4,2,April_2023,0.348,0.622,0.158,
20230810,Run 1,B4,12,April_2023,0.353,0.608,0.273,
20230810,Run 1,C4,20,April_2023,0.408,0.941,0.274,
20230810,Run 1,D4,29,April_2023,0.7,1.95,0.32,
20230810,Run 1,E4,44,April_2023,0.446,0.929,0.159,
20230810,Run 1,F4,202,April_2023,0.197,0.532,0.098,
20230810,Run 1,G4,207,April_2023,0.212,0.535,0.105,
20230810,Run 1,H4,NA,NA,0.083,0.077,0.068,
20230810,Run 1,A5,2,April_2023,0.344,0.611,0.153,
20230810,Run 1,B5,12,April_2023,0.358,0.588,0.278,
20230810,Run 1,C5,20,April_2023,0.391,0.89,0.253,
20230810,Run 1,D5,29,April_2023,0.631,1.798,0.261,
20230810,Run 1,E5,44,April_2023,0.412,0.813,0.148,
20230810,Run 1,F5,202,April_2023,0.191,0.505,0.097,
20230810,Run 1,G5,207,April_2023,0.221,0.538,0.116,
20230810,Run 1,H5,NA,NA,0.083,0.076,0.069,
20230810,Run 1,A6,2,April_2023,0.334,0.589,0.146,
20230810,Run 1,B6,12,April_2023,0.426,0.68,0.337,
20230810,Run 1,C6,20,April_2023,0.392,0.89,0.256,
20230810,Run 1,D6,29,April_2023,0.626,1.791,0.242,
20230810,Run 1,E6,44,April_2023,0.435,0.834,0.164,
20230810,Run 1,F6,202,April_2023,0.175,0.489,0.084,
20230810,Run 1,G6,207,April_2023,0.202,0.509,0.101,
20230810,Run 1,H6,NA,NA,0.084,0.078,0.068,
20230810,Run 1,A7,3,April_2023,0.264,0.393,0.154,
20230810,Run 1,B7,15,April_2023,0.46,1.026,0.282,
20230810,Run 1,C7,26,April_2023,0.557,1.226,0.343,
20230810,Run 1,D7,41,April_2023,0.538,1.082,0.286,
20230810,Run 1,E7,45,April_2023,0.705,1.845,0.24,
20230810,Run 1,F7,203,April_2023,0.277,0.728,0.13,
20230810,Run 1,G7,208,April_2023,0.236,0.668,0.115,
20230810,Run 1,H7,NA,NA,0.084,0.078,0.067,
20230810,Run 1,A8,3,April_2023,0.276,0.382,0.108,
20230810,Run 1,B8,15,April_2023,0.458,0.989,0.281,
20230810,Run 1,C8,26,April_2023,0.484,1.096,0.279,
20230810,Run 1,D8,41,April_2023,0.476,1.008,0.201,
20230810,Run 1,E8,45,April_2023,0.68,1.78,0.226,
20230810,Run 1,F8,203,April_2023,0.267,0.696,0.124,
20230810,Run 1,G8,208,April_2023,0.232,0.658,0.11,
20230810,Run 1,H8,NA,NA,0.08,0.078,0.065,
20230810,Run 1,A9,3,April_2023,0.246,0.336,0.091,
20230810,Run 1,B9,15,April_2023,0.462,0.988,0.282,
20230810,Run 1,C9,26,April_2023,0.476,1.076,0.253,
20230810,Run 1,D9,41,April_2023,0.446,0.961,0.151,
20230810,Run 1,E9,45,April_2023,0.614,1.739,0.213,
20230810,Run 1,F9,203,April_2023,0.271,0.711,0.127,
20230810,Run 1,G9,208,April_2023,0.223,0.645,0.106,
20230810,Run 1,H9,NA,NA,0.085,0.08,0.069,
20230810,Run 1,A10,4,April_2023,0.318,0.579,0.118,
20230810,Run 1,B10,16,April_2023,0.469,1.044,0.285,
20230810,Run 1,C10,27,April_2023,0.658,1.616,0.349,
20230810,Run 1,D10,42,April_2023,0.449,1.097,0.121,
20230810,Run 1,E10,46,April_2023,0.417,1.225,0.123,
20230810,Run 1,F10,204,April_2023,0.179,0.49,0.088,
20230810,Run 1,G10,209,April_2023,0.275,0.765,0.111,
20230810,Run 1,H10,NA,NA,0.083,0.077,0.067,
20230810,Run 1,A11,4,April_2023,0.346,0.554,0.175,
20230810,Run 1,B11,16,April_2023,0.41,0.885,0.128,
20230810,Run 1,C11,27,April_2023,0.559,1.363,0.201,
20230810,Run 1,D11,42,April_2023,0.386,0.966,0.115,
20230810,Run 1,E11,46,April_2023,0.349,1.142,0.108,
20230810,Run 1,F11,204,April_2023,0.17,0.474,0.084,
20230810,Run 1,G11,209,April_2023,0.369,0.847,0.19,
20230810,Run 1,H11,NA,NA,0.082,0.077,0.066,
20230810,Run 1,A12,4,April_2023,0.282,0.558,0.175,
20230810,Run 1,B12,16,April_2023,0.333,0.851,0.154,
20230810,Run 1,C12,27,April_2023,0.468,1.348,0.192,
20230810,Run 1,D12,42,April_2023,0.329,0.968,0.115,
20230810,Run 1,E12,46,April_2023,0.336,1.113,0.101,
20230810,Run 1,F12,204,April_2023,0.225,0.53,0.129,
20230810,Run 1,G12,209,April_2023,0.358,0.827,0.181,
20230810,Run 1,H12,NA,NA,0.086,0.082,0.069,
20230810,Run 2,A1,210,April_2023,0.351,0.775,0.195,
20230810,Run 2,B1,214,April_2023,0.3,0.8,0.147,
20230810,Run 2,C1,220,April_2023,0.246,0.585,0.135,
20230810,Run 2,D1,226,April_2023,0.426,1.375,0.148,
20230810,Run 2,E1,236,April_2023,0.315,0.906,0.131,
20230810,Run 2,F1,241,April_2023,0.4,1.06,0.181,
20230810,Run 2,G1,Blank,NA,0.078,0.072,0.063,
20230810,Run 2,H1,NA,NA,0.084,0.08,0.069,
20230810,Run 2,A2,210,April_2023,0.35,0.736,0.203,
20230810,Run 2,B2,214,April_2023,0.29,0.778,0.143,
20230810,Run 2,C2,220,April_2023,0.269,0.599,0.158,
20230810,Run 2,D2,226,April_2023,0.405,1.357,0.128,
20230810,Run 2,E2,236,April_2023,0.317,0.924,0.131,
20230810,Run 2,F2,241,April_2023,0.368,1.042,0.15,
20230810,Run 2,G2,Blank,NA,0.08,0.074,0.064,
20230810,Run 2,H2,NA,NA,0.078,0.072,0.066,
20230810,Run 2,A3,210,April_2023,0.347,0.733,0.2,
20230810,Run 2,B3,214,April_2023,0.311,0.796,0.163,
20230810,Run 2,C3,220,April_2023,0.247,0.579,0.139,
20230810,Run 2,D3,226,April_2023,0.398,1.329,0.125,
20230810,Run 2,E3,236,April_2023,0.311,0.911,0.127,
20230810,Run 2,F3,241,April_2023,0.392,1.058,0.175,
20230810,Run 2,G3,Blank,NA,0.082,0.076,0.065,
20230810,Run 2,H3,NA,NA,0.081,0.075,0.068,
20230810,Run 2,A4,211,April_2023,0.379,0.757,0.231,
20230810,Run 2,B4,217,April_2023,0.305,0.71,0.173,
20230810,Run 2,C4,221,April_2023,0.307,0.764,0.154,
20230810,Run 2,D4,233,April_2023,0.401,1.194,0.161,
20230810,Run 2,E4,237,April_2023,0.377,1.149,0.16,
20230810,Run 2,F4,242,April_2023,0.274,0.754,0.115,
20230810,Run 2,G4,NA,NA,0.08,0.075,0.065,
20230810,Run 2,H4,NA,NA,0.083,0.077,0.068,
20230810,Run 2,A5,211,April_2023,0.409,0.757,0.262,
20230810,Run 2,B5,217,April_2023,0.299,0.685,0.173,
20230810,Run 2,C5,221,April_2023,0.298,0.746,0.147,
20230810,Run 2,D5,233,April_2023,0.399,1.196,0.16,
20230810,Run 2,E5,237,April_2023,0.385,1.17,0.164,
20230810,Run 2,F5,242,April_2023,0.301,0.798,0.137,
20230810,Run 2,G5,NA,NA,0.081,0.076,0.067,
20230810,Run 2,H5,NA,NA,0.084,0.077,0.069,
20230810,Run 2,A6,211,April_2023,0.493,0.839,0.333,
20230810,Run 2,B6,217,April_2023,0.312,0.701,0.184,
20230810,Run 2,C6,221,April_2023,0.315,0.765,0.166,
20230810,Run 2,D6,233,April_2023,0.403,1.204,0.161,
20230810,Run 2,E6,237,April_2023,0.377,1.137,0.163,
20230810,Run 2,F6,242,April_2023,0.288,0.778,0.126,
20230810,Run 2,G6,NA,NA,0.082,0.077,0.067,
20230810,Run 2,H6,NA,NA,0.083,0.078,0.067,
20230810,Run 2,A7,212,April_2023,0.315,0.616,0.199,
20230810,Run 2,B7,218,April_2023,0.374,0.988,0.169,
20230810,Run 2,C7,222,April_2023,0.295,0.676,0.149,
20230810,Run 2,D7,234,April_2023,0.425,1.522,0.119,
20230810,Run 2,E7,238,April_2023,0.349,1.04,0.132,
20230810,Run 2,F7,243,April_2023,0.26,0.647,0.13,
20230810,Run 2,G7,NA,NA,0.082,0.077,0.067,
20230810,Run 2,H7,NA,NA,0.084,0.078,0.067,
20230810,Run 2,A8,212,April_2023,0.314,0.588,0.205,
20230810,Run 2,B8,218,April_2023,0.398,1.008,0.19,
20230810,Run 2,C8,222,April_2023,0.357,0.738,0.207,
20230810,Run 2,D8,234,April_2023,0.438,1.548,0.128,
20230810,Run 2,E8,238,April_2023,0.339,1.039,0.123,
20230810,Run 2,F8,243,April_2023,0.257,0.656,0.124,
20230810,Run 2,G8,NA,NA,0.081,0.076,0.066,
20230810,Run 2,H8,NA,NA,0.08,0.077,0.065,
20230810,Run 2,A9,212,April_2023,0.309,0.587,0.2,
20230810,Run 2,B9,218,April_2023,0.376,0.981,0.172,
20230810,Run 2,C9,222,April_2023,0.334,0.711,0.185,
20230810,Run 2,D9,234,April_2023,0.425,1.528,0.12,
20230810,Run 2,E9,238,April_2023,0.325,1.014,0.111,
20230810,Run 2,F9,243,April_2023,0.256,0.651,0.125,
20230810,Run 2,G9,NA,NA,0.081,0.075,0.066,
20230810,Run 2,H9,NA,NA,0.085,0.08,0.069,
20230810,Run 2,A10,213,April_2023,0.576,1.264,0.321,
20230810,Run 2,B10,219,April_2023,0.326,0.774,0.172,
20230810,Run 2,C10,225,April_2023,0.437,1.223,0.19,
20230810,Run 2,D10,235,April_2023,0.485,1.613,0.175,
20230810,Run 2,E10,240,April_2023,0.423,1.33,0.121,
20230810,Run 2,F10,248,April_2023,0.545,1.793,0.11,
20230810,Run 2,G10,NA,NA,0.083,0.078,0.069,
20230810,Run 2,H10,NA,NA,0.083,0.077,0.067,
20230810,Run 2,A11,213,April_2023,0.514,1.149,0.278,
20230810,Run 2,B11,219,April_2023,0.331,0.758,0.182,
20230810,Run 2,C11,225,April_2023,0.497,1.283,0.243,
20230810,Run 2,D11,235,April_2023,0.49,1.631,0.177,
20230810,Run 2,E11,240,April_2023,0.43,1.371,0.116,
20230810,Run 2,F11,248,April_2023,0.578,1.838,0.133,
20230810,Run 2,G11,NA,NA,0.085,0.08,0.067,
20230810,Run 2,H11,NA,NA,0.082,0.077,0.066,
20230810,Run 2,A12,213,April_2023,0.567,1.195,0.326,
20230810,Run 2,B12,219,April_2023,0.323,0.746,0.173,
20230810,Run 2,C12,225,April_2023,0.449,1.214,0.205,
20230810,Run 2,D12,235,April_2023,0.518,1.631,0.205,
20230810,Run 2,E12,240,April_2023,0.419,1.326,0.117,
20230810,Run 2,F12,248,April_2023,0.548,1.792,0.113,
20230810,Run 2,G12,NA,NA,0.082,0.078,0.067,
20230810,Run 2,H12,NA,NA,0.087,0.083,0.069,
20240405,Run 1,A1,209,January_2024,0.332,0.993,0.086,
20240405,Run 1,B1,209,January_2024,0.334,1.023,0.08,
20240405,Run 1,C1,209,January_2024,0.331,1.014,0.082,
20240405,Run 1,D1,235,September_2023,0.202,0.591,0.073,
20240405,Run 1,E1,235,September_2023,0.19,0.564,0.067,
20240405,Run 1,F1,235,September_2023,0.188,0.557,0.066,
20240405,Run 1,G1,240,September_2023,0.287,1.025,0.066,
20240405,Run 1,H1,3,January_2024,0.199,0.499,0.072,
20240405,Run 1,A2,2,January_2024,0.351,1.002,0.079,
20240405,Run 1,B2,2,January_2024,0.337,0.976,0.07,
20240405,Run 1,C2,2,January_2024,0.332,0.97,0.068,
20240405,Run 1,D2,19,January_2024,0.297,0.895,0.066,
20240405,Run 1,E2,19,January_2024,0.293,0.883,0.065,
20240405,Run 1,F2,19,January_2024,0.293,0.88,0.065,
20240405,Run 1,G2,240,September_2023,0.3,1.075,0.067,
20240405,Run 1,H2,3,January_2024,0.191,0.498,0.064,
20240405,Run 1,A3,243,January_2024,0.525,1.727,0.078,
20240405,Run 1,B3,243,January_2024,0.513,1.707,0.072,
20240405,Run 1,C3,243,January_2024,0.508,1.715,0.065,
20240405,Run 1,D3,219,September_2023,0.11,0.193,0.067,
20240405,Run 1,E3,219,September_2023,0.108,0.194,0.065,
20240405,Run 1,F3,219,September_2023,0.107,0.19,0.064,
20240405,Run 1,G3,240,September_2023,0.292,1.051,0.066,
20240405,Run 1,H3,3,January_2024,0.196,0.507,0.068,
20240405,Run 1,A4,27,September_2023,0.2,0.567,0.08,
20240405,Run 1,B4,27,September_2023,0.193,0.568,0.07,
20240405,Run 1,C4,27,September_2023,0.187,0.553,0.068,
20240405,Run 1,D4,239,January_2024,0.621,2.235,0.071,
20240405,Run 1,E4,239,January_2024,0.606,2.2,0.066,
20240405,Run 1,F4,239,January_2024,0.609,2.207,0.066,
20240405,Run 1,G4,41,September_2023,0.254,0.892,0.065,
20240405,Run 1,H4,247,September_2023,0.224,0.792,0.066,
20240405,Run 1,A5,237,September_2023,0.336,1.152,0.081,
20240405,Run 1,B5,237,September_2023,0.317,1.116,0.068,
20240405,Run 1,C5,237,September_2023,0.328,1.171,0.067,
20240405,Run 1,D5,28,January_2024,0.426,1.408,0.066,
20240405,Run 1,E5,28,January_2024,0.423,1.396,0.065,
20240405,Run 1,F5,28,January_2024,0.421,1.389,0.066,
20240405,Run 1,G5,41,September_2023,0.257,0.907,0.066,
20240405,Run 1,H5,247,September_2023,0.23,0.814,0.066,
20240405,Run 1,A6,241,January_2024,0.523,1.725,0.078,
20240405,Run 1,B6,241,January_2024,0.522,1.749,0.07,
20240405,Run 1,C6,241,January_2024,0.511,1.727,0.066,
20240405,Run 1,D6,3,September_2023,0.145,0.337,0.067,
20240405,Run 1,E6,3,September_2023,0.146,0.342,0.066,
20240405,Run 1,F6,3,September_2023,0.144,0.339,0.065,
20240405,Run 1,G6,41,September_2023,0.258,0.905,0.066,
20240405,Run 1,H6,247,September_2023,0.228,0.812,0.064,
20240405,Run 1,A7,46,September_2023,0.237,0.684,0.077,
20240405,Run 1,B7,46,September_2023,0.23,0.694,0.069,
20240405,Run 1,C7,46,September_2023,0.229,0.686,0.069,
20240405,Run 1,D7,247,January_2024,0.526,1.838,0.067,
20240405,Run 1,E7,247,January_2024,0.511,1.783,0.066,
20240405,Run 1,F7,247,January_2024,0.512,1.784,0.067,
20240405,Run 1,G7,26,January_2024,0.458,1.684,0.067,
20240405,Run 1,H7,211,September_2023,0.123,0.258,0.065,
20240405,Run 1,A8,242,January_2024,0.445,1.521,0.078,
20240405,Run 1,B8,242,January_2024,0.458,1.595,0.074,
20240405,Run 1,C8,242,January_2024,0.44,1.556,0.067,
20240405,Run 1,D8,202,January_2024,0.358,0.964,0.066,
20240405,Run 1,E8,202,January_2024,0.354,0.944,0.068,
20240405,Run 1,F8,202,January_2024,0.351,0.938,0.066,
20240405,Run 1,G8,26,January_2024,0.477,1.767,0.064,
20240405,Run 1,H8,211,September_2023,0.121,0.257,0.063,
20240405,Run 1,A9,233,September_2023,0.201,0.556,0.077,
20240405,Run 1,B9,233,September_2023,0.195,0.563,0.072,
20240405,Run 1,C9,233,September_2023,0.194,0.557,0.072,
20240405,Run 1,D9,226,January_2024,0.548,1.968,0.064,
20240405,Run 1,E9,226,January_2024,0.541,1.948,0.062,
20240405,Run 1,F9,226,January_2024,0.548,1.966,0.065,
20240405,Run 1,G9,26,January_2024,0.476,1.763,0.064,
20240405,Run 1,H9,211,September_2023,0.124,0.257,0.067,
20240405,Run 1,A10,201,January_2024,0.281,0.76,0.072,
20240405,Run 1,B10,201,January_2024,0.284,0.778,0.073,
20240405,Run 1,C10,201,January_2024,0.28,0.77,0.068,
20240405,Run 1,D10,29,September_2023,0.269,0.903,0.066,
20240405,Run 1,E10,29,September_2023,0.272,0.906,0.069,
20240405,Run 1,F10,29,September_2023,0.267,0.891,0.067,
20240405,Run 1,G10,27,January_2024,0.541,1.936,0.07,
20240405,Run 1,H10,204,September_2023,0.153,0.341,0.066,
20240405,Run 1,A11,203,September_2023,0.183,0.422,0.077,
20240405,Run 1,B11,203,September_2023,0.18,0.43,0.073,
20240405,Run 1,C11,203,September_2023,0.167,0.41,0.066,
20240405,Run 1,D11,205,September_2023,0.14,0.346,0.071,
20240405,Run 1,E11,205,September_2023,0.135,0.335,0.067,
20240405,Run 1,F11,205,September_2023,0.137,0.346,0.068,
20240405,Run 1,G11,27,January_2024,0.525,1.871,0.069,
20240405,Run 1,H11,204,September_2023,0.152,0.337,0.065,
20240405,Run 1,A12,42,January_2024,0.446,1.534,0.078,
20240405,Run 1,B12,42,January_2024,0.433,1.513,0.072,
20240405,Run 1,C12,42,January_2024,0.419,1.472,0.068,
20240405,Run 1,D12,45,January_2024,0.41,1.437,0.067,
20240405,Run 1,E12,45,January_2024,0.409,1.44,0.065,
20240405,Run 1,F12,45,January_2024,0.412,1.445,0.068,
20240405,Run 1,G12,27,January_2024,0.524,1.885,0.067,
20240405,Run 1,H12,204,September_2023,0.156,0.343,0.068,
20240405,Run 2,A1,210,January_2024,0.291,0.777,0.078,
20240405,Run 2,B1,210,January_2024,0.306,0.854,0.072,
20240405,Run 2,C1,210,January_2024,0.299,0.845,0.07,
20240405,Run 2,D1,239,September_2023,0.217,0.728,0.067,
20240405,Run 2,E1,239,September_2023,0.208,0.694,0.066,
20240405,Run 2,F1,239,September_2023,0.211,0.711,0.065,
20240405,Run 2,G1,29,January_2024,0.55,1.868,0.066,
20240405,Run 2,H1,20,January_2024,0.373,1.15,0.069,
20240405,Run 2,A2,219,January_2024,0.219,0.55,0.08,
20240405,Run 2,B2,219,January_2024,0.207,0.537,0.069,
20240405,Run 2,C2,219,January_2024,0.207,0.544,0.069,
20240405,Run 2,D2,220,January_2024,0.218,0.586,0.065,
20240405,Run 2,E2,220,January_2024,0.213,0.568,0.063,
20240405,Run 2,F2,220,January_2024,0.216,0.576,0.064,
20240405,Run 2,G2,29,January_2024,0.537,1.816,0.066,
20240405,Run 2,H2,20,January_2024,0.37,1.156,0.066,
20240405,Run 2,A3,203,January_2024,0.29,0.786,0.077,
20240405,Run 2,B3,203,January_2024,0.282,0.782,0.07,
20240405,Run 2,C3,203,January_2024,0.276,0.78,0.065,
20240405,Run 2,D3,28,September_2023,0.276,0.89,0.067,
20240405,Run 2,E3,28,September_2023,0.286,0.93,0.069,
20240405,Run 2,F3,28,September_2023,0.285,0.941,0.064,
20240405,Run 2,G3,29,January_2024,0.556,1.886,0.065,
20240405,Run 2,H3,20,January_2024,0.374,1.168,0.067,
20240405,Run 2,A4,1,September_2023,0.171,0.389,0.078,
20240405,Run 2,B4,1,September_2023,0.161,0.377,0.068,
20240405,Run 2,C4,1,September_2023,0.158,0.379,0.066,
20240405,Run 2,D4,238,September_2023,0.276,0.944,0.068,
20240405,Run 2,E4,238,September_2023,0.281,0.974,0.065,
20240405,Run 2,F4,238,September_2023,0.283,0.981,0.065,
20240405,Run 2,G4,43,September_2023,0.291,1.009,0.063,
20240405,Run 2,H4,42,September_2023,0.173,0.55,0.065,
20240405,Run 2,A5,211,January_2024,0.268,0.682,0.078,
20240405,Run 2,B5,211,January_2024,0.247,0.637,0.068,
20240405,Run 2,C5,211,January_2024,0.252,0.659,0.067,
20240405,Run 2,D5,2,September_2023,0.179,0.449,0.065,
20240405,Run 2,E5,2,September_2023,0.177,0.44,0.065,
20240405,Run 2,F5,2,September_2023,0.181,0.454,0.065,
20240405,Run 2,G5,43,September_2023,0.301,1.05,0.065,
20240405,Run 2,H5,42,September_2023,0.178,0.569,0.065,
20240405,Run 2,A6,4,January_2024,0.201,0.496,0.076,
20240405,Run 2,B6,4,January_2024,0.194,0.496,0.069,
20240405,Run 2,C6,4,January_2024,0.181,0.471,0.065,
20240405,Run 2,D6,4,September_2023,0.12,0.23,0.066,
20240405,Run 2,E6,4,September_2023,0.12,0.234,0.064,
20240405,Run 2,F6,4,September_2023,0.12,0.238,0.063,
20240405,Run 2,G6,43,September_2023,0.3,1.04,0.065,
20240405,Run 2,H6,42,September_2023,0.176,0.565,0.064,
20240405,Run 2,A7,244,January_2024,0.442,1.581,0.074,
20240405,Run 2,B7,244,January_2024,0.467,1.703,0.069,
20240405,Run 2,C7,244,January_2024,0.463,1.69,0.068,
20240405,Run 2,D7,243,September_2023,0.235,0.763,0.066,
20240405,Run 2,E7,243,September_2023,0.232,0.752,0.065,
20240405,Run 2,F7,243,September_2023,0.228,0.735,0.065,
20240405,Run 2,G7,26,September_2023,0.192,0.618,0.065,
20240405,Run 2,H7,206,September_2023,0.143,0.33,0.065,
20240405,Run 2,A8,209,September_2023,0.191,0.495,0.075,
20240405,Run 2,B8,209,September_2023,0.188,0.511,0.07,
20240405,Run 2,C8,209,September_2023,0.177,0.484,0.066,
20240405,Run 2,D8,212,September_2023,0.115,0.231,0.064,
20240405,Run 2,E8,212,September_2023,0.119,0.237,0.066,
20240405,Run 2,F8,212,September_2023,0.117,0.234,0.065,
20240405,Run 2,G8,26,September_2023,0.193,0.63,0.063,
20240405,Run 2,H8,206,September_2023,0.139,0.33,0.064,
20240405,Run 2,A9,45,September_2023,0.228,0.697,0.073,
20240405,Run 2,B9,45,September_2023,0.24,0.777,0.069,
20240405,Run 2,C9,45,September_2023,0.231,0.746,0.066,
20240405,Run 2,D9,214,September_2023,0.118,0.247,0.063,
20240405,Run 2,E9,214,September_2023,0.117,0.254,0.062,
20240405,Run 2,F9,214,September_2023,0.122,0.259,0.066,
20240405,Run 2,G9,26,September_2023,0.195,0.638,0.064,
20240405,Run 2,H9,206,September_2023,0.144,0.331,0.067,
20240405,Run 2,A10,221,September_2023,0.155,0.363,0.072,
20240405,Run 2,B10,221,September_2023,0.157,0.385,0.071,
20240405,Run 2,C10,221,September_2023,0.151,0.368,0.067,
20240405,Run 2,D10,220,September_2023,0.127,0.296,0.065,
20240405,Run 2,E10,220,September_2023,0.138,0.313,0.071,
20240405,Run 2,F10,220,September_2023,0.128,0.298,0.066,
20240405,Run 2,G10,202,September_2023,0.16,0.398,0.066,
20240405,Run 2,H10,240,January_2024,0.388,1.366,0.065,
20240405,Run 2,A11,41,January_2024,0.361,1.191,0.077,
20240405,Run 2,B11,41,January_2024,0.361,1.209,0.073,
20240405,Run 2,C11,41,January_2024,0.346,1.182,0.064,
20240405,Run 2,D11,244,September_2023,0.248,0.871,0.065,
20240405,Run 2,E11,244,September_2023,0.247,0.86,0.066,
20240405,Run 2,F11,244,September_2023,0.25,0.881,0.066,
20240405,Run 2,G11,202,September_2023,0.168,0.419,0.065,
20240405,Run 2,H11,240,January_2024,0.366,1.275,0.064,
20240405,Run 2,A12,212,January_2024,0.2,0.525,0.078,
20240405,Run 2,B12,212,January_2024,0.189,0.506,0.071,
20240405,Run 2,C12,212,January_2024,0.185,0.51,0.067,
20240405,Run 2,D12,242,September_2023,0.182,0.537,0.066,
20240405,Run 2,E12,242,September_2023,0.178,0.527,0.065,
20240405,Run 2,F12,242,September_2023,0.183,0.544,0.067,
20240405,Run 2,G12,202,September_2023,0.165,0.416,0.066,
20240405,Run 2,H12,240,January_2024,0.378,1.312,0.067,
20240405,Run 3,A1,44,September_2023,0.195,0.537,0.077,
20240405,Run 3,B1,44,September_2023,0.19,0.541,0.071,
20240405,Run 3,C1,44,September_2023,0.187,0.548,0.069,
20240405,Run 3,D1,204,January_2024,0.218,0.594,0.069,
20240405,Run 3,E1,204,January_2024,0.223,0.624,0.066,
20240405,Run 3,F1,204,January_2024,0.224,0.626,0.065,
20240405,Run 3,G1,236,September_2023,0.211,0.63,0.065,
20240405,Run 3,H1,226,September_2023,0.312,0.994,0.068,
20240405,Run 3,A2,234,September_2023,0.341,1.101,0.079,
20240405,Run 3,B2,234,September_2023,0.332,1.095,0.07,
20240405,Run 3,C2,234,September_2023,0.328,1.094,0.068,
20240405,Run 3,D2,241,September_2023,0.171,0.486,0.064,
20240405,Run 3,E2,241,September_2023,0.175,0.504,0.063,
20240405,Run 3,F2,241,September_2023,0.176,0.505,0.064,
20240405,Run 3,G2,236,September_2023,0.214,0.631,0.065,
20240405,Run 3,H2,226,September_2023,0.311,1.005,0.064,
20240405,Run 3,A3,238,January_2024,0.42,1.286,0.077,
20240405,Run 3,B3,238,January_2024,0.419,1.298,0.072,
20240405,Run 3,C3,238,January_2024,0.411,1.297,0.065,
20240405,Run 3,D3,12,January_2024,0.266,0.814,0.068,
20240405,Run 3,E3,12,January_2024,0.27,0.839,0.066,
20240405,Run 3,F3,12,January_2024,0.266,0.822,0.066,
20240405,Run 3,G3,236,September_2023,0.21,0.628,0.064,
20240405,Run 3,H3,226,September_2023,0.313,1.008,0.067,
20240405,Run 3,A4,225,January_2024,0.473,1.638,0.078,
20240405,Run 3,B4,225,January_2024,0.475,1.667,0.07,
20240405,Run 3,C4,225,January_2024,0.468,1.655,0.066,
20240405,Run 3,D4,233,January_2024,0.485,1.62,0.068,
20240405,Run 3,E4,233,January_2024,0.494,1.667,0.065,
20240405,Run 3,F4,233,January_2024,0.494,1.666,0.065,
20240405,Run 3,G4,214,January_2024,0.141,0.332,0.063,
20240405,Run 3,H4,213,January_2024,0.273,0.799,0.067,
20240405,Run 3,A5,248,September_2023,0.233,0.841,0.077,
20240405,Run 3,B5,248,September_2023,0.231,0.881,0.067,
20240405,Run 3,C5,248,September_2023,0.229,0.868,0.067,
20240405,Run 3,D5,210,September_2023,0.201,0.57,0.066,
20240405,Run 3,E5,210,September_2023,0.206,0.588,0.066,
20240405,Run 3,F5,210,September_2023,0.207,0.593,0.066,
20240405,Run 3,G5,214,January_2024,0.144,0.338,0.065,
20240405,Run 3,H5,213,January_2024,0.285,0.833,0.068,
20240405,Run 3,A6,225,September_2023,0.203,0.578,0.077,
20240405,Run 3,B6,225,September_2023,0.196,0.58,0.069,
20240405,Run 3,C6,225,September_2023,0.188,0.57,0.064,
20240405,Run 3,D6,201,September_2023,0.156,0.379,0.066,
20240405,Run 3,E6,201,September_2023,0.148,0.352,0.065,
20240405,Run 3,F6,201,September_2023,0.147,0.353,0.063,
20240405,Run 3,G6,214,January_2024,0.147,0.35,0.065,
20240405,Run 3,H6,213,January_2024,0.285,0.845,0.065,
20240405,Run 3,A7,19,September_2023,0.166,0.348,0.074,
20240405,Run 3,B7,19,September_2023,0.158,0.345,0.068,
20240405,Run 3,C7,19,September_2023,0.161,0.347,0.07,
20240405,Run 3,D7,234,January_2024,0.504,1.696,0.066,
20240405,Run 3,E7,234,January_2024,0.503,1.698,0.065,
20240405,Run 3,F7,234,January_2024,0.512,1.731,0.065,
20240405,Run 3,G7,221,January_2024,0.277,0.816,0.065,
20240405,Run 3,H7,43,January_2024,0.42,1.405,0.065,
20240405,Run 3,A8,206,January_2024,0.303,0.878,0.076,
20240405,Run 3,B8,206,January_2024,0.299,0.887,0.071,
20240405,Run 3,C8,206,January_2024,0.293,0.883,0.066,
20240405,Run 3,D8,236,January_2024,0.442,1.512,0.065,
20240405,Run 3,E8,236,January_2024,0.45,1.543,0.066,
20240405,Run 3,F8,236,January_2024,0.455,1.562,0.066,
20240405,Run 3,G8,221,January_2024,0.285,0.848,0.064,
20240405,Run 3,H8,43,January_2024,0.43,1.443,0.066,
20240405,Run 3,A9,248,January_2024,0.574,2.003,0.074,
20240405,Run 3,B9,248,January_2024,0.571,2.013,0.071,
20240405,Run 3,C9,248,January_2024,0.569,2.015,0.067,
20240405,Run 3,D9,235,January_2024,0.515,1.941,0.064,
20240405,Run 3,E9,235,January_2024,0.529,1.999,0.062,
20240405,Run 3,F9,235,January_2024,0.524,1.969,0.064,
20240405,Run 3,G9,221,January_2024,0.284,0.85,0.064,
20240405,Run 3,H9,43,January_2024,0.426,1.417,0.067,
20240405,Run 3,A10,237,January_2024,0.571,2.119,0.073,
20240405,Run 3,B10,237,January_2024,0.58,2.156,0.072,
20240405,Run 3,C10,237,January_2024,0.565,2.112,0.067,
20240405,Run 3,D10,44,January_2024,0.393,1.36,0.065,
20240405,Run 3,E10,44,January_2024,0.416,1.438,0.068,
20240405,Run 3,F10,44,January_2024,0.406,1.404,0.066,
20240405,Run 3,G10,Blank,January_2024,0.083,0.079,0.068,
20240405,Run 3,H10,Blank,January_2024,0.083,0.077,0.067,
20240405,Run 3,A11,205,January_2024,0.253,0.665,0.076,
20240405,Run 3,B11,205,January_2024,0.249,0.666,0.073,
20240405,Run 3,C11,205,January_2024,0.239,0.656,0.065,
20240405,Run 3,D11,1,January_2024,0.389,1.171,0.066,
20240405,Run 3,E11,1,January_2024,0.392,1.179,0.066,
20240405,Run 3,F11,1,January_2024,0.392,1.182,0.067,
20240405,Run 3,G11,Blank,January_2024,0.085,0.08,0.067,
20240405,Run 3,H11,Blank,January_2024,0.083,0.078,0.067,
20240405,Run 3,A12,20,September_2023,0.235,0.603,0.079,
20240405,Run 3,B12,20,September_2023,0.227,0.602,0.072,
20240405,Run 3,C12,20,September_2023,0.223,0.6,0.068,
20240405,Run 3,D12,46,January_2024,0.475,1.647,0.066,
20240405,Run 3,E12,46,January_2024,0.486,1.693,0.065,
20240405,Run 3,F12,46,January_2024,0.486,1.682,0.069,
20240405,Run 3,G12,Blank,January_2024,0.105,0.106,0.085,
20240405,Run 3,H12,Blank,January_2024,0.087,0.083,0.069,
20260618,Run 1,A1,2,May_2024,0.187,0.494,0.081,
20260618,Run 1,B1,206,May_2024,0.184,0.599,0.067,
20260618,Run 1,C1,213,May_2024,0.142,0.382,0.059,
20260618,Run 1,D1,247,May_2024,0.205,0.67,0.06,
20260618,Run 1,E1,220,May_2024,0.133,0.335,0.063,
20260618,Run 1,F1,241,May_2024,0.238,0.774,0.062,
20260618,Run 1,G1,27,May_2024,0.193,0.582,0.065,
20260618,Run 1,H1,221,May_2024,0.18,0.554,0.062,
20260618,Run 1,A2,2,May_2024,0.188,0.514,0.078,
20260618,Run 1,B2,206,May_2024,0.194,0.632,0.072,
20260618,Run 1,C2,213,May_2024,0.144,0.388,0.06,
20260618,Run 1,D2,247,May_2024,0.201,0.681,0.055,
20260618,Run 1,E2,220,May_2024,0.124,0.336,0.056,
20260618,Run 1,F2,241,May_2024,0.229,0.786,0.054,
20260618,Run 1,G2,27,May_2024,0.208,0.62,0.071,
20260618,Run 1,H2,221,May_2024,0.172,0.549,0.059,
20260618,Run 1,A3,2,May_2024,0.183,0.514,0.074,
20260618,Run 1,B3,206,May_2024,0.193,0.636,0.071,
20260618,Run 1,C3,213,May_2024,0.133,0.38,0.052,
20260618,Run 1,D3,247,May_2024,0.213,0.687,0.065,
20260618,Run 1,E3,220,May_2024,0.137,0.351,0.065,
20260618,Run 1,F3,241,May_2024,0.251,0.809,0.07,
20260618,Run 1,G3,27,May_2024,0.205,0.627,0.067,
20260618,Run 1,H3,221,May_2024,0.177,0.558,0.059,
20260618,Run 1,A4,210,May_2024,0.229,0.649,0.07,
20260618,Run 1,B4,209,May_2024,0.154,0.411,0.078,
20260618,Run 1,C4,205,May_2024,0.161,0.471,0.053,
20260618,Run 1,D4,4,May_2024,0.147,0.421,0.057,
20260618,Run 1,E4,3,May_2024,0.107,0.251,0.054,
20260618,Run 1,F4,235,May_2024,0.227,0.821,0.055,
20260618,Run 1,G4,238,May_2024,0.213,0.743,0.063,
20260618,Run 1,H4,225,May_2024,0.209,0.644,0.065,
20260618,Run 1,A5,210,May_2024,0.233,0.661,0.071,
20260618,Run 1,B5,209,May_2024,0.155,0.444,0.072,
20260618,Run 1,C5,205,May_2024,0.178,0.515,0.06,
20260618,Run 1,D5,4,May_2024,0.138,0.409,0.052,
20260618,Run 1,E5,3,May_2024,0.119,0.262,0.062,
20260618,Run 1,F5,235,May_2024,0.249,0.871,0.065,
20260618,Run 1,G5,238,May_2024,0.224,0.778,0.067,
20260618,Run 1,H5,225,May_2024,0.207,0.666,0.061,
20260618,Run 1,A6,210,May_2024,0.236,0.668,0.072,
20260618,Run 1,B6,209,May_2024,0.159,0.448,0.075,
20260618,Run 1,C6,205,May_2024,0.171,0.513,0.054,
20260618,Run 1,D6,4,May_2024,0.142,0.41,0.054,
20260618,Run 1,E6,3,May_2024,0.114,0.259,0.06,
20260618,Run 1,F6,235,May_2024,0.233,0.863,0.055,
20260618,Run 1,G6,238,May_2024,0.223,0.775,0.065,
20260618,Run 1,H6,225,May_2024,0.223,0.681,0.07,
20260618,Run 1,A7,202,May_2024,0.202,0.57,0.07,
20260618,Run 1,B7,214,May_2024,0.185,0.582,0.07,
20260618,Run 1,C7,19,May_2024,0.189,0.662,0.059,
20260618,Run 1,D7,211,May_2024,0.259,0.854,0.06,
20260618,Run 1,E7,1,May_2024,0.215,0.702,0.054,
20260618,Run 1,F7,204,May_2024,0.153,0.465,0.055,
20260618,Run 1,G7,12,May_2024,0.13,0.331,0.062,
20260618,Run 1,H7,29,May_2024,0.228,0.714,0.064,
20260618,Run 1,A8,202,May_2024,0.208,0.579,0.071,
20260618,Run 1,B8,214,May_2024,0.183,0.59,0.063,
20260618,Run 1,C8,19,May_2024,0.182,0.65,0.054,
20260618,Run 1,D8,211,May_2024,0.253,0.857,0.053,
20260618,Run 1,E8,1,May_2024,0.24,0.748,0.066,
20260618,Run 1,F8,204,May_2024,0.17,0.496,0.065,
20260618,Run 1,G8,12,May_2024,0.136,0.344,0.064,
20260618,Run 1,H8,29,May_2024,0.223,0.716,0.062,
20260618,Run 1,A9,202,May_2024,0.207,0.587,0.069,
20260618,Run 1,B9,214,May_2024,0.182,0.584,0.064,
20260618,Run 1,C9,19,May_2024,0.191,0.659,0.061,
20260618,Run 1,D9,211,May_2024,0.247,0.836,0.053,
20260618,Run 1,E9,1,May_2024,0.22,0.721,0.053,
20260618,Run 1,F9,204,May_2024,0.16,0.491,0.058,
20260618,Run 1,G9,12,May_2024,0.128,0.337,0.059,
20260618,Run 1,H9,29,May_2024,0.233,0.73,0.066,
20260618,Run 1,A10,239,May_2024,0.173,0.525,0.071,
20260618,Run 1,B10,28,May_2024,0.268,0.919,0.063,
20260618,Run 1,C10,43,May_2024,0.291,0.972,0.063,
20260618,Run 1,D10,44,May_2024,0.127,0.337,0.058,
20260618,Run 1,E10,203,May_2024,0.274,0.831,0.066,
20260618,Run 1,F10,242,May_2024,0.207,0.674,0.065,
20260618,Run 1,G10,236,May_2024,0.187,0.564,0.067,
20260618,Run 1,H10,Blank,May_2024,0.064,0.06,0.055,
20260618,Run 1,A11,239,May_2024,0.185,0.55,0.074,
20260618,Run 1,B11,28,May_2024,0.264,0.92,0.059,
20260618,Run 1,C11,43,May_2024,0.278,0.969,0.055,
20260618,Run 1,D11,44,May_2024,0.126,0.346,0.056,
20260618,Run 1,E11,203,May_2024,0.275,0.875,0.06,
20260618,Run 1,F11,242,May_2024,0.189,0.662,0.052,
20260618,Run 1,G11,236,May_2024,0.172,0.568,0.054,
20260618,Run 1,H11,Blank,May_2024,0.06,0.057,0.052,
20260618,Run 1,A12,239,May_2024,0.185,0.537,0.077,
20260618,Run 1,B12,28,May_2024,0.264,0.9,0.063,
20260618,Run 1,C12,43,May_2024,0.285,0.972,0.056,
20260618,Run 1,D12,44,May_2024,0.134,0.354,0.059,
20260618,Run 1,E12,203,May_2024,0.27,0.876,0.053,
20260618,Run 1,F12,242,May_2024,0.211,0.688,0.064,
20260618,Run 1,G12,236,May_2024,0.185,0.566,0.063,
20260618,Run 1,H12,Blank,May_2024,0.078,0.071,0.065,
20260702,Run 1,A1,219,May_2024,0.17,0.433,0.077,
20260702,Run 1,B1,41,May_2024,0.173,0.489,0.074,
20260702,Run 1,C1,42,May_2024,0.203,0.621,0.071,
20260702,Run 1,D1,201,May_2024,0.216,0.632,0.073,
20260702,Run 1,E1,221,October_2024,0.356,1.072,0.072,
20260702,Run 1,F1,247,October_2024,0.291,1.01,0.069,
20260702,Run 1,G1,41,October_2024,0.237,0.756,0.071,
20260702,Run 1,H1,205,October_2024,0.247,0.75,0.064,
20260702,Run 1,A2,219,May_2024,0.17,0.45,0.074,
20260702,Run 1,B2,41,May_2024,0.178,0.518,0.071,
20260702,Run 1,C2,42,May_2024,0.206,0.667,0.066,
20260702,Run 1,D2,201,May_2024,0.226,0.677,0.068,
20260702,Run 1,E2,221,October_2024,0.356,1.075,0.069,
20260702,Run 1,F2,247,October_2024,0.298,1.053,0.068,
20260702,Run 1,G2,41,October_2024,0.245,0.803,0.066,
20260702,Run 1,H2,205,October_2024,0.25,0.772,0.061,
20260702,Run 1,A3,219,May_2024,0.168,0.451,0.072,
20260702,Run 1,B3,41,May_2024,0.177,0.516,0.07,
20260702,Run 1,C3,42,May_2024,0.208,0.673,0.067,
20260702,Run 1,D3,201,May_2024,0.228,0.674,0.073,
20260702,Run 1,E3,221,October_2024,0.37,1.124,0.073,
20260702,Run 1,F3,247,October_2024,0.301,1.07,0.068,
20260702,Run 1,G3,41,October_2024,0.247,0.797,0.067,
20260702,Run 1,H3,205,October_2024,0.249,0.766,0.067,
20260702,Run 1,A4,240,May_2024,0.186,0.581,0.073,
20260702,Run 1,B4,243,May_2024,0.22,0.731,0.067,
20260702,Run 1,C4,233,May_2024,0.231,0.735,0.067,
20260702,Run 1,D4,243,October_2024,0.303,1.069,0.07,
20260702,Run 1,E4,225,October_2024,0.281,0.95,0.071,
20260702,Run 1,F4,3,October_2024,0.114,0.209,0.072,
20260702,Run 1,G4,4,October_2024,0.167,0.457,0.071,
20260702,Run 1,H4,242,October_2024,0.241,0.895,0.072,
20260702,Run 1,A5,240,May_2024,0.196,0.628,0.074,
20260702,Run 1,B5,243,May_2024,0.232,0.783,0.069,
20260702,Run 1,C5,233,May_2024,0.246,0.796,0.067,
20260702,Run 1,D5,243,October_2024,0.315,1.14,0.068,
20260702,Run 1,E5,225,October_2024,0.292,1.011,0.068,
20260702,Run 1,F5,3,October_2024,0.116,0.22,0.07,
20260702,Run 1,G5,4,October_2024,0.166,0.476,0.065,
20260702,Run 1,H5,242,October_2024,0.247,0.945,0.07,
20260702,Run 1,A6,240,May_2024,0.195,0.627,0.075,
20260702,Run 1,B6,243,May_2024,0.237,0.793,0.07,
20260702,Run 1,C6,233,May_2024,0.244,0.79,0.068,
20260702,Run 1,D6,243,October_2024,0.317,1.143,0.07,
20260702,Run 1,E6,225,October_2024,0.294,1.017,0.068,
20260702,Run 1,F6,3,October_2024,0.112,0.216,0.066,
20260702,Run 1,G6,4,October_2024,0.169,0.48,0.068,
20260702,Run 1,H6,242,October_2024,0.251,0.939,0.071,
20260702,Run 1,A7,20,May_2024,0.208,0.536,0.071,
20260702,Run 1,B7,244,May_2024,0.141,0.338,0.07,
20260702,Run 1,C7,248,May_2024,0.181,0.549,0.068,
20260702,Run 1,D7,235,October_2024,0.285,1.009,0.07,
20260702,Run 1,E7,44,October_2024,0.218,0.686,0.069,
20260702,Run 1,F7,239,October_2024,0.398,1.489,0.068,
20260702,Run 1,G7,29,October_2024,0.209,0.712,0.067,
20260702,Run 1,H7,234,October_2024,0.249,0.819,0.074,
20260702,Run 1,A8,20,May_2024,0.216,0.561,0.074,
20260702,Run 1,B8,244,May_2024,0.146,0.354,0.073,
20260702,Run 1,C8,248,May_2024,0.184,0.569,0.068,
20260702,Run 1,D8,235,October_2024,0.294,1.053,0.067,
20260702,Run 1,E8,44,October_2024,0.228,0.729,0.069,
20260702,Run 1,F8,239,October_2024,0.419,1.561,0.069,
20260702,Run 1,G8,29,October_2024,0.215,0.747,0.066,
20260702,Run 1,H8,234,October_2024,0.25,0.85,0.066,
20260702,Run 1,A9,20,May_2024,0.214,0.551,0.076,
20260702,Run 1,B9,244,May_2024,0.144,0.353,0.068,
20260702,Run 1,C9,248,May_2024,0.184,0.563,0.068,
20260702,Run 1,D9,235,October_2024,0.304,1.06,0.077,
20260702,Run 1,E9,44,October_2024,0.228,0.729,0.071,
20260702,Run 1,F9,239,October_2024,0.418,1.572,0.072,
20260702,Run 1,G9,29,October_2024,0.22,0.759,0.069,
20260702,Run 1,H9,234,October_2024,0.259,0.862,0.073,
20260702,Run 1,A10,234,May_2024,0.177,0.523,0.068,
20260702,Run 1,B10,26,May_2024,0.211,0.716,0.069,
20260702,Run 1,C10,237,May_2024,0.246,0.839,0.069,
20260702,Run 1,D10,202,October_2024,0.163,0.435,0.066,
20260702,Run 1,E10,219,October_2024,0.218,0.634,0.069,
20260702,Run 1,F10,248,October_2024,0.366,1.353,0.067,
20260702,Run 1,G10,43,October_2024,0.19,0.558,0.067,
20260702,Run 1,H10,Blank,October_2024,0.075,0.07,0.063,
20260702,Run 1,A11,234,May_2024,0.186,0.563,0.07,
20260702,Run 1,B11,26,May_2024,0.216,0.75,0.067,
20260702,Run 1,C11,237,May_2024,0.254,0.884,0.069,
20260702,Run 1,D11,202,October_2024,0.169,0.455,0.068,
20260702,Run 1,E11,219,October_2024,0.224,0.662,0.07,
20260702,Run 1,F11,248,October_2024,0.382,1.449,0.067,
20260702,Run 1,G11,43,October_2024,0.202,0.624,0.069,
20260702,Run 1,H11,Blank,May_2024,0.074,0.07,0.061,
20260702,Run 1,A12,234,May_2024,0.186,0.551,0.07,
20260702,Run 1,B12,26,May_2024,0.217,0.753,0.067,
20260702,Run 1,C12,237,May_2024,0.256,0.882,0.069,
20260702,Run 1,D12,202,October_2024,0.168,0.45,0.068,
20260702,Run 1,E12,219,October_2024,0.222,0.655,0.069,
20260702,Run 1,F12,248,October_2024,0.385,1.442,0.071,
20260702,Run 1,G12,43,October_2024,0.201,0.613,0.068,
20260702,Run 1,H12,Blank,October_2024,0.079,0.071,0.067,
20260708,Run 1,A1,214,October_2024,0.218,0.675,0.077,
20260708,Run 1,B1,213,October_2024,0.173,0.506,0.073,
20260708,Run 1,C1,19,October_2024,0.162,0.476,0.069,
20260708,Run 1,D1,240,October_2024,0.395,1.476,0.073,
20260708,Run 1,E1,226,October_2024,0.264,0.909,0.072,
20260708,Run 1,F1,2,October_2024,0.243,0.841,0.07,
20260708,Run 1,G1,201,October_2024,0.155,0.389,0.071,
20260708,Run 1,H1,221,January_2024,0.15,0.377,0.071,
20260708,Run 1,A2,214,October_2024,0.219,0.708,0.073,
20260708,Run 1,B2,213,October_2024,0.175,0.523,0.071,
20260708,Run 1,C2,19,October_2024,0.163,0.495,0.066,
20260708,Run 1,D2,240,October_2024,0.419,1.573,0.069,
20260708,Run 1,E2,226,October_2024,0.275,0.972,0.068,
20260708,Run 1,F2,2,October_2024,0.25,0.887,0.067,
20260708,Run 1,G2,201,October_2024,0.155,0.402,0.066,
20260708,Run 1,H2,221,January_2024,0.143,0.383,0.061,
20260708,Run 1,A3,214,October_2024,0.217,0.703,0.071,
20260708,Run 1,B3,213,October_2024,0.172,0.509,0.07,
20260708,Run 1,C3,19,October_2024,0.163,0.495,0.066,
20260708,Run 1,D3,240,October_2024,0.415,1.556,0.072,
20260708,Run 1,E3,226,October_2024,0.278,0.977,0.071,
20260708,Run 1,F3,2,October_2024,0.25,0.89,0.068,
20260708,Run 1,G3,201,October_2024,0.158,0.403,0.066,
20260708,Run 1,H3,221,January_2024,0.142,0.384,0.066,
20260708,Run 1,A4,211,October_2024,0.274,0.832,0.073,
20260708,Run 1,B4,244,October_2024,0.271,0.981,0.068,
20260708,Run 1,C4,237,October_2024,0.335,1.169,0.068,
20260708,Run 1,D4,220,October_2024,0.197,0.648,0.069,
20260708,Run 1,E4,210,October_2024,0.17,0.441,0.07,
20260708,Run 1,F4,26,October_2024,0.228,0.84,0.072,
20260708,Run 1,G4,27,October_2024,0.279,0.979,0.071,
20260708,Run 1,H4,235,January_2024,0.277,0.974,0.07,
20260708,Run 1,A5,211,October_2024,0.285,0.871,0.074,
20260708,Run 1,B5,244,October_2024,0.281,1.022,0.068,
20260708,Run 1,C5,237,October_2024,0.348,1.221,0.067,
20260708,Run 1,D5,220,October_2024,0.198,0.663,0.067,
20260708,Run 1,E5,210,October_2024,0.169,0.448,0.067,
20260708,Run 1,F5,26,October_2024,0.235,0.883,0.07,
20260708,Run 1,G5,27,October_2024,0.287,1.028,0.067,
20260708,Run 1,H5,235,January_2024,0.283,1.028,0.068,
20260708,Run 1,A6,211,October_2024,0.282,0.869,0.073,
20260708,Run 1,B6,244,October_2024,0.284,1.03,0.07,
20260708,Run 1,C6,237,October_2024,0.338,1.18,0.069,
20260708,Run 1,D6,220,October_2024,0.199,0.662,0.069,
20260708,Run 1,E6,210,October_2024,0.17,0.453,0.067,
20260708,Run 1,F6,26,October_2024,0.221,0.826,0.066,
20260708,Run 1,G6,27,October_2024,0.287,1.02,0.069,
20260708,Run 1,H6,235,January_2024,0.29,1.034,0.069,
20260708,Run 1,A7,233,October_2024,0.203,0.611,0.069,
20260708,Run 1,B7,12,October_2024,0.201,0.598,0.069,
20260708,Run 1,C7,28,October_2024,0.217,0.739,0.068,
20260708,Run 1,D7,20,October_2024,0.197,0.619,0.067,
20260708,Run 1,E7,42,October_2024,0.323,1.275,0.068,
20260708,Run 1,F7,1,October_2024,0.14,0.364,0.065,
20260708,Run 1,G7,241,October_2024,0.201,0.672,0.066,
20260708,Run 1,H7,205,January_2024,0.161,0.445,0.071,
20260708,Run 1,A8,233,October_2024,0.212,0.635,0.073,
20260708,Run 1,B8,12,October_2024,0.208,0.62,0.072,
20260708,Run 1,C8,28,October_2024,0.221,0.761,0.068,
20260708,Run 1,D8,20,October_2024,0.218,0.662,0.078,
20260708,Run 1,E8,42,October_2024,0.343,1.359,0.069,
20260708,Run 1,F8,1,October_2024,0.147,0.383,0.067,
20260708,Run 1,G8,241,October_2024,0.206,0.708,0.066,
20260708,Run 1,H8,205,January_2025,0.165,0.459,0.07,January 2024 and 2025?
20260708,Run 1,A9,233,October_2024,0.21,0.622,0.076,
20260708,Run 1,B9,12,October_2024,0.208,0.631,0.067,
20260708,Run 1,C9,28,October_2024,0.222,0.762,0.068,
20260708,Run 1,D9,20,October_2024,0.202,0.638,0.068,
20260708,Run 1,E9,42,October_2024,0.343,1.369,0.07,
20260708,Run 1,F9,1,October_2024,0.146,0.383,0.07,
20260708,Run 1,G9,241,October_2024,0.21,0.713,0.07,
20260708,Run 1,H9,205,January_2025,0.167,0.457,0.073,January 2024 and 2025?
20260708,Run 1,A10,203,October_2024,0.156,0.419,0.067,
20260708,Run 1,B10,236,October_2024,0.243,0.892,0.068,
20260708,Run 1,C10,238,October_2024,0.246,0.886,0.068,
20260708,Run 1,D10,204,October_2024,0.221,0.745,0.066,
20260708,Run 1,E10,209,October_2024,0.205,0.611,0.068,
20260708,Run 1,F10,206,October_2024,0.345,1.073,0.069,
20260708,Run 1,G10,4,January_2025,0.161,0.457,0.067,January 2024 and 2025?
20260708,Run 1,H10,Blank,January_2025,0.075,0.07,0.063,January 2024 and 2025?
20260708,Run 1,A11,203,October_2024,0.162,0.435,0.07,
20260708,Run 1,B11,236,October_2024,0.244,0.91,0.065,
20260708,Run 1,C11,238,October_2024,0.251,0.923,0.067,
20260708,Run 1,D11,204,October_2024,0.231,0.776,0.068,
20260708,Run 1,E11,209,October_2024,0.21,0.633,0.071,
20260708,Run 1,F11,206,October_2024,0.345,1.083,0.067,
20260708,Run 1,G11,4,January_2025,0.162,0.472,0.069,January 2024 and 2025?
20260708,Run 1,H11,Blank,January_2025,0.073,0.069,0.06,January 2024 and 2025?
20260708,Run 1,A12,203,October_2024,0.167,0.44,0.071,
20260708,Run 1,B12,236,October_2024,0.245,0.909,0.065,
20260708,Run 1,C12,238,October_2024,0.251,0.921,0.067,
20260708,Run 1,D12,204,October_2024,0.226,0.766,0.066,
20260708,Run 1,E12,209,October_2024,0.208,0.621,0.071,
20260708,Run 1,F12,206,October_2024,0.351,1.097,0.072,
20260708,Run 1,G12,4,January_2025,0.164,0.473,0.068,January 2024 and 2025?
20260708,Run 1,H12,Blank,January_2025,0.077,0.07,0.066,January 2024 and 2025?