"","Date","ColonyID","Timepoint","Phenotype","Species","mean_A630","mean_A663","mean_A750","blank_750","A630_corrected","A663_corrected","chla.ug.ml","chlc2.ug.ml","X","Without_wax_weight_g","With_wax_weight_g","delta.mass.g","surface.area.cm2","Notes","chla.ug.cm2","chlc2.ug.cm2"
"1",20230810,"1","April_2023","Susceptible","Montipora capitata",0.473333333333333,1.26033333333333,0.166333333333333,0.0641666666666667,0.409166666666667,1.19616666666667,22.3505305555556,11.2370666666667,1,5.063,5.827,0.764,22.9137036334046,"",9.75421996947363,4.90408135081436
"2",20230810,"11","April_2023","Susceptible","Montipora capitata",0.347,0.55,0.207,0.0641666666666667,0.282833333333333,0.485833333333333,8.95343611111111,9.83063333333333,5,1.445,1.666,0.221,6.62817866882516,"",13.5081393524024,14.8315756477274
"3",20230810,"12","April_2023","Resistant","Montipora capitata",0.379,0.625333333333333,0.296,0.0641666666666667,0.314833333333333,0.561166666666667,10.3544027777778,10.8196666666667,6,1.365,1.606,0.241,7.2280138424745,"",14.3253776257752,14.9690729742191
"4",20230810,"15","April_2023","Susceptible","Montipora capitata",0.46,1.001,0.281666666666667,0.0641666666666667,0.395833333333333,0.936833333333333,17.4244527777778,12.2040333333333,7,2.141,2.375,0.234,7.01807153169723,"",24.8279783115347,17.3894399312028
"5",20230810,"16","April_2023","Resistant","Montipora capitata",0.404,0.926666666666667,0.189,0.0641666666666667,0.339833333333333,0.8625,16.0681361111111,10.12535,8,3.246,3.672,0.426,12.7764891987309,"",12.576331307592,7.9249861542604
"6",20230810,"19","April_2023","Susceptible","Montipora capitata",0.424,1.03733333333333,0.228,0.0641666666666667,0.359833333333333,0.973166666666667,18.1550027777778,10.3588166666667,9,2.594,3.308,0.714,21.4141156992813,"",8.4780539307477,4.83737774285694
"7",20230810,"2","April_2023","Resistant","Montipora capitata",0.342,0.607333333333333,0.152333333333333,0.0641666666666667,0.277833333333333,0.543166666666667,10.0509694444444,9.25801666666667,2,3.095,3.401,0.306,9.17747815683483,"",10.9517770270683,10.0877566892075
"8",20230810,"20","April_2023","Resistant","Montipora capitata",0.397,0.907,0.261,0.0641666666666667,0.332833333333333,0.842833333333333,15.7009527777778,9.92828333333333,10,2.992,3.368,0.376,11.2769012646075,"",13.9231092029289,8.80408819796375
"9",20230810,"201","April_2023","Susceptible","Montipora capitata",0.200666666666667,0.358,0.128333333333333,0.0641666666666667,0.1365,0.293833333333333,5.451925,4.38528333333333,21,2.863,3.195,0.332,9.95726388257897,"",5.47532441069336,4.40410476717981
"10",20230810,"202","April_2023","Resistant","Montipora capitata",0.187666666666667,0.508666666666667,0.093,0.0641666666666667,0.1235,0.4445,8.33599166666667,2.8868,22,2.164,2.434,0.27,8.09777484426604,"",10.2941756556362,3.5649299412716
"11",20230810,"203","April_2023","Susceptible","Montipora capitata",0.271666666666667,0.711666666666667,0.127,0.0641666666666667,0.2075,0.6475,12.1135416666667,5.45125,23,2.641,3.017,0.376,11.2769012646075,"",10.7419062936065,4.83399638968971
"12",20230810,"204","April_2023","Resistant","Montipora capitata",0.191333333333333,0.498,0.100333333333333,0.0641666666666667,0.127166666666667,0.433833333333333,8.12888055555556,3.11688333333333,24,2,2.219,0.219,6.56819515146022,"",12.3761252035095,4.74541827923672
"13",20230810,"206","April_2023","Resistant","Montipora capitata",0.231666666666667,0.684,0.0926666666666667,0.0641666666666667,0.1675,0.619833333333333,11.6291583333333,3.81263333333333,25,2.73,3.111,0.381,11.4268600580199,"",10.1770375013663,3.3365537986592
"14",20230810,"207","April_2023","Susceptible","Montipora capitata",0.211666666666667,0.527333333333333,0.107333333333333,0.0641666666666667,0.1475,0.463166666666667,8.66599166666667,3.85746666666667,26,1.956,2.252,0.296,8.87756057001017,"",9.76168126178917,4.34518766303641
"15",20230810,"208","April_2023","Resistant","Montipora capitata",0.230333333333333,0.657,0.110333333333333,0.0641666666666667,0.166166666666667,0.592833333333333,11.1162305555556,3.91578333333333,27,1.915,2.285,0.37,11.0969507125127,"",10.0173740007885,3.5287021045502
"16",20230810,"209","April_2023","Susceptible","Montipora capitata",0.334,0.813,0.160666666666667,0.0641666666666667,0.269833333333333,0.748833333333333,13.9774527777778,7.65253333333333,28,2.212,2.546,0.334,10.0172473999439,"",13.9533868134834,7.63935742804574
"17",20230810,"210","April_2023","Resistant","Montipora capitata",0.349333333333333,0.748,0.199333333333333,0.0641666666666667,0.285166666666667,0.683833333333333,12.7228472222222,8.73808333333334,29,1.923,2.214,0.291,8.72760177659783,"",14.5777128103361,10.0120096642856
"18",20230810,"211","April_2023","Susceptible","Montipora capitata",0.427,0.784333333333333,0.275333333333333,0.0641666666666667,0.362833333333333,0.720166666666667,13.3321527777778,12.0249166666667,30,2.733,3.022,0.289,8.6676182592329,"",15.381564322559,13.8733805608681
"19",20230810,"212","April_2023","Resistant","Montipora capitata",0.312666666666667,0.597,0.201333333333333,0.0641666666666667,0.2485,0.532833333333333,9.88540833333333,7.99613333333333,31,1.693,2.007,0.314,9.41741222629457,"",10.496947670754,8.49079677218244
"20",20230810,"213","April_2023","Susceptible","Montipora capitata",0.552333333333333,1.20266666666667,0.308333333333333,0.0641666666666667,0.488166666666667,1.1385,21.1677138888889,15.1528,32,3.567,3.797,0.23,6.89810449696736,"",30.6862760606119,21.9666141715622
"21",20230810,"214","April_2023","Resistant","Montipora capitata",0.300333333333333,0.791333333333333,0.151,0.0641666666666667,0.236166666666667,0.727166666666667,13.6006138888889,6.26356666666667,33,2.651,2.879,0.228,6.83812097960244,"",19.889402263368,9.15977749640637
"22",20230810,"217","April_2023","Susceptible","Montipora capitata",0.305333333333333,0.698666666666667,0.176666666666667,0.0641666666666667,0.241166666666667,0.6345,11.8299805555556,7.04995,34,1.49,1.8,0.31,9.29744519156471,"",12.7239045907886,7.58267443877616
"23",20230810,"218","April_2023","Resistant","Montipora capitata",0.382666666666667,0.992333333333333,0.177,0.0641666666666667,0.3185,0.928166666666667,17.3418416666667,8.76486666666667,35,1.879,2.074,0.195,5.84839294308102,"",29.6523195952198,14.9867950939172
"24",20230810,"219","April_2023","Susceptible","Montipora capitata",0.326666666666667,0.759333333333333,0.175666666666667,0.0641666666666667,0.2625,0.695166666666667,12.962925,7.64611666666667,36,2.137,2.311,0.174,5.21856601074922,"",24.8400134697902,14.6517580709282
"25",20230810,"220","April_2023","Resistant","Montipora capitata",0.254,0.587666666666667,0.144,0.0641666666666667,0.189833333333333,0.5235,9.77018611111111,5.4038,37,2.866,3.079,0.213,6.38824459936543,"",15.2940075464262,8.45897478712193
"26",20230810,"221","April_2023","Susceptible","Montipora capitata",0.306666666666667,0.758333333333333,0.155666666666667,0.0641666666666667,0.2425,0.694166666666667,12.9652083333333,6.74916666666667,38,4.027,4.216,0.189,5.66844239098623,"",22.8726119788219,11.9065630399613
"27",20230810,"222","April_2023","Resistant","Montipora capitata",0.328666666666667,0.708333333333333,0.180333333333333,0.0641666666666667,0.2645,0.644166666666667,11.9892416666667,8.04496666666667,39,1.541,1.7,0.159,4.76868963051222,"",25.1415852060367,16.8703926864759
"28",20230810,"225","April_2023","Susceptible","Porites compressa",0.461,1.24,0.212666666666667,0.0641666666666667,0.396833333333333,1.17583333333333,21.9763361111111,10.8032333333333,40,6.069,6.308,0.239,7.16803032510956,"",30.6588213419357,15.0714113129372
"29",20230810,"226","April_2023","Resistant","Porites compressa",0.409666666666667,1.35366666666667,0.133666666666667,0.0641666666666667,0.3455,1.2895,24.1964416666667,7.79785,41,5.852,6.041,0.189,5.66844239098623,"",42.6862266522159,13.7566009533763
"30",20230810,"233","April_2023","Susceptible","Porites compressa",0.401,1.198,0.160666666666667,0.0641666666666667,0.336833333333333,1.13383333333333,21.2402361111111,8.34833333333334,42,6.432,6.774,0.342,10.2571814694036,"",20.7076731307418,8.13901300102351
"31",20230810,"234","April_2023","Resistant","Porites compressa",0.429333333333333,1.53266666666667,0.122333333333333,0.0641666666666667,0.365166666666667,1.4685,27.5854138888889,7.60285,43,9.201,9.483,0.282,8.45767594845564,"",32.6158321233931,8.98928978401954
"32",20230810,"235","April_2023","Susceptible","Porites compressa",0.497666666666667,1.625,0.185666666666667,0.0641666666666667,0.4335,1.56083333333333,29.271475,10.1294833333333,44,8.01,8.643,0.633000000000001,18.9847832460015,"",15.4183877796788,5.33558018655112
"33",20230810,"236","April_2023","Resistant","Porites compressa",0.314333333333333,0.913666666666667,0.129666666666667,0.0641666666666667,0.250166666666667,0.8495,15.9161305555556,6.15555,45,4.782,5.027,0.245,7.34798087720437,"",21.6605497776024,8.37719926448959
"34",20230810,"237","April_2023","Susceptible","Porites compressa",0.379666666666667,1.152,0.162333333333333,0.0641666666666667,0.3155,1.08783333333333,20.3866916666667,7.66343333333333,46,2.238,2.456,0.218,6.53820339277776,"",31.1808771339023,11.7210078563762
"35",20230810,"238","April_2023","Resistant","Porites compressa",0.337666666666667,1.031,0.122,0.0641666666666667,0.2735,0.966833333333333,18.1264416666667,6.49918333333334,47,2.137,2.353,0.216,6.47821987541283,"",27.9805903709181,10.0323599049178
"36",20230810,"240","April_2023","Resistant","Porites compressa",0.424,1.34233333333333,0.118,0.0641666666666667,0.359833333333333,1.27816666666667,23.9652527777778,8.51356666666667,48,5.502,5.968,0.466,13.9761595460295,"",17.1472375503799,6.0914921861244
"37",20230810,"241","April_2023","Susceptible","Porites compressa",0.386666666666667,1.05333333333333,0.168666666666667,0.0641666666666667,0.3225,0.989166666666667,18.499625,8.57641666666667,49,5.465,5.635,0.17,5.09859897601935,"",36.2837420377848,16.8211242088362
"38",20230810,"242","April_2023","Resistant","Porites compressa",0.287666666666667,0.776666666666667,0.126,0.0641666666666667,0.2235,0.7125,13.334725,5.7804,50,2.897,3.128,0.231,6.92809625564984,"",19.247314858141,8.34341756624138
"39",20230810,"243","April_2023","Susceptible","Porites compressa",0.257666666666667,0.651333333333333,0.126333333333333,0.0641666666666667,0.1935,0.587166666666667,10.979125,5.18416666666667,51,2.091,2.153,0.0619999999999998,1.85948903831294,"",59.0437737130251,27.8795225992303
"40",20230810,"248","April_2023","Resistant","Porites compressa",0.557,1.80766666666667,0.118666666666667,0.0641666666666667,0.492833333333333,1.7435,32.6879861111111,11.70325,52,6.285,6.732,0.447,13.4063161310627,"",24.382526707223,8.72965390759609
"41",20230810,"26","April_2023","Resistant","Porites compressa",0.505666666666667,1.13266666666667,0.291666666666667,0.0641666666666667,0.4415,1.0685,19.8839916666667,13.4693,11,4.209,4.498,0.289000000000001,8.66761825923292,"",22.940548455149,15.539793743976
"42",20230810,"27","April_2023","Susceptible","Porites compressa",0.561666666666667,1.44233333333333,0.247333333333333,0.0641666666666667,0.4975,1.37816666666667,25.7234083333333,14.1242166666667,12,3.963,4.394,0.431,12.9264479921432,"",19.8998273531663,10.9266030971938
"43",20230810,"28","April_2023","Resistant","Porites compressa",0.472333333333333,1.232,0.183666666666667,0.0641666666666667,0.408166666666667,1.16783333333333,21.8118472222222,11.3633333333333,13,4.039,4.418,0.379,11.3668765406549,"",19.1889541020435,9.99688286636272
"44",20230810,"29","April_2023","Susceptible","Porites compressa",0.652333333333333,1.84633333333333,0.274333333333333,0.0641666666666667,0.588166666666667,1.78216666666667,33.3228972222222,15.7736166666667,14,6.776,7.175,0.399,11.9667117143043,"",27.8463273936732,13.181245644793
"45",20230810,"3","April_2023","Susceptible","Montipora capitata",0.262,0.370333333333333,0.117666666666667,0.0641666666666667,0.197833333333333,0.306166666666667,5.62145277777778,7.07986666666667,3,1.224,1.38,0.156,4.67871435446482,"",12.0149518690179,15.1320771696833
"46",20230810,"4","April_2023","Resistant","Montipora capitata",0.315333333333333,0.563666666666667,0.156,0.0641666666666667,0.251166666666667,0.4995,9.24756388888889,8.3182,4,2.478,2.802,0.324,9.71732981311924,"",9.51656892040844,8.56017049948198
"47",20230810,"41","April_2023","Susceptible","Porites compressa",0.486666666666667,1.017,0.212666666666667,0.0641666666666667,0.4225,0.952833333333333,17.7008083333333,13.3112333333333,15,3.722,3.986,0.264,7.91782429217124,"",22.3556468041796,16.8117311551039
"48",20230810,"42","April_2023","Resistant","Porites compressa",0.388,1.01033333333333,0.117,0.0641666666666667,0.323833333333333,0.946166666666667,17.6790527777778,8.89676666666667,16,4.502,4.63,0.128,3.83894511135575,"",46.0518508729975,23.1750296203759
"49",20230810,"43","April_2023","Susceptible","Porites compressa",0.575666666666667,1.42666666666667,0.227666666666667,0.0641666666666667,0.5115,1.3625,25.410025,14.8511,17,5.168,5.596,0.428,12.8364727160958,"",19.7951770412273,11.5694555104519
"50",20230810,"44","April_2023","Resistant","Porites compressa",0.431,0.858666666666667,0.157,0.0641666666666667,0.366833333333333,0.7945,14.7439361111111,11.7558,18,2.731,2.912,0.181,5.42850832152649,"",27.1601980467539,21.6556727994373
"51",20230810,"45","April_2023","Susceptible","Porites compressa",0.666333333333333,1.788,0.226333333333333,0.0641666666666667,0.602166666666667,1.72383333333333,32.1967138888889,16.7586333333333,19,6.792,7.221,0.429,12.8664644747783,"",25.0237459964258,13.0250492403603
"52",20230810,"46","April_2023","Resistant","Porites compressa",0.367333333333333,1.16,0.110666666666667,0.0641666666666667,0.303166666666667,1.09583333333333,20.5522472222222,7.05818333333334,20,7.104,7.386,0.282,8.45767594845564,"",24.3001119308373,8.34529884609986
"53",20240405,"1","January_2024","Susceptible","Montipora capitata",0.391,1.17733333333333,0.0663333333333333,0.0705,0.3205,1.10683333333333,20.7433083333333,7.77423333333333,99,4.9087,5.725,0.8163,32.4791729160174,"",6.38664918807202,2.39360569723726
"54",20240405,"1","September_2023","Susceptible","Montipora capitata",0.163333333333333,0.381666666666667,0.0706666666666667,0.0705,0.0928333333333333,0.311166666666667,5.82870277777778,2.30886666666667,53,2.93,3.448,0.518,12.302676257176,"",4.737751897176,1.87671903121074
"55",20240405,"12","January_2024","Resistant","Montipora capitata",0.267333333333333,0.825,0.0666666666666667,0.0705,0.196833333333333,0.7545,14.1632694444444,4.3223,103,4.497,5.2599,0.7629,30.3544787671563,"",4.66595705796443,1.42394143320845
"56",20240405,"19","January_2024","Susceptible","Montipora capitata",0.294333333333333,0.886,0.0653333333333333,0.0705,0.223833333333333,0.8155,15.2965194444444,5.1723,104,2.4551,3.0008,0.5457,21.7124643639234,"",7.04504066791265,2.38218007560399
"57",20240405,"19","September_2023","Susceptible","Montipora capitata",0.161666666666667,0.346666666666667,0.0706666666666667,0.0705,0.0911666666666667,0.276166666666667,5.16373055555555,2.44536666666667,57,2.762,3.115,0.353,8.38387011348096,"",6.15912518402744,2.91675161180587
"58",20240405,"2","January_2024","Resistant","Montipora capitata",0.34,0.982666666666667,0.0723333333333333,0.0705,0.2695,0.912166666666667,17.0893083333333,6.64931666666667,100,5.5159,6.2762,0.7603,30.2510292393091,"",5.64916591701514,2.19804642482258
"59",20240405,"2","September_2023","Resistant","Montipora capitata",0.179,0.447666666666667,0.065,0.0705,0.1085,0.377166666666667,7.06929166666667,2.61691666666667,54,2.856,3.267,0.411,9.76138984884044,"",7.24209541483115,2.68088531161117
"60",20240405,"20","January_2024","Resistant","Montipora capitata",0.372333333333333,1.158,0.0673333333333333,0.0705,0.301833333333333,1.0875,20.3949194444444,7.0484,105,5.0109,5.8668,0.855899999999999,34.0547888016896,"",5.98885506623156,2.06972359777204
"61",20240405,"20","September_2023","Resistant","Montipora capitata",0.228333333333333,0.601666666666667,0.073,0.0705,0.157833333333333,0.531166666666667,9.95036944444444,3.91261666666667,58,2.054,2.405,0.351,8.33636943295132,"",11.9360946326508,4.6934300334642
"62",20240405,"201","January_2024","Susceptible","Montipora capitata",0.281666666666667,0.769333333333333,0.071,0.0705,0.211166666666667,0.698833333333333,13.0875305555556,5.30623333333333,116,6.5051,7.278,0.7729,30.7523615665685,"",4.25578065841398,1.72547182168339
"63",20240405,"201","September_2023","Susceptible","Montipora capitata",0.150333333333333,0.361333333333333,0.0646666666666667,0.0705,0.0798333333333333,0.290833333333333,5.45521944444444,1.84493333333333,69,2.65,3.025,0.375,8.90637759930697,"",6.12507092094201,2.07147441567814
"64",20240405,"202","January_2024","Resistant","Montipora capitata",0.354333333333333,0.948666666666667,0.0666666666666667,0.0705,0.283833333333333,0.878166666666667,16.4263194444444,7.50216666666667,117,9.1058,10.2187,1.1129,44.280376746583,"",3.70961600856569,1.69424183303625
"65",20240405,"202","September_2023","Resistant","Montipora capitata",0.164333333333333,0.411,0.0656666666666667,0.0705,0.0938333333333333,0.3405,6.38643611111111,2.17655,70,3.236,3.66,0.424,10.0701442722831,"",6.34195095763328,2.16138909349164
"66",20240405,"203","January_2024","Susceptible","Montipora capitata",0.282666666666667,0.782666666666667,0.0706666666666667,0.0705,0.212166666666667,0.712166666666667,13.3404638888889,5.27071666666667,118,3.1456,3.6435,0.4979,19.8105845827331,"",6.73400819303254,2.6605558481402
"67",20240405,"203","September_2023","Susceptible","Montipora capitata",0.176666666666667,0.420666666666667,0.072,0.0705,0.106166666666667,0.350166666666667,6.55743055555555,2.67491666666667,71,3.481,3.945,0.464,11.0201578828758,"",5.95039619690488,2.42729432290912
"68",20240405,"204","January_2024","Resistant","Montipora capitata",0.221666666666667,0.614666666666667,0.0666666666666667,0.0705,0.151166666666667,0.544166666666667,10.2051305555556,3.53296666666667,119,3.4741,4.0164,0.5423,21.5771842121233,"",4.72959328484656,1.63736223963906
"69",20240405,"204","September_2023","Resistant","Montipora capitata",0.153666666666667,0.340333333333333,0.0663333333333333,0.0705,0.0831666666666667,0.269833333333333,5.05161388888889,2.12248333333333,72,2.606,2.988,0.382,9.0726299811607,"",5.5679708082205,2.33943557462463
"70",20240405,"205","January_2024","Susceptible","Montipora capitata",0.247,0.662333333333333,0.0713333333333333,0.0705,0.1765,0.591833333333333,11.0861583333333,4.38838333333333,120,1.7854,2.1593,0.3739,14.8768378700219,"",7.4519588303593,2.94980920789377
"71",20240405,"205","September_2023","Susceptible","Montipora capitata",0.137333333333333,0.342333333333333,0.0686666666666667,0.0705,0.0668333333333333,0.271833333333333,5.10713611111111,1.37293333333333,73,1.549,1.82,0.271,6.43634221176584,"",7.93484240439407,2.13309561263472
"72",20240405,"206","January_2024","Resistant","Montipora capitata",0.298333333333333,0.882666666666667,0.071,0.0705,0.227833333333333,0.812166666666667,15.2287527777778,5.37306666666667,121,1.96,2.3558,0.3958,15.7482012007346,"",9.67015380592636,3.41186056628234
"73",20240405,"206","September_2023","Resistant","Montipora capitata",0.142,0.330333333333333,0.0653333333333333,0.0705,0.0715,0.259833333333333,4.87355833333333,1.65623333333333,74,1.029,1.231,0.202,4.79756873349336,"",10.1583918940222,3.45223471582729
"74",20240405,"209","January_2024","Susceptible","Montipora capitata",0.332333333333333,1.01,0.0826666666666667,0.0705,0.261833333333333,0.9395,17.6181861111111,6.1378,122,5.1331,5.8953,0.7622,30.3266269711974,"",5.80947763424001,2.02389801075779
"75",20240405,"209","September_2023","Susceptible","Montipora capitata",0.185333333333333,0.496666666666667,0.0703333333333333,0.0705,0.114833333333333,0.426166666666667,7.99598611111111,2.60641666666667,75,2.529,2.958,0.429,10.1888959736072,"",7.84774536105139,2.55809527687612
"76",20240405,"210","January_2024","Resistant","Montipora capitata",0.298666666666667,0.825333333333333,0.0733333333333333,0.0705,0.228166666666667,0.754833333333333,14.1361972222222,5.73498333333333,123,3.3036,3.9301,0.6265,24.9273573831739,"",5.67095701518855,2.30067842538515
"77",20240405,"210","September_2023","Resistant","Montipora capitata",0.204666666666667,0.583666666666667,0.066,0.0705,0.134166666666667,0.513166666666667,9.63271388888889,2.95296666666667,76,3.954,4.449,0.495,11.7564184310852,"",8.19357863566593,2.51179105607428
"78",20240405,"211","January_2024","Susceptible","Montipora capitata",0.255666666666667,0.659333333333333,0.071,0.0705,0.185166666666667,0.588833333333333,11.0197638888889,4.79783333333333,124,3.7847,4.524,0.7393,29.4154753605435,"",3.74624708722888,1.63105755542843
"79",20240405,"211","September_2023","Susceptible","Montipora capitata",0.122666666666667,0.257333333333333,0.065,0.0705,0.0521666666666667,0.186833333333333,3.50353055555556,1.22498333333333,77,1.251,1.455,0.204,4.84506941402299,"",7.23112561693204,2.5283091503042
"80",20240405,"212","January_2024","Resistant","Montipora capitata",0.191333333333333,0.513666666666667,0.072,0.0705,0.120833333333333,0.443166666666667,8.31343611111111,2.77446666666667,125,2.7829,3.1761,0.3932,15.6447516728875,"",5.31388179559179,1.77341687786252
"81",20240405,"212","September_2023","Resistant","Montipora capitata",0.117,0.234,0.065,0.0705,0.0465,0.1635,3.065075,1.1103,78,1.102,1.256,0.154,3.65755240078206,"",8.38012600815951,3.03563661798145
"82",20240405,"213","January_2024","Susceptible","Montipora capitata",0.281,0.825666666666667,0.0666666666666667,0.0705,0.2105,0.755166666666667,14.1613916666667,4.93531666666667,126,3.1907,3.7642,0.5735,22.8185785462893,"",6.20607968105426,2.16285017782987
"83",20240405,"214","January_2024","Resistant","Montipora capitata",0.144,0.34,0.0643333333333333,0.0705,0.0735,0.2695,5.055575,1.68805,127,0.8368,1.0697,0.2329,9.26669039831,"",5.45564250309043,1.82163202550487
"84",20240405,"214","September_2023","Resistant","Montipora capitata",0.119,0.253333333333333,0.0636666666666667,0.0705,0.0485,0.182833333333333,3.43124166666667,1.08363333333333,79,1.324,1.568,0.244,5.79508302461573,"",5.9209534222233,1.86991856498068
"85",20240405,"219","January_2024","Susceptible","Montipora capitata",0.211,0.543666666666667,0.0726666666666667,0.0705,0.1405,0.473166666666667,8.86395833333334,3.48091666666667,128,3.506,4.506,1,39.7882799412194,"Dropped in wax",2.22778123267162,0.874859800878335
"86",20240405,"219","September_2023","Susceptible","Montipora capitata",0.108333333333333,0.192333333333333,0.0653333333333333,0.0705,0.0378333333333333,0.121833333333333,2.28056944444444,0.971083333333333,80,0.918,1.047,0.129,3.06379389416159,"",7.44361247272648,3.16954523339133
"87",20240405,"220","January_2024","Resistant","Montipora capitata",0.215666666666667,0.576666666666667,0.064,0.0705,0.145166666666667,0.506166666666667,9.48763055555555,3.49196666666667,129,3.3861,3.9373,0.5512,21.9312999036001,"",4.32606849446171,1.59222968178619
"88",20240405,"220","September_2023","Resistant","Montipora capitata",0.131,0.302333333333333,0.0673333333333333,0.0705,0.0605,0.231833333333333,4.35189166666667,1.32898333333333,81,2.053,2.303,0.25,5.93758506620464,"",7.32939674656053,2.23825565194442
"89",20240405,"221","January_2024","Susceptible","Montipora capitata",0.282,0.838,0.0643333333333333,0.0705,0.2115,0.7675,14.395275,4.90585,130,3.6151,4.1987,0.5836,23.2204401736956,"",6.19939798398273,2.11272911422127
"90",20240405,"221","September_2023","Susceptible","Montipora capitata",0.154333333333333,0.372,0.07,0.0705,0.0838333333333333,0.3015,5.65415277777778,1.961,82,1.688,1.878,0.19,4.51256465031553,"",12.5297989412349,4.34564411140986
"91",20240405,"225","January_2024","Susceptible","Porites compressa",0.472,1.65333333333333,0.0713333333333333,0.0705,0.4015,1.58283333333333,29.7247083333333,8.55158333333333,131,8.5311,9.4342,0.9031,35.9327956149152,"",8.27230607155849,2.37988255213399
"92",20240405,"225","September_2023","Susceptible","Porites compressa",0.195666666666667,0.576,0.07,0.0705,0.125166666666667,0.5055,9.49626388888889,2.593,83,1.489,1.691,0.202,4.79756873349335,"",19.7939089910113,5.4048209500313
"93",20240405,"226","January_2024","Resistant","Porites compressa",0.545666666666667,1.96066666666667,0.0636666666666667,0.0705,0.475166666666667,1.89016666666667,35.5008305555556,10.0182666666667,132,9.6992,10.5589,0.8597,34.2059842654663,"",10.378543789309,2.92880526077448
"94",20240405,"226","September_2023","Resistant","Porites compressa",0.312,1.00233333333333,0.0663333333333333,0.0705,0.2415,0.931833333333333,17.493825,5.26613333333333,84,2.701,2.915,0.214,5.08257281667117,"",34.4192314227533,10.3611566883215
"95",20240405,"233","January_2024","Susceptible","Porites compressa",0.491,1.651,0.066,0.0705,0.4205,1.5805,29.6599916666667,9.42355,133,5.9148,6.5668,0.652,25.941958521675,"",11.4332122001834,3.63255148686112
"96",20240405,"233","September_2023","Susceptible","Porites compressa",0.196666666666667,0.558666666666667,0.0736666666666667,0.0705,0.126166666666667,0.488166666666667,9.16499722222222,2.74301666666667,85,2.114,2.356,0.242,5.7475823440861,"",15.9458302179045,4.77247041008305
"97",20240405,"234","January_2024","Resistant","Porites compressa",0.506333333333333,1.70833333333333,0.0653333333333333,0.0705,0.435833333333333,1.63783333333333,30.7358361111111,9.76898333333333,134,6.3031,6.8321,0.529,21.0480000889051,"",14.6027346927429,4.64128814712558
"98",20240405,"234","September_2023","Resistant","Porites compressa",0.333666666666667,1.09666666666667,0.0723333333333333,0.0705,0.263166666666667,1.02616666666667,19.2677638888889,5.67366666666667,86,2.614,2.858,0.244,5.79508302461574,"",33.2484691022464,9.79048383356488
"99",20240405,"235","January_2024","Susceptible","Porites compressa",0.522666666666667,1.96966666666667,0.0633333333333333,0.0705,0.452166666666667,1.89916666666667,35.6968138888889,8.92536666666667,135,6.4411,7.1575,0.7164,28.5043237498896,"",12.5232979396774,3.1312325614114
"100",20240405,"235","September_2023","Susceptible","Porites compressa",0.193333333333333,0.570666666666667,0.0686666666666667,0.0705,0.122833333333333,0.500166666666667,9.39715277777778,2.51991666666667,87,1.083,1.227,0.144,3.42004899813388,"",27.4766612493132,7.36807182599324
"101",20240405,"236","January_2024","Resistant","Porites compressa",0.449,1.539,0.0656666666666667,0.0705,0.3785,1.4685,27.5711916666667,8.20485,136,6.0652,6.7105,0.6453,25.6753770460689,"",10.7383784928245,3.19561032551856
"102",20240405,"236","September_2023","Resistant","Porites compressa",0.211666666666667,0.629666666666667,0.0646666666666667,0.0705,0.141166666666667,0.559166666666667,10.5015472222222,2.99071666666667,88,1.849,2.072,0.223,5.29632587905455,"",19.8279854035282,5.64677615192466
"103",20240405,"237","January_2024","Susceptible","Porites compressa",0.572,2.129,0.0706666666666667,0.0705,0.5015,2.0585,38.6794916666667,10.1888,137,5.4604,5.9551,0.4947,19.6832620869212,"",19.6509559725711,5.17637775436119
"104",20240405,"237","September_2023","Susceptible","Porites compressa",0.327,1.14633333333333,0.072,0.0705,0.2565,1.07583333333333,20.221025,5.07218333333333,89,2.53,2.815,0.285,6.7688469754733,"",29.8736624912193,7.49342295920151
"105",20240405,"238","January_2024","Resistant","Porites compressa",0.416666666666667,1.29366666666667,0.0713333333333333,0.0705,0.346166666666667,1.22316666666667,22.9320805555556,8.22926666666666,138,3.4248,3.7081,0.2833,11.2720197073475,"",20.3442516522639,7.30061415817304
"106",20240405,"238","September_2023","Resistant","Porites compressa",0.28,0.966333333333333,0.066,0.0705,0.2095,0.895833333333333,16.8421583333333,4.03913333333333,90,1.881,2.109,0.228,5.41507758037864,"",31.1023398711043,7.45904979823189
"107",20240405,"239","January_2024","Susceptible","Porites compressa",0.612,2.214,0.0676666666666667,0.0705,0.5415,2.1435,40.256075,11.48055,139,5.1846,5.5781,0.3935,15.6566881568698,"",25.7117435032622,7.33268101463884
"108",20240405,"239","September_2023","Susceptible","Porites compressa",0.212,0.711,0.066,0.0705,0.1415,0.6405,12.0505916666667,2.5137,91,2.223,2.492,0.269,6.3888415312362,"",18.8619354663113,3.93451612113099
"109",20240405,"240","January_2024","Resistant","Porites compressa",0.377333333333333,1.31766666666667,0.0653333333333333,0.0705,0.306833333333333,1.24716666666667,23.4312361111111,6.30816666666667,140,3.3874,3.6747,0.2873,11.4311728271123,"",20.4976658698898,5.51838972437285
"110",20240405,"240","September_2023","Resistant","Porites compressa",0.293,1.05033333333333,0.0663333333333333,0.0705,0.2225,0.979833333333333,18.4284916666667,4.11788333333333,92,2.681,3.035,0.354,8.40762045374578,"",21.9187958924292,4.89779879573266
"111",20240405,"241","January_2024","Susceptible","Porites compressa",0.518666666666667,1.73366666666667,0.0713333333333333,0.0705,0.448166666666667,1.66316666666667,31.2052805555556,10.1725666666667,141,7.7339,8.5021,0.7682,30.5653566508447,"",10.2093624857779,3.32813609305146
"112",20240405,"241","September_2023","Susceptible","Porites compressa",0.174,0.498333333333333,0.0636666666666667,0.0705,0.1035,0.427833333333333,8.039825,2.08463333333333,93,2.502,2.722,0.22,5.22507485826009,"",15.3870044316977,3.9896717078375
"113",20240405,"242","January_2024","Resistant","Porites compressa",0.447666666666667,1.55733333333333,0.073,0.0705,0.377166666666667,1.48683333333333,27.9218638888889,8.03373333333333,142,5.4569,6.0295,0.5726,22.7827690943422,"",12.2556936662378,3.52623217136867
"114",20240405,"242","September_2023","Resistant","Porites compressa",0.181,0.536,0.066,0.0705,0.1105,0.4655,8.74990833333333,2.1728,94,2.287,2.499,0.212,5.03507213614154,"",17.3779205078848,4.31533042874149
"115",20240405,"243","January_2024","Susceptible","Porites compressa",0.515333333333333,1.71633333333333,0.0716666666666667,0.0705,0.444833333333333,1.64583333333333,30.8786361111111,10.1269333333333,143,5.7742,6.3655,0.591299999999999,23.526809929243,"",13.1248716693758,4.30442264114435
"116",20240405,"243","September_2023","Susceptible","Porites compressa",0.231666666666667,0.75,0.0653333333333333,0.0705,0.161166666666667,0.6795,12.7725638888889,3.1657,95,1.844,2.008,0.164,3.89505580343025,"",32.7917353010463,8.12748304456144
"117",20240405,"244","January_2024","Resistant","Porites compressa",0.457333333333333,1.658,0.0703333333333333,0.0705,0.386833333333333,1.5875,29.8292527777778,7.86115,144,6.4237,6.9809,0.5572,22.1700295832474,"",13.4547645350541,3.54584551657081
"118",20240405,"244","September_2023","Resistant","Porites compressa",0.248333333333333,0.870666666666667,0.0656666666666667,0.0705,0.177833333333333,0.800166666666667,15.0534861111111,3.18816666666667,96,2.645,2.882,0.237,5.62883064276201,"",26.7435406507887,5.6639946536076
"119",20240405,"247","January_2024","Susceptible","Porites compressa",0.516333333333333,1.80166666666667,0.0666666666666667,0.0705,0.445833333333333,1.73116666666667,32.5031694444444,9.65581666666667,145,7.0335,7.6819,0.6484,25.7987207138866,"",12.5987523974199,3.74275018275199
"120",20240405,"247","September_2023","Susceptible","Porites compressa",0.227333333333333,0.806,0.0653333333333333,0.0705,0.156833333333333,0.7355,13.8439861111111,2.63125,97,2.169,2.431,0.262,6.22258914938247,"",22.2479514214513,4.22854528369614
"121",20240405,"248","January_2024","Resistant","Porites compressa",0.571333333333333,2.01033333333333,0.0706666666666667,0.0705,0.500833333333333,1.93983333333333,36.4196027777778,10.8766333333333,146,5.8809,6.3511,0.4702,18.7084492283614,"",19.466927660988,5.81375463063219
"122",20240405,"248","September_2023","Resistant","Porites compressa",0.231,0.863333333333333,0.0703333333333333,0.0705,0.1605,0.792833333333333,14.932275,2.44993333333333,98,2.076,2.283,0.207,4.91632043481744,"",30.3728676720286,4.98326617602644
"123",20240405,"26","January_2024","Resistant","Porites compressa",0.470333333333333,1.738,0.065,0.0705,0.399833333333333,1.6675,31.3393861111111,7.9641,106,4.8718,5.2716,0.3998,15.9073543204995,"",19.7011932215055,5.00655221449164
"124",20240405,"26","September_2023","Resistant","Porites compressa",0.193333333333333,0.628666666666667,0.064,0.0705,0.122833333333333,0.558166666666667,10.5020527777778,2.16901666666667,59,2.174,2.368,0.194,4.6075660113748,"",22.7930598321351,4.70751077968708
"125",20240405,"27","January_2024","Susceptible","Porites compressa",0.53,1.89733333333333,0.0686666666666667,0.0705,0.4595,1.82683333333333,34.3110416666667,9.69408333333334,107,7.0802,7.6993,0.6191,24.6329241116089,"",13.9289357248889,3.93541720398706
"126",20240405,"27","September_2023","Susceptible","Porites compressa",0.193333333333333,0.562666666666667,0.0726666666666667,0.0705,0.122833333333333,0.492166666666667,9.24475277777778,2.56831666666667,60,2.733,3.043,0.31,7.36260548209376,"",12.5563603812013,3.48832580112155
"127",20240405,"28","January_2024","Resistant","Porites compressa",0.423333333333333,1.39766666666667,0.0656666666666667,0.0705,0.352833333333333,1.32716666666667,24.9061694444444,7.90106666666667,108,4.1446,4.5583,0.4137,16.4604114116825,"",15.130951968046,4.80004203361467
"128",20240405,"28","September_2023","Resistant","Porites compressa",0.282333333333333,0.920333333333333,0.0666666666666667,0.0705,0.211833333333333,0.849833333333333,15.9633694444444,4.42278333333333,61,2.791,3.113,0.322,7.64760956527158,"",20.8736721039414,5.78322323542451
"129",20240405,"29","January_2024","Susceptible","Porites compressa",0.547666666666667,1.85666666666667,0.0656666666666667,0.0705,0.477166666666667,1.78616666666667,33.5174972222222,10.7377666666667,109,8.3601,9.068,0.7079,28.1661233703892,"",11.8999326891605,3.81229838606586
"130",20240405,"29","September_2023","Susceptible","Porites compressa",0.269333333333333,0.9,0.0673333333333333,0.0705,0.198833333333333,0.8295,15.5898861111111,3.95885,62,2.337,2.529,0.192,4.56006533084516,"",34.1878569275272,8.68156421624396
"131",20240405,"3","January_2024","Susceptible","Montipora capitata",0.195333333333333,0.501333333333333,0.068,0.0705,0.124833333333333,0.430833333333333,8.07421944444444,3.02968333333333,101,2.0158,2.4469,0.4311,17.1527274826597,"",4.70725104949458,1.76629829652232
"132",20240405,"3","September_2023","Susceptible","Montipora capitata",0.145,0.339333333333333,0.066,0.0705,0.0745,0.268833333333333,5.04180833333333,1.73723333333333,55,2.226,2.609,0.383,9.09638032142552,"",5.54265340187889,1.90980727712261
"133",20240405,"4","January_2024","Resistant","Montipora capitata",0.192,0.487666666666667,0.07,0.0705,0.1215,0.417166666666667,7.817425,2.96186666666667,102,4.1144,4.7292,0.6148,24.4618345078617,"",3.19576399614983,1.21081134193544
"134",20240405,"4","September_2023","Resistant","Montipora capitata",0.12,0.234,0.0643333333333333,0.0705,0.0495,0.1635,3.061875,1.24575,56,3.976,4.366,0.39,9.26263270327924,"",3.30562065676642,1.34492000266724
"135",20240405,"41","January_2024","Susceptible","Porites compressa",0.356,1.194,0.0713333333333333,0.0705,0.2855,1.1235,21.0981416666667,6.09315,110,4.6213,5.2082,0.5869,23.3517414975017,"",9.03493286311167,2.6092914743219
"136",20240405,"41","September_2023","Susceptible","Porites compressa",0.256333333333333,0.901333333333333,0.0656666666666667,0.0705,0.185833333333333,0.830833333333333,15.6291527777778,3.36383333333333,63,2.807,3.106,0.299,7.10135173918075,"",22.00870109214,4.73689159033461
"137",20240405,"42","January_2024","Resistant","Porites compressa",0.432666666666667,1.50633333333333,0.0726666666666667,0.0705,0.362166666666667,1.43583333333333,26.9663138888889,7.66503333333334,111,5.5811,6.0952,0.5141,20.4551547177809,"",13.1831385589316,3.74723801363888
"138",20240405,"42","September_2023","Resistant","Porites compressa",0.175666666666667,0.561333333333333,0.0646666666666667,0.0705,0.105166666666667,0.490833333333333,9.23819722222222,1.77873333333333,64,1.548,1.707,0.159,3.77630410210615,"",24.4635944893046,4.71024918872737
"139",20240405,"43","January_2024","Susceptible","Porites compressa",0.425333333333333,1.42166666666667,0.066,0.0705,0.354833333333333,1.35116666666667,25.3612361111111,7.84616666666667,112,5.9732,6.4782,0.505,20.0930813703158,"",12.6218749845796,3.9049096164305
"140",20240405,"43","September_2023","Susceptible","Porites compressa",0.297333333333333,1.033,0.0643333333333333,0.0705,0.226833333333333,0.9625,18.0936694444444,4.4184,65,3.499,3.871,0.372,8.83512657851251,"",20.4792419029391,5.00094702745491
"141",20240405,"44","January_2024","Resistant","Porites compressa",0.405,1.40066666666667,0.0663333333333333,0.0705,0.3345,1.33016666666667,24.982875,7.05516666666667,113,4.0099,4.3702,0.3603,14.3357172628213,"",17.4270143181405,4.92139077335444
"142",20240405,"44","September_2023","Resistant","Porites compressa",0.190666666666667,0.542,0.0723333333333333,0.0705,0.120166666666667,0.4715,8.85389722222222,2.57295,66,1.858,2.077,0.219,5.20132451799527,"",17.0223895694067,4.94672076525555
"143",20240405,"45","January_2024","Susceptible","Porites compressa",0.410333333333333,1.44066666666667,0.0666666666666667,0.0705,0.339833333333333,1.37016666666667,25.7391861111111,7.05396666666667,114,3.6013,3.963,0.3617,14.391420854739,"",17.8850902707326,4.90150815396649
"144",20240405,"45","September_2023","Susceptible","Porites compressa",0.233,0.74,0.0693333333333333,0.0705,0.1625,0.6695,12.5806416666667,3.2864,67,2.338,2.587,0.249,5.91383472593983,"",21.2732385155849,5.55713873028084
"145",20240405,"46","January_2024","Resistant","Porites compressa",0.482333333333333,1.674,0.0666666666666667,0.0705,0.411833333333333,1.6035,30.1073861111111,8.8931,115,8.4395,9.2025,0.763,30.3584575951504,"",9.9172976811314,2.92936489679259
"146",20240405,"46","September_2023","Resistant","Porites compressa",0.232,0.688,0.0716666666666667,0.0705,0.1615,0.6175,11.5911083333333,3.55585,68,3.215,3.732,0.517,12.2789259169112,"",9.43983896618306,2.89589661511248
"147",20260618,"1","May_2024","Susceptible","Montipora capitata",0.225,0.723666666666667,0.0576666666666667,0.0573333333333333,0.167666666666667,0.666333333333333,12.5148055555556,3.53883333333333,147,3.0905,3.5594,0.4689,10.6837636555434,"",11.7138547416875,3.31234707864131
"148",20260618,"12","May_2024","Resistant","Montipora capitata",0.131333333333333,0.337333333333333,0.0616666666666667,0.0573333333333333,0.074,0.28,5.25506666666667,1.6471,151,1.7534,2.0593,0.3059,6.96985135899069,"",7.53971124490043,2.36317808682583
"149",20260618,"19","May_2024","Susceptible","Montipora capitata",0.187333333333333,0.657,0.058,0.0573333333333333,0.13,0.599666666666667,11.2849833333333,2.24151666666667,152,2.1779,4.4463,2.2684,51.6848997147254,"May be overestimation ",2.18341979874601,0.433688887671004
"150",20260618,"2","May_2024","Resistant","Montipora capitata",0.186,0.507333333333333,0.0776666666666667,0.0573333333333333,0.128666666666667,0.45,8.43525555555556,3.0868,148,2.6384,3.2776,0.6392,14.5640045396105,"",5.79185177580365,2.11947201170163
"151",20260618,"202","May_2024","Resistant","Montipora capitata",0.205666666666667,0.578666666666667,0.07,0.0573333333333333,0.148333333333333,0.521333333333333,9.77317777777778,3.54318333333333,163,5.2783,5.9094,0.6311,14.3794481616836,"",6.79662923631521,2.46406071602576
"152",20260618,"203","May_2024","Susceptible","Montipora capitata",0.273,0.860666666666667,0.0596666666666667,0.0573333333333333,0.215666666666667,0.803333333333333,15.0734555555556,4.87718333333333,164,4.0548,5.0011,0.9463,21.56119758422,"",6.99101035398301,2.26201875581475
"153",20260618,"204","May_2024","Resistant","Montipora capitata",0.161,0.484,0.0593333333333333,0.0573333333333333,0.103666666666667,0.426666666666667,8.01742222222222,2.09921666666667,165,2.4906,2.8873,0.3967,9.03870557081271,"",8.87009999320217,2.32247488340072
"154",20260618,"205","May_2024","Susceptible","Montipora capitata",0.17,0.499666666666667,0.0556666666666667,0.0573333333333333,0.112666666666667,0.442333333333333,8.30627222222222,2.41078333333333,166,3.0598,4.332,1.2722,28.9867437035239,"May be overestimation",2.86554167904428,0.831684772180967
"155",20260618,"206","May_2024","Resistant","Montipora capitata",0.190333333333333,0.622333333333333,0.07,0.0573333333333333,0.133,0.565,10.6213833333333,2.5867,167,3.1889,3.687,0.4981,11.3490780056007,"",9.35880723358474,2.27921598452621
"156",20260618,"209","May_2024","Susceptible","Montipora capitata",0.156,0.434333333333333,0.075,0.0573333333333333,0.0986666666666667,0.377,7.07660555555556,2.17395,168,1.3849,1.7063,0.3214,7.32301479823344,"",9.66351393590338,2.96865438606574
"157",20260618,"210","May_2024","Resistant","Montipora capitata",0.232666666666667,0.659333333333333,0.071,0.0573333333333333,0.175333333333333,0.602,11.2810777777778,4.2742,169,4.6381,5.8471,1.209,27.5467482609341,"May be overestimation",4.09524843764454,1.55161689485562
"158",20260618,"211","May_2024","Susceptible","Montipora capitata",0.253,0.849,0.0553333333333333,0.0573333333333333,0.195666666666667,0.791666666666667,14.8725388888889,4.04476666666667,170,6.1566,7.065,0.9084,20.6976560134264,"",7.18561506638297,1.95421484637819
"159",20260618,"213","May_2024","Susceptible","Montipora capitata",0.139666666666667,0.383333333333333,0.057,0.0573333333333333,0.0823333333333333,0.326,6.12247777777778,1.74505,171,2.5325,3.1507,0.6182,14.0855250412816,"",4.34664505571083,1.23889595516364
"160",20260618,"214","May_2024","Resistant","Montipora capitata",0.183333333333333,0.585333333333333,0.0656666666666667,0.0573333333333333,0.126,0.528,9.924,2.4945,172,2.8819,3.5277,0.6458,14.7143838105139,"",6.74442105615662,1.69527996015545
"161",20260618,"220","May_2024","Resistant","Montipora capitata",0.131333333333333,0.340666666666667,0.0613333333333333,0.0573333333333333,0.074,0.283333333333333,5.31856666666667,1.62693333333333,174,2.0131,2.4521,0.439,10.0024999888752,"",5.31723736324118,1.62652670346694
"162",20260618,"221","May_2024","Susceptible","Montipora capitata",0.176333333333333,0.553666666666667,0.06,0.0573333333333333,0.119,0.496333333333333,9.32821666666667,2.37003333333333,175,2.4268,3.1679,0.7411,16.8857693434064,"",5.5243065784913,1.40356846355881
"163",20260618,"225","May_2024","Susceptible","Porites compressa",0.213,0.663666666666667,0.0653333333333333,0.0573333333333333,0.155666666666667,0.606333333333333,11.3846055555556,3.36003333333333,176,2.1784,2.3916,0.2132,4.85770614493892,"",23.4361758737028,6.91691352477967
"164",20260618,"235","May_2024","Susceptible","Porites compressa",0.236333333333333,0.851666666666667,0.0583333333333333,0.0573333333333333,0.179,0.794333333333333,14.9411166666667,3.27613333333333,179,3.5993,3.9504,0.3511,7.99972151729858,"",18.677045987611,4.09530922576371
"165",20260618,"236","May_2024","Resistant","Porites compressa",0.181333333333333,0.566,0.0613333333333333,0.0573333333333333,0.124,0.508666666666667,9.55783333333333,2.52116666666667,180,1.6927,1.9149,0.2222,5.06276878707987,"",18.8786684427004,4.97981790734875
"166",20260618,"238","May_2024","Resistant","Porites compressa",0.22,0.765333333333333,0.065,0.0573333333333333,0.162666666666667,0.708,13.3138888888889,3.061,182,4.0777,4.3758,0.2981,6.79213040246854,"",19.6019335613022,4.5066861479684
"167",20260618,"239","May_2024","Susceptible","Porites compressa",0.181,0.537333333333333,0.074,0.0573333333333333,0.123666666666667,0.48,9.01208888888889,2.67955,183,3.1115,3.4157,0.3042,6.93111730436408,"",13.0023609371242,3.86597121695352
"168",20260618,"241","May_2024","Susceptible","Porites compressa",0.239333333333333,0.789666666666667,0.062,0.0573333333333333,0.182,0.732333333333333,13.7568166666667,3.78668333333333,185,4.6449,5.0587,0.4138,9.42832459088052,"",14.590945118683,4.01628443827228
"169",20260618,"242","May_2024","Resistant","Porites compressa",0.202333333333333,0.674666666666667,0.0603333333333333,0.0573333333333333,0.145,0.617333333333333,11.6055333333333,2.81188333333333,186,5.0434,5.5827,0.5393,12.287809211846,"",9.44475384769571,2.28835204457972
"170",20260618,"247","May_2024","Susceptible","Porites compressa",0.206333333333333,0.679333333333333,0.06,0.0573333333333333,0.149,0.622,11.6901666666667,2.96425,189,4.2585,4.6917,0.4332,9.87034850838434,"",11.8437222928213,3.00318676435997
"171",20260618,"27","May_2024","Susceptible","Porites compressa",0.202,0.609666666666667,0.0676666666666667,0.0573333333333333,0.144666666666667,0.552333333333333,10.3676388888889,3.19008333333333,155,2.8378,3.1289,0.2911,6.63263723635891,"",15.6312466963448,4.80967557798258
"172",20260618,"28","May_2024","Resistant","Porites compressa",0.265333333333333,0.913,0.0616666666666667,0.0573333333333333,0.208,0.855666666666667,16.0785833333333,4.21441666666667,156,4.7765,5.4005,0.624,14.2176765217724,"",11.308868441838,2.96420913797896
"173",20260618,"29","May_2024","Susceptible","Porites compressa",0.228,0.72,0.064,0.0573333333333333,0.170666666666667,0.662666666666667,12.4417555555556,3.69646666666667,157,4.6988,5.1612,0.4624,10.5356628584416,"",11.8091815605002,3.50852786040406
"174",20260618,"3","May_2024","Susceptible","Montipora capitata",0.113333333333333,0.257333333333333,0.0586666666666667,0.0573333333333333,0.056,0.2,3.75026666666667,1.3184,149,1.4658,1.8136,0.3478,7.92453188184689,"",4.73247722715027,1.66369448650983
"175",20260618,"4","May_2024","Resistant","Montipora capitata",0.142333333333333,0.413333333333333,0.0543333333333333,0.0573333333333333,0.085,0.356,6.69113333333333,1.68395,150,3.5062,4.0065,0.5003,11.3992044292352,"",5.86982484161156,1.47725221567325
"176",20260618,"43","May_2024","Susceptible","Porites compressa",0.284666666666667,0.971,0.058,0.0573333333333333,0.227333333333333,0.913666666666667,17.1628611111111,4.73641666666667,160,7.8219,8.5233,0.7014,15.9812152441846,"",10.7393967535457,2.96373998741441
"177",20260618,"44","May_2024","Resistant","Porites compressa",0.129,0.345666666666667,0.0576666666666667,0.0573333333333333,0.0716666666666667,0.288333333333333,5.41630555555556,1.49133333333333,161,4.377,4.7609,0.383900000000001,8.74706092421227,"",6.19214339820473,1.70495363671842
"178",20260702,"20","May_2024","Resistant","Montipora capitata",0.212666666666667,0.549333333333333,0.0736666666666667,0.061,0.151666666666667,0.488333333333333,9.14097222222222,3.89333333333333,153,2.5349,3.0225,0.4876,11.1098382564363,"",8.22781755344328,3.50440145343952
"179",20260702,"201","May_2024","Susceptible","Montipora capitata",0.223333333333333,0.661,0.0713333333333333,0.061,0.162333333333333,0.6,11.2568444444444,3.69935,162,5.7933,6.6485,0.8552,19.4855079509933,"",5.77703412852043,1.89851350516701
"180",20260702,"202","October_2024","Resistant","Montipora capitata",0.166666666666667,0.446666666666667,0.0673333333333333,0.061,0.105666666666667,0.385666666666667,7.23423888888889,2.43756666666667,207,4.3985,4.9623,0.5638,12.8460352932297,"",5.63149541765745,1.89752449765676
"181",20260702,"205","October_2024","Susceptible","Montipora capitata",0.248666666666667,0.762666666666667,0.064,0.061,0.187666666666667,0.701666666666667,13.1665722222222,4.22806666666667,210,3.9914,4.6681,0.6767,15.4184322151978,"",8.53950131793819,2.74221568552158
"182",20260702,"219","May_2024","Susceptible","Montipora capitata",0.169333333333333,0.444666666666667,0.0743333333333333,0.061,0.108333333333333,0.383666666666667,7.19329444444444,2.57006666666667,173,1.8615,2.2915,0.43,9.79743734673423,"",7.34201627412517,2.62320296186772
"183",20260702,"219","October_2024","Susceptible","Montipora capitata",0.221333333333333,0.650333333333333,0.0693333333333333,0.061,0.160333333333333,0.589333333333333,11.0557777777778,3.67358333333333,217,4.564,5.4802,0.9162,20.8753769699486,"",5.29608533234789,1.7597686205244
"184",20260702,"221","October_2024","Susceptible","Montipora capitata",0.360666666666667,1.09033333333333,0.0713333333333333,0.061,0.299666666666667,1.02933333333333,19.2891555555556,7.30248333333333,219,6.709,8.1361,1.4271,32.5160996221498,"May be an overestimation",5.93218614154321,2.24580543736522
"185",20260702,"225","October_2024","Susceptible","Porites compressa",0.289,0.992666666666667,0.069,0.061,0.228,0.931666666666667,17.50505,4.65761666666666,220,3.6632,4.0133,0.3501,7.97693677928292,"",21.9445765766412,5.83885367972712
"186",20260702,"233","May_2024","Susceptible","Porites compressa",0.240333333333333,0.773666666666667,0.0673333333333333,0.061,0.179333333333333,0.712666666666667,13.3850111111111,3.78526666666667,177,4.7032,5.1296,0.4264,9.71541228987785,"",13.7770901653412,3.89614619917922
"187",20260702,"234","May_2024","Resistant","Porites compressa",0.183,0.545666666666667,0.0693333333333333,0.061,0.122,0.484666666666667,9.10276666666667,2.57606666666667,178,3.0958,3.3779,0.2821,6.42757459421796,"",14.1620552717587,4.00783628241983
"188",20260702,"234","October_2024","Resistant","Porites compressa",0.252666666666667,0.843666666666667,0.071,0.061,0.191666666666667,0.782666666666667,14.7053555555556,3.91861666666667,223,3.9883,4.3867,0.3984,9.07743962543934,"",16.1998935408439,4.3168743922954
"189",20260702,"235","October_2024","Susceptible","Porites compressa",0.294333333333333,1.04066666666667,0.0713333333333333,0.061,0.233333333333333,0.979666666666667,18.4137611111111,4.60801666666667,224,5.2037,5.6443,0.4406,10.0389555697002,"",18.3423076068669,4.59013553220087
"190",20260702,"237","May_2024","Susceptible","Porites compressa",0.252,0.868333333333333,0.069,0.061,0.191,0.807333333333333,15.1759666666667,3.73928333333333,181,3.2682,3.5918,0.3236,7.37314122186789,"",20.5827695550663,5.07149289673586
"191",20260702,"239","October_2024","Susceptible","Porites compressa",0.411666666666667,1.54066666666667,0.0696666666666667,0.061,0.350666666666667,1.47966666666667,27.8136055555556,6.88061666666667,228,6.5392,7.2847,0.7455,16.9860221906753,"",16.3744078768625,4.05075219461557
"192",20260702,"240","May_2024","Resistant","Porites compressa",0.192333333333333,0.612,0.074,0.061,0.131333333333333,0.551,10.3564611111111,2.59615,184,3.7585,4.1141,0.355599999999999,8.10225283836903,"",12.78219936814,3.2042322694568
"193",20260702,"242","October_2024","Resistant","Porites compressa",0.246333333333333,0.926333333333333,0.071,0.061,0.185333333333333,0.865333333333333,16.2869111111111,3.13253333333333,231,4.2634,4.8541,0.5907,13.4589447458509,"",12.1011798611715,2.32747321018539
"194",20260702,"243","May_2024","Susceptible","Porites compressa",0.229666666666667,0.769,0.0686666666666667,0.061,0.168666666666667,0.708,13.3074888888889,3.3319,187,3.1884,3.4815,0.2931,6.67820671239023,"",19.9267400097083,4.9892136369757
"195",20260702,"243","October_2024","Susceptible","Porites compressa",0.311666666666667,1.11733333333333,0.0693333333333333,0.061,0.250666666666667,1.05633333333333,19.8557722222222,4.92678333333333,232,8.2341,8.9555,0.721400000000001,16.4369100044979,"",12.0799908357403,2.99739022236244
"196",20260702,"244","May_2024","Resistant","Porites compressa",0.143666666666667,0.348333333333333,0.0703333333333333,0.061,0.0826666666666667,0.287333333333333,5.38552222222222,1.99403333333333,188,2.6045,2.895,0.2905,6.61896639354952,"",8.13650032650212,3.01260531444397
"197",20260702,"247","October_2024","Susceptible","Porites compressa",0.296666666666667,1.04433333333333,0.0683333333333333,0.061,0.235666666666667,0.983333333333333,18.4811222222222,4.69118333333333,234,3.8102,4.2292,0.419,9.54680522856194,"",19.3584364400048,4.91387770151458
"198",20260702,"248","May_2024","Resistant","Porites compressa",0.183,0.560333333333333,0.068,0.061,0.122,0.499333333333333,9.38216666666667,2.48733333333333,190,3.3045,3.6186,0.3141,7.15668621071911,"",13.109652135669,3.47553778396469
"199",20260702,"248","October_2024","Resistant","Porites compressa",0.377666666666667,1.41466666666667,0.0683333333333333,0.061,0.316666666666667,1.35366666666667,25.4495722222222,6.10781666666667,235,8.0724,8.8781,0.8057,18.3576634192181,"",13.8631870740041,3.3271209560758
"200",20260702,"26","May_2024","Resistant","Porites compressa",0.214666666666667,0.739666666666667,0.0676666666666667,0.061,0.153666666666667,0.678666666666667,12.7646888888889,2.83211666666667,154,3.7867,4.1552,0.3685,8.39617595877106,"",15.2029792509937,3.37310304187718
"201",20260702,"29","October_2024","Susceptible","Porites compressa",0.214666666666667,0.739333333333333,0.0673333333333333,0.061,0.153666666666667,0.678333333333333,12.7583388888889,2.83413333333334,201,3.0881,3.4493,0.3612,8.22984737125675,"",15.5025218735504,3.44372526668201
"202",20260702,"3","October_2024","Susceptible","Montipora capitata",0.114,0.215,0.0693333333333333,0.061,0.053,0.154,2.87716666666667,1.46125,193,3.3883,3.8112,0.4229,9.63566570682303,"",2.98595525644828,1.51650134454674
"203",20260702,"4","October_2024","Resistant","Montipora capitata",0.167333333333333,0.471,0.068,0.061,0.106333333333333,0.41,7.69707777777778,2.32045,194,5.1658,5.8607,0.6949,15.8331144470828,"",4.8613794863309,1.46556762900652
"204",20260702,"41","May_2024","Susceptible","Porites compressa",0.176,0.507666666666667,0.0716666666666667,0.061,0.115,0.446666666666667,8.38633333333333,2.48991666666667,158,2.9568,3.2532,0.2964,6.75339634784192,"",12.4179492826794,3.68691031655847
"205",20260702,"41","October_2024","Susceptible","Porites compressa",0.243,0.785333333333333,0.068,0.061,0.182,0.724333333333333,13.6044166666667,3.83508333333333,202,2.7768,3.1339,0.3571,8.13642994539254,"",16.7203758380179,4.71347182864279
"206",20260702,"42","May_2024","Resistant","Porites compressa",0.205666666666667,0.653666666666667,0.068,0.061,0.144666666666667,0.592666666666667,11.1359888888889,2.94606666666667,159,2.6487,2.9358,0.2871,6.54149828429627,"",17.0236059155168,4.50365732532421
"207",20260702,"43","October_2024","Susceptible","Porites compressa",0.197666666666667,0.598333333333333,0.068,0.061,0.136666666666667,0.537333333333333,10.0904222222222,2.91963333333333,204,5.5479,6.0774,0.5295,12.0645187792925,"",8.36371711695736,2.42001640243172
"208",20260702,"44","October_2024","Resistant","Porites compressa",0.224666666666667,0.714666666666667,0.0696666666666667,0.061,0.163666666666667,0.653666666666667,12.2777722222222,3.43486666666667,205,3.9623,4.4122,0.4499,10.2508536332459,"",11.9773168767161,3.35081037107641
"209",20260708,"1","October_2024","Susceptible","Montipora capitata",0.144333333333333,0.376666666666667,0.0673333333333333,0.063,0.0813333333333333,0.313666666666667,5.88859444444444,1.77451666666667,191,3.3684,3.9174,0.549,12.5088211705979,"",4.70755346497849,1.41861222769551
"210",20260708,"12","October_2024","Resistant","Montipora capitata",0.205666666666667,0.616333333333333,0.0693333333333333,0.063,0.142666666666667,0.553333333333333,10.3888222222222,3.09373333333333,195,4.1583,4.741,0.5827,13.2766668417257,"",7.82487227108267,2.33020333357345
"211",20260708,"19","October_2024","Susceptible","Montipora capitata",0.162666666666667,0.488666666666667,0.067,0.063,0.0996666666666667,0.425666666666667,8.00263888888889,1.92466666666667,196,2.4425,2.9485,0.506,11.5290774359245,"",6.94126562456137,1.66940215066075
"212",20260708,"2","October_2024","Resistant","Montipora capitata",0.247666666666667,0.872666666666667,0.0683333333333333,0.063,0.184666666666667,0.809666666666667,15.2271722222222,3.43921666666667,192,4.1389,4.8378,0.6989,15.9242533991455,"",9.56225189373042,2.15973495300647
"213",20260708,"20","October_2024","Resistant","Montipora capitata",0.205666666666667,0.639666666666667,0.071,0.063,0.142666666666667,0.576666666666667,10.8333222222222,2.95256666666667,197,3.8951,4.5296,0.634500000000001,14.4569162709369,"",7.49352214483024,2.04232120552727
"214",20260708,"201","October_2024","Susceptible","Montipora capitata",0.156,0.398,0.0676666666666667,0.063,0.093,0.335,6.28255,2.1722,206,3.0172,3.4133,0.3961,9.02503472800332,"",6.96124745149866,2.40686054454726
"215",20260708,"203","October_2024","Susceptible","Montipora capitata",0.161666666666667,0.431333333333333,0.0693333333333333,0.063,0.0986666666666667,0.368333333333333,6.91150555555556,2.22638333333333,208,1.9879,2.3238,0.3359,7.65339349946052,"",9.03064184017552,2.90901458743794
"216",20260708,"204","October_2024","Resistant","Montipora capitata",0.226,0.762333333333333,0.0666666666666667,0.063,0.163,0.699333333333333,13.1484333333333,3.12848333333333,209,4.2963,4.8608,0.564500000000001,12.8619846098406,"",10.2227095834601,2.43234883902734
"217",20260708,"205","January_2024","Susceptible","Montipora capitata",0.161,0.445,0.071,0.063,0.098,0.382,7.17256666666667,2.1136,120,1.7854,2.1593,0.3739,14.8768378700219,"",4.8212978654019,1.42073202549252
"218",20260708,"205","January_2025","Susceptible","Montipora capitata",0.166,0.458,0.0715,0.063,0.103,0.395,7.41488333333333,2.2607,253,1.3191,1.5862,0.2671,6.08580352398305,"",12.1839019352377,3.7147107873118
"219",20260708,"206","October_2024","Resistant","Montipora capitata",0.347,1.08433333333333,0.0693333333333333,0.063,0.284,1.02133333333333,19.1534666666667,6.64353333333333,211,6.9817,8.1889,1.2072,27.5057357325059,"May be an overestimation",6.96344458949752,2.4153265333245
"220",20260708,"209","October_2024","Susceptible","Montipora capitata",0.207666666666667,0.621666666666667,0.07,0.063,0.144666666666667,0.558666666666667,10.4882888888889,3.15176666666667,212,3.2054,3.8081,0.6027,13.7323616020389,"",7.63764397766197,2.29513812554915
"221",20260708,"210","October_2024","Resistant","Montipora capitata",0.169666666666667,0.447333333333333,0.068,0.063,0.106666666666667,0.384333333333333,7.20777222222222,2.49078333333333,213,6.0597,7.0884,1.0287,23.4386599967104,"",3.07516394846541,1.0626816267154
"222",20260708,"211","October_2024","Susceptible","Montipora capitata",0.280333333333333,0.857333333333333,0.0733333333333333,0.063,0.217333333333333,0.794333333333333,14.9002277777778,5.00688333333333,214,6.7787,7.8706,1.0919,24.8786554393002,"",5.98916119648502,2.0125216756787
"223",20260708,"213","October_2024","Susceptible","Montipora capitata",0.173333333333333,0.512666666666667,0.0713333333333333,0.063,0.110333333333333,0.449666666666667,8.44846111111111,2.26106666666667,215,1.7448,2.1297,0.3849,8.76984566222792,"",9.63353454154727,2.57822857294419
"224",20260708,"214","October_2024","Resistant","Montipora capitata",0.218,0.695333333333333,0.0736666666666667,0.063,0.155,0.632333333333333,11.8806166666667,3.17263333333333,216,3.128,3.7348,0.6068,13.8257790279031,"",8.59309022854284,2.29472301483363
"225",20260708,"220","October_2024","Resistant","Montipora capitata",0.198,0.657666666666667,0.0683333333333333,0.063,0.135,0.594666666666667,11.1844,2.49751666666667,218,2.962,3.4617,0.4997,11.3855335864258,"",9.82334285442221,2.19358772051253
"226",20260708,"221","January_2024","Susceptible","Montipora capitata",0.145,0.381333333333333,0.066,0.063,0.082,0.318333333333333,5.97678333333333,1.77638333333333,130,3.6151,4.1987,0.5836,23.2204401736956,"",2.57393197055063,0.765008466698078
"227",20260708,"226","October_2024","Resistant","Porites compressa",0.272333333333333,0.952666666666667,0.0703333333333333,0.063,0.209333333333333,0.889666666666667,16.7248611111111,4.06891666666667,221,7.5408,8.2515,0.7107,16.1931133077303,"",10.3283789801724,2.51274513389852
"228",20260708,"233","October_2024","Susceptible","Porites compressa",0.208333333333333,0.622666666666667,0.0726666666666667,0.063,0.145333333333333,0.559666666666667,10.5066277777778,3.17581666666667,222,4.1879,4.5387,0.3508,7.99288609589388,"",13.1449737325486,3.97330404632959
"229",20260708,"235","January_2024","Susceptible","Porites compressa",0.283333333333333,1.012,0.069,0.063,0.220333333333333,0.949,17.8434277777778,4.2066,135,6.4411,7.1575,0.7164,28.5043237498896,"",6.2599021588249,1.47577610923546
"230",20260708,"236","October_2024","Resistant","Porites compressa",0.244,0.903666666666667,0.066,0.063,0.181,0.840666666666667,15.8216333333333,3.08611666666667,225,3.5941,3.9309,0.3368,7.67389976367461,"",20.6174615522437,4.02157542019925
"231",20260708,"237","October_2024","Susceptible","Porites compressa",0.340333333333333,1.19,0.068,0.063,0.277333333333333,1.127,21.1735277777778,5.70325,226,3.7849,4.2897,0.5048,11.5017357503057,"",18.4089847284268,4.95859940083254
"232",20260708,"238","October_2024","Resistant","Porites compressa",0.249333333333333,0.91,0.0673333333333333,0.063,0.186333333333333,0.847,15.9365944444444,3.2886,227,4.0128,4.5805,0.567699999999999,12.9348957714907,"",12.3206206883937,2.54242481585996
"233",20260708,"240","October_2024","Resistant","Porites compressa",0.409666666666667,1.535,0.0713333333333333,0.063,0.346666666666667,1.472,27.6718222222222,6.7464,229,5.5888,6.1386,0.5498,12.5270489610104,"",22.0896575948166,5.38546629856538
"234",20260708,"241","October_2024","Susceptible","Porites compressa",0.205666666666667,0.697666666666667,0.0673333333333333,0.063,0.142666666666667,0.634666666666667,11.9382222222222,2.60166666666667,230,4.8257,5.2982,0.472499999999999,10.7657887123998,"",11.0890363364386,2.4166057277997
"235",20260708,"244","October_2024","Resistant","Porites compressa",0.278666666666667,1.011,0.0686666666666667,0.063,0.215666666666667,0.948,17.8293555555556,4.00195,233,9.8881,10.6889,0.800800000000001,18.2460182029413,"",9.77164187673639,2.19332785678953
"236",20260708,"26","October_2024","Resistant","Porites compressa",0.228,0.849666666666667,0.0693333333333333,0.063,0.165,0.786666666666667,14.81,2.69041666666667,198,4.7033,5.2417,0.5384,12.2673029476319,"",12.0727433431967,2.19316069567356
"237",20260708,"27","October_2024","Susceptible","Porites compressa",0.284333333333333,1.009,0.069,0.063,0.221333333333333,0.946,17.7852111111111,4.2699,199,4.4456,4.9307,0.4851,11.0528764113971,"",16.0910250410219,3.8631572823859
"238",20260708,"28","October_2024","Resistant","Porites compressa",0.22,0.754,0.068,0.063,0.157,0.691,12.9960833333333,2.908,200,3.3026,3.7628,0.4602,10.4855364348072,"",12.3942951456372,2.77334404212908
"239",20260708,"4","January_2025","Resistant","Montipora capitata",0.162333333333333,0.467333333333333,0.068,0.063,0.0993333333333333,0.404333333333333,7.59659444444445,2.03868333333333,239,1.6692,1.9726,0.3034,6.91288951395154,"",10.9890291593885,2.94910446524406
"240",20260708,"42","October_2024","Resistant","Porites compressa",0.336333333333333,1.33433333333333,0.069,0.063,0.273333333333333,1.27133333333333,23.9273444444444,4.64943333333334,203,6.7254,7.3365,0.6111,13.9237534013704,"",17.1845505695968,3.33920976572002
