Date,Run ,Well,ColonyID,Timepoint,A235,A280,A310,A320,A330,A334,Dilution,Notes
8/5/23,Run 1,A1,1,April_2023,0.43,0.201,0.158,0.162,0.14,0.123,8,
8/5/23,Run 1,B1,11,April_2023,0.513,0.236,0.245,0.259,0.213,0.177,4,
8/5/23,Run 1,C1,19,April_2023,0.635,0.302,0.285,0.309,0.262,0.218,4,
8/5/23,Run 1,D1,29,April_2023,0.781,0.493,0.327,0.36,0.367,0.36,8,
8/5/23,Run 1,E1,44,April_2023,0.34,0.182,0.141,0.145,0.141,0.138,8,
8/5/23,Run 1,A2,1,April_2023,0.42,0.195,0.159,0.164,0.142,0.124,8,
8/5/23,Run 1,B2,11,April_2023,0.484,0.21,0.224,0.237,0.195,0.162,4,
8/5/23,Run 1,C2,19,April_2023,0.614,0.287,0.275,0.299,0.253,0.211,4,
8/5/23,Run 1,D2,29,April_2023,0.735,0.463,0.307,0.34,0.347,0.34,8,
8/5/23,Run 1,E2,44,April_2023,0.331,0.176,0.138,0.142,0.138,0.134,8,
8/5/23,Run 1,A3,1,April_2023,0.453,0.208,0.168,0.174,0.15,0.13,8,
8/5/23,Run 1,B3,11,April_2023,0.479,0.207,0.22,0.234,0.193,0.159,4,
8/5/23,Run 1,C3,19,April_2023,0.59,0.273,0.264,0.289,0.244,0.202,4,
8/5/23,Run 1,D3,29,April_2023,0.733,0.462,0.307,0.339,0.346,0.34,8,
8/5/23,Run 1,E3,44,April_2023,0.326,0.173,0.137,0.141,0.137,0.133,8,
8/5/23,Run 1,A4,2,April_2023,0.717,0.278,0.231,0.238,0.203,0.175,4,
8/5/23,Run 1,B4,12,April_2023,0.353,0.158,0.134,0.141,0.123,0.107,4,
8/5/23,Run 1,C4,26,April_2023,0.481,0.284,0.201,0.212,0.207,0.201,8,
8/5/23,Run 1,D4,41,April_2023,0.369,0.219,0.155,0.162,0.158,0.154,8,
8/5/23,Run 1,E4,45,April_2023,0.565,0.328,0.245,0.264,0.26,0.251,8,
8/5/23,Run 1,A5,2,April_2023,0.703,0.273,0.227,0.233,0.198,0.172,4,
8/5/23,Run 1,B5,12,April_2023,0.325,0.146,0.122,0.128,0.112,0.098,4,
8/5/23,Run 1,C5,26,April_2023,0.462,0.273,0.193,0.203,0.198,0.192,8,
8/5/23,Run 1,D5,41,April_2023,0.358,0.212,0.151,0.158,0.154,0.149,8,
8/5/23,Run 1,E5,45,April_2023,0.494,0.287,0.215,0.231,0.227,0.22,8,
8/5/23,Run 1,A6,2,April_2023,0.731,0.282,0.231,0.239,0.203,0.175,4,
8/5/23,Run 1,B6,12,April_2023,0.337,0.151,0.128,0.135,0.118,0.103,4,
8/5/23,Run 1,C6,26,April_2023,0.467,0.274,0.195,0.205,0.2,0.193,8,
8/5/23,Run 1,D6,41,April_2023,0.357,0.213,0.152,0.158,0.154,0.15,8,
8/5/23,Run 1,E6,45,April_2023,0.51,0.297,0.225,0.241,0.24,0.247,8,
8/5/23,Run 1,A7,3,April_2023,0.587,0.195,0.161,0.167,0.144,0.126,4,
8/5/23,Run 1,B7,15,April_2023,0.637,0.269,0.258,0.278,0.231,0.191,4,
8/5/23,Run 1,C7,27,April_2023,0.414,0.23,0.158,0.162,0.156,0.151,8,
8/5/23,Run 1,D7,42,April_2023,0.471,0.306,0.235,0.251,0.242,0.233,8,
8/5/23,Run 1,E7,Blank,NA,0.102,0.052,0.044,0.042,0.038,0.037,NA,
8/5/23,Run 1,A8,3,April_2023,0.564,0.186,0.154,0.16,0.138,0.121,4,
8/5/23,Run 1,B8,15,April_2023,0.627,0.268,0.255,0.275,0.229,0.19,4,
8/5/23,Run 1,C8,27,April_2023,0.389,0.217,0.15,0.153,0.148,0.144,8,
8/5/23,Run 1,D8,42,April_2023,0.414,0.269,0.208,0.226,0.22,0.211,8,
8/5/23,Run 1,E8,Blank,NA,0.098,0.05,0.043,0.04,0.038,0.037,NA,
8/5/23,Run 1,A9,3,April_2023,0.561,0.185,0.153,0.159,0.138,0.12,4,
8/5/23,Run 1,B9,15,April_2023,0.675,0.289,0.272,0.291,0.243,0.204,4,
8/5/23,Run 1,C9,27,April_2023,0.408,0.23,0.159,0.162,0.157,0.152,8,
8/5/23,Run 1,D9,42,April_2023,0.414,0.271,0.207,0.223,0.215,0.208,8,
8/5/23,Run 1,E9,Blank,NA,0.102,0.053,0.045,0.043,0.04,0.039,NA,
8/5/23,Run 1,A10,4,April_2023,0.622,0.267,0.286,0.312,0.259,0.211,4,
8/5/23,Run 1,B10,16,April_2023,0.707,0.306,0.323,0.354,0.285,0.226,4,
8/5/23,Run 1,C10,28,April_2023,0.466,0.287,0.223,0.232,0.217,0.208,8,
8/5/23,Run 1,D10,43,April_2023,0.51,0.291,0.229,0.254,0.257,0.25,8,
8/5/23,Run 1,A11,4,April_2023,0.628,0.27,0.29,0.315,0.261,0.214,4,
8/5/23,Run 1,B11,16,April_2023,0.702,0.309,0.324,0.353,0.286,0.228,4,
8/5/23,Run 1,C11,28,April_2023,0.46,0.282,0.217,0.226,0.213,0.204,8,
8/5/23,Run 1,D11,43,April_2023,0.465,0.264,0.207,0.228,0.23,0.224,8,
8/5/23,Run 1,A12,4,April_2023,0.633,0.275,0.289,0.314,0.261,0.215,4,
8/5/23,Run 1,B12,16,April_2023,0.697,0.301,0.317,0.348,0.28,0.223,4,
8/5/23,Run 1,C12,28,April_2023,0.508,0.312,0.24,0.247,0.232,0.223,8,
8/5/23,Run 1,D12,43,April_2023,0.492,0.281,0.222,0.243,0.244,0.238,8,
8/6/23,Run 1,B1,204,April_2023,0.739,0.299,0.271,0.291,0.245,0.207,4,
8/6/23,Run 1,C1,46,April_2023,0.572,0.318,0.255,0.276,0.274,0.265,8,
8/6/23,Run 1,D1,234,April_2023,0.504,0.326,0.228,0.251,0.25,0.244,8,
8/6/23,Run 1,E1,238,April_2023,0.332,0.182,0.143,0.149,0.144,0.139,8,
8/6/23,Run 1,F1,203,April_2023,0.628,0.22,0.235,0.26,0.22,0.183,8,Data from plate 2 of 8/6/23
8/6/23,Run 1,B2,204,April_2023,0.747,0.284,0.278,0.298,0.246,0.204,4,
8/6/23,Run 1,C2,46,April_2023,0.655,0.366,0.292,0.317,0.316,0.306,8,
8/6/23,Run 1,D2,234,April_2023,0.634,0.4,0.283,0.304,0.3,0.292,8,
8/6/23,Run 1,E2,238,April_2023,0.401,0.219,0.171,0.178,0.171,0.165,8,
8/6/23,Run 1,F2,203,April_2023,0.61,0.21,0.224,0.247,0.208,0.171,8,Data from plate 2 of 8/6/23
8/6/23,Run 1,B3,204,April_2023,0.724,0.278,0.266,0.285,0.234,0.193,4,
8/6/23,Run 1,C3,46,April_2023,0.851,0.463,0.36,0.393,0.387,0.371,8,
8/6/23,Run 1,D3,234,April_2023,0.58,0.376,0.27,0.29,0.286,0.276,8,
8/6/23,Run 1,E3,238,April_2023,0.407,0.227,0.175,0.186,0.179,0.172,8,
8/6/23,Run 1,F3,203,April_2023,0.575,0.206,0.22,0.242,0.203,0.169,8,Data from plate 2 of 8/6/23
8/6/23,Run 1,B4,206,April_2023,0.858,0.362,0.294,0.308,0.26,0.221,4,
8/6/23,Run 1,C4,225,April_2023,0.514,0.292,0.221,0.232,0.218,0.208,8,
8/6/23,Run 1,D4,235,April_2023,0.624,0.395,0.297,0.323,0.315,0.302,8,
8/6/23,Run 1,E4,20,April_2023,0.793,0.34,0.3,0.317,0.264,0.223,4,
8/6/23,Run 1,B5,206,April_2023,0.818,0.351,0.273,0.294,0.257,0.223,4,
8/6/23,Run 1,C5,225,April_2023,0.511,0.282,0.213,0.221,0.209,0.202,8,
8/6/23,Run 1,D5,235,April_2023,0.6,0.38,0.294,0.324,0.318,0.305,8,
8/6/23,Run 1,E5,20,April_2023,0.756,0.317,0.28,0.303,0.256,0.213,4,
8/6/23,Run 1,B6,206,April_2023,0.717,0.304,0.251,0.264,0.225,0.192,4,
8/6/23,Run 1,C6,225,April_2023,0.498,0.281,0.218,0.227,0.214,0.205,8,
8/6/23,Run 1,D6,235,April_2023,0.586,0.376,0.281,0.305,0.294,0.28,8,
8/6/23,Run 1,E6,20,April_2023,0.843,0.354,0.298,0.315,0.265,0.226,4,
8/6/23,Run 1,A7,202,April_2023,0.486,0.202,0.242,0.265,0.216,0.176,4,
8/6/23,Run 1,B7,207,April_2023,0.521,0.213,0.186,0.197,0.17,0.144,4,
8/6/23,Run 1,C7,226,April_2023,0.516,0.277,0.2,0.2,0.185,0.178,8,
8/6/23,Run 1,D7,236,April_2023,0.443,0.265,0.208,0.22,0.213,0.205,8,
8/6/23,Run 1,E7,201,April_2023,0.758,0.296,0.252,0.268,0.234,0.203,4,
8/6/23,Run 1,A8,202,April_2023,0.509,0.208,0.255,0.275,0.222,0.18,4,
8/6/23,Run 1,B8,207,April_2023,0.524,0.21,0.177,0.185,0.16,0.139,4,
8/6/23,Run 1,C8,226,April_2023,0.501,0.272,0.198,0.2,0.187,0.18,8,
8/6/23,Run 1,D8,236,April_2023,0.4,0.234,0.181,0.19,0.185,0.178,8,
8/6/23,Run 1,E8,201,April_2023,0.771,0.275,0.255,0.26,0.221,0.192,4,
8/6/23,Run 1,A9,202,April_2023,0.485,0.212,0.241,0.269,0.217,0.175,4,
8/6/23,Run 1,B9,207,April_2023,0.531,0.222,0.191,0.201,0.173,0.151,4,
8/6/23,Run 1,C9,226,April_2023,0.538,0.286,0.206,0.202,0.186,0.178,8,
8/6/23,Run 1,D9,236,April_2023,0.385,0.228,0.177,0.189,0.185,0.178,8,
8/6/23,Run 1,E9,201,April_2023,0.815,0.313,0.266,0.276,0.238,0.206,4,
8/6/23,Run 1,B10,208,April_2023,0.733,0.315,0.309,0.337,0.282,0.234,4,
8/6/23,Run 1,C10,233,April_2023,0.481,0.252,0.216,0.229,0.215,0.2,8,
8/6/23,Run 1,D10,237,April_2023,0.373,0.208,0.153,0.151,0.141,0.136,8,
8/6/23,Run 1,E10,Blank,NA,0.102,0.053,0.045,0.043,0.04,0.039,NA,
8/6/23,Run 1,B11,208,April_2023,0.739,0.32,0.316,0.345,0.288,0.238,4,
8/6/23,Run 1,C11,233,April_2023,0.448,0.242,0.206,0.22,0.207,0.194,8,
8/6/23,Run 1,D11,237,April_2023,0.396,0.213,0.149,0.146,0.136,0.13,8,
8/6/23,Run 1,E11,Blank,NA,0.108,0.056,0.047,0.045,0.042,0.041,NA,
8/6/23,Run 1,B12,208,April_2023,0.664,0.28,0.291,0.318,0.266,0.218,4,
8/6/23,Run 1,C12,233,April_2023,0.463,0.245,0.208,0.218,0.205,0.193,8,
8/6/23,Run 1,D12,237,April_2023,0.368,0.201,0.151,0.151,0.141,0.137,8,
8/6/23,Run 1,E12,Blank,NA,0.117,0.062,0.053,0.05,0.047,0.046,NA,
8/7/23,Run 1,A1,209,April_2023,0.591,0.227,0.212,0.228,0.191,0.162,8,
8/7/23,Run 1,B1,213,April_2023,0.44,0.166,0.181,0.196,0.162,0.132,8,
8/7/23,Run 1,C1,242,April_2023,0.355,0.19,0.154,0.164,0.163,0.159,8,
8/7/23,Run 1,D1,220,April_2023,0.374,0.163,0.199,0.222,0.185,0.151,8,
8/7/23,Run 1,E1,248,April_2023,0.465,0.285,0.185,0.196,0.192,0.187,8,
8/7/23,Run 1,A2,209,April_2023,0.544,0.225,0.219,0.23,0.194,0.163,8,
8/7/23,Run 1,B2,213,April_2023,0.427,0.165,0.183,0.198,0.163,0.134,8,
8/7/23,Run 1,C2,242,April_2023,0.377,0.197,0.16,0.167,0.165,0.159,8,
8/7/23,Run 1,D2,220,April_2023,0.346,0.158,0.191,0.212,0.177,0.145,8,
8/7/23,Run 1,E2,248,April_2023,0.449,0.276,0.185,0.192,0.188,0.181,8,
8/7/23,Run 1,A3,209,April_2023,0.531,0.222,0.206,0.224,0.193,0.163,8,
8/7/23,Run 1,B3,213,April_2023,0.439,0.164,0.179,0.195,0.16,0.13,8,
8/7/23,Run 1,C3,242,April_2023,0.36,0.192,0.153,0.162,0.16,0.155,8,
8/7/23,Run 1,D3,220,April_2023,0.369,0.166,0.197,0.219,0.184,0.151,8,
8/7/23,Run 1,E3,248,April_2023,0.435,0.266,0.174,0.182,0.18,0.175,8,
8/7/23,Run 1,A4,210,April_2023,0.374,0.16,0.119,0.133,0.124,0.11,8,
8/7/23,Run 1,B4,214,April_2023,0.386,0.168,0.224,0.245,0.195,0.155,8,
8/7/23,Run 1,C4,217,April_2023,0.327,0.146,0.154,0.162,0.134,0.111,8,
8/7/23,Run 1,D4,221,April_2023,0.39,0.153,0.152,0.165,0.141,0.12,8,
8/7/23,Run 1,E4,Blank,NA,0.109,0.056,0.048,0.045,0.042,0.041,NA,
8/7/23,Run 1,A5,210,April_2023,0.377,0.159,0.133,0.134,0.119,0.107,8,
8/7/23,Run 1,B5,214,April_2023,0.369,0.16,0.215,0.237,0.192,0.152,8,
8/7/23,Run 1,C5,217,April_2023,0.326,0.148,0.151,0.16,0.133,0.111,8,
8/7/23,Run 1,D5,221,April_2023,0.376,0.149,0.148,0.16,0.137,0.117,8,
8/7/23,Run 1,E5,Blank,NA,0.105,0.054,0.046,0.043,0.041,0.041,NA,
8/7/23,Run 1,A6,210,April_2023,0.404,0.171,0.128,0.127,0.119,0.105,8,
8/7/23,Run 1,B6,214,April_2023,0.38,0.166,0.219,0.24,0.194,0.156,8,
8/7/23,Run 1,C6,217,April_2023,0.324,0.15,0.158,0.168,0.14,0.117,8,
8/7/23,Run 1,D6,221,April_2023,0.376,0.148,0.149,0.16,0.137,0.117,8,
8/7/23,Run 1,E6,Blank,NA,0.113,0.059,0.051,0.048,0.045,0.044,NA,
8/7/23,Run 1,A7,211,April_2023,0.464,0.174,0.16,0.166,0.141,0.121,8,
8/7/23,Run 1,B7,240,April_2023,0.506,0.307,0.238,0.265,0.271,0.265,8,
8/7/23,Run 1,C7,218,April_2023,0.392,0.167,0.141,0.148,0.128,0.111,8,
8/7/23,Run 1,D7,222,April_2023,0.348,0.154,0.134,0.14,0.123,0.109,8,
8/7/23,Run 1,A8,211,April_2023,0.445,0.166,0.15,0.156,0.134,0.116,8,
8/7/23,Run 1,B8,240,April_2023,0.47,0.287,0.219,0.241,0.24,0.232,8,
8/7/23,Run 1,C8,218,April_2023,0.368,0.161,0.136,0.144,0.126,0.111,8,
8/7/23,Run 1,D8,222,April_2023,0.292,0.124,0.112,0.118,0.103,0.091,8,
8/7/23,Run 1,A9,211,April_2023,0.454,0.168,0.151,0.157,0.135,0.117,8,
8/7/23,Run 1,B9,240,April_2023,0.461,0.283,0.217,0.241,0.241,0.234,8,
8/7/23,Run 1,C9,218,April_2023,0.402,0.174,0.15,0.157,0.137,0.12,8,
8/7/23,Run 1,D9,222,April_2023,0.299,0.127,0.114,0.121,0.106,0.092,8,
8/7/23,Run 1,A10,212,April_2023,0.483,0.188,0.165,0.175,0.151,0.13,8,
8/7/23,Run 1,B10,241,April_2023,0.433,0.251,0.207,0.225,0.221,0.212,8,
8/7/23,Run 1,C10,219,April_2023,0.468,0.173,0.189,0.207,0.173,0.143,8,
8/7/23,Run 1,D10,243,April_2023,0.31,0.17,0.139,0.147,0.144,0.139,8,
8/7/23,Run 1,A11,212,April_2023,0.471,0.188,0.164,0.172,0.149,0.129,8,
8/7/23,Run 1,B11,241,April_2023,0.438,0.255,0.205,0.219,0.214,0.207,8,
8/7/23,Run 1,C11,219,April_2023,0.459,0.169,0.186,0.205,0.171,0.142,8,
8/7/23,Run 1,D11,243,April_2023,0.305,0.168,0.137,0.144,0.141,0.136,8,
8/7/23,Run 1,A12,212,April_2023,0.488,0.195,0.172,0.181,0.157,0.136,8,
8/7/23,Run 1,B12,241,April_2023,0.403,0.23,0.19,0.206,0.201,0.193,8,
8/7/23,Run 1,C12,219,April_2023,0.482,0.178,0.192,0.211,0.177,0.146,8,
8/7/23,Run 1,D12,243,April_2023,0.306,0.169,0.137,0.145,0.142,0.137,8,
3/18/24,Run 1,E1,46,January_2024,0.791,0.456,0.35,0.374,0.365,0.353,9,
3/18/24,Run 1,F1,46,January_2024,0.793,0.459,0.351,0.377,0.367,0.355,9,
3/18/24,Run 1,G1,46,January_2024,0.668,0.385,0.296,0.315,0.307,0.296,9,
3/18/24,Run 1,A2,3,September_2023,0.814,0.303,0.238,0.254,0.22,0.189,5,
3/18/24,Run 1,B2,3,September_2023,0.821,0.306,0.241,0.257,0.222,0.19,5,
3/18/24,Run 1,C2,3,September_2023,0.82,0.304,0.24,0.257,0.221,0.19,5,
3/18/24,Run 1,A3,248,September_2023,0.534,0.325,0.215,0.225,0.222,0.216,5,
3/18/24,Run 1,B3,248,September_2023,0.518,0.317,0.21,0.22,0.22,0.213,5,
3/18/24,Run 1,C3,248,September_2023,0.519,0.318,0.21,0.22,0.219,0.213,5,
3/18/24,Run 1,A4,205,September_2023,0.599,0.255,0.258,0.281,0.238,0.2,5,
3/18/24,Run 1,B4,205,September_2023,0.598,0.258,0.262,0.283,0.241,0.202,5,
3/18/24,Run 1,C4,205,September_2023,0.59,0.253,0.257,0.28,0.237,0.199,5,
3/18/24,Run 1,A5,4,September_2023,0.779,0.317,0.278,0.298,0.255,0.216,5,
3/18/24,Run 1,B5,4,September_2023,0.798,0.323,0.283,0.305,0.26,0.22,5,
3/18/24,Run 1,C5,4,September_2023,0.782,0.317,0.28,0.301,0.257,0.217,5,
3/18/24,Run 1,A6,42,September_2023,0.501,0.328,0.256,0.278,0.272,0.263,5,
3/18/24,Run 1,B6,42,September_2023,0.509,0.332,0.259,0.282,0.276,0.267,5,
3/18/24,Run 1,C6,42,September_2023,0.503,0.331,0.258,0.281,0.275,0.265,5,
3/18/24,Run 1,A7,20,September_2023,0.682,0.314,0.298,0.326,0.27,0.22,5,
3/18/24,Run 1,B7,20,September_2023,0.695,0.32,0.304,0.334,0.276,0.226,5,
3/18/24,Run 1,C7,20,September_2023,0.697,0.32,0.303,0.333,0.277,0.226,5,
3/18/24,Run 1,E8,237,January_2024,0.844,0.488,0.383,0.403,0.382,0.365,9,
3/18/24,Run 1,F8,237,January_2024,0.851,0.495,0.388,0.407,0.386,0.369,9,
3/18/24,Run 1,G8,237,January_2024,0.797,0.463,0.363,0.381,0.362,0.346,9,
3/18/24,Run 1,E9,219,January_2024,0.936,0.35,0.362,0.402,0.34,0.275,5,
3/18/24,Run 1,F9,219,January_2024,0.966,0.354,0.368,0.409,0.342,0.28,5,
3/18/24,Run 1,G9,219,January_2024,0.878,0.325,0.34,0.377,0.316,0.262,5,
3/18/24,Run 1,A10,220,January_2024,0.835,0.394,0.489,0.561,0.458,0.361,5,
3/18/24,Run 1,B10,220,January_2024,0.883,0.414,0.514,0.591,0.482,0.378,5,
3/18/24,Run 1,C10,220,January_2024,0.865,0.405,0.503,0.578,0.471,0.37,5,
3/18/24,Run 1,A11,Blank,NA,0.103,0.052,0.044,0.041,0.039,0.038,NA,
3/18/24,Run 1,B11,Blank,NA,0.106,0.052,0.044,0.041,0.039,0.038,NA,
3/18/24,Run 1,C11,Blank,NA,0.104,0.051,0.043,0.04,0.038,0.036,NA,
3/19/24,Run 1,A1,45,January_2024,0.939,0.579,0.413,0.448,0.441,0.434,5,
3/19/24,Run 1,B1,45,January_2024,0.97,0.597,0.427,0.463,0.456,0.441,5,
3/19/24,Run 1,C1,45,January_2024,0.967,0.599,0.427,0.463,0.457,0.441,5,
3/19/24,Run 1,A2,206,January_2024,1.03,0.487,0.396,0.428,0.363,0.304,5,
3/19/24,Run 1,B2,206,January_2024,1.01,0.475,0.389,0.425,0.357,0.3,5,
3/19/24,Run 1,C2,206,January_2024,1.012,0.481,0.396,0.428,0.364,0.308,5,
3/19/24,Run 1,A3,244,January_2024,1.005,0.588,0.455,0.489,0.475,0.458,5,
3/19/24,Run 1,B3,244,January_2024,1.011,0.589,0.454,0.488,0.474,0.457,5,
3/19/24,Run 1,C3,244,January_2024,0.99,0.577,0.447,0.481,0.467,0.45,5,
3/19/24,Run 1,A4,201,January_2024,1,0.387,0.391,0.433,0.365,0.3,5,
3/19/24,Run 1,B4,201,January_2024,1.033,0.395,0.399,0.442,0.37,0.304,5,
3/19/24,Run 1,C4,201,January_2024,0.992,0.385,0.389,0.433,0.363,0.3,5,
3/19/24,Run 1,E5,225,January_2024,0.789,0.443,0.345,0.367,0.352,0.338,9,
3/19/24,Run 1,F5,225,January_2024,0.782,0.437,0.341,0.362,0.347,0.334,9,
3/19/24,Run 1,G5,225,January_2024,0.729,0.409,0.32,0.34,0.326,0.313,9,
3/19/24,Run 1,A6,210,September_2023,0.787,0.343,0.265,0.28,0.232,0.194,5,
3/19/24,Run 1,B6,210,September_2023,0.8,0.347,0.267,0.283,0.234,0.195,5,
3/19/24,Run 1,C6,210,September_2023,0.797,0.346,0.269,0.284,0.236,0.196,5,
3/19/24,Run 1,A7,221,September_2023,0.934,0.347,0.243,0.25,0.221,0.196,5,
3/19/24,Run 1,B7,221,September_2023,0.94,0.346,0.245,0.252,0.225,0.201,5,
3/19/24,Run 1,C7,221,September_2023,0.9,0.337,0.24,0.248,0.22,0.197,5,
3/19/24,Run 1,A8,247,September_2023,0.523,0.301,0.199,0.2,0.191,0.187,5,
3/19/24,Run 1,B8,247,September_2023,0.544,0.315,0.208,0.21,0.201,0.196,5,
3/19/24,Run 1,C8,247,September_2023,0.535,0.31,0.205,0.205,0.197,0.191,5,
3/19/24,Run 1,A9,226,January_2024,0.918,0.615,0.374,0.397,0.39,0.377,5,
3/19/24,Run 1,B9,226,January_2024,0.916,0.616,0.373,0.396,0.388,0.376,5,
3/19/24,Run 1,C9,226,January_2024,0.928,0.625,0.382,0.405,0.397,0.385,5,
3/19/24,Run 1,A10,41,September_2023,0.612,0.381,0.254,0.272,0.269,0.261,5,
3/19/24,Run 1,B10,41,September_2023,0.63,0.39,0.261,0.278,0.276,0.268,5,
3/19/24,Run 1,C10,41,September_2023,0.619,0.384,0.257,0.274,0.272,0.264,5,
3/19/24,Run 1,A11,Blank,NA,0.143,0.091,0.065,0.059,0.056,0.054,NA,
3/19/24,Run 1,B11,Blank,NA,0.102,0.051,0.045,0.041,0.04,0.041,NA,
3/19/24,Run 1,C11,Blank,NA,0.099,0.049,0.042,0.04,0.037,0.036,NA,
3/21/24,Run 1,A1,205,January_2024,0.77,0.317,0.314,0.35,0.298,0.249,5,
3/21/24,Run 1,B1,205,January_2024,0.732,0.302,0.298,0.332,0.284,0.238,5,
3/21/24,Run 1,C1,205,January_2024,0.754,0.312,0.309,0.344,0.293,0.246,5,
3/21/24,Run 1,A2,3,January_2024,0.921,0.338,0.247,0.262,0.225,0.193,5,
3/21/24,Run 1,B2,3,January_2024,0.905,0.334,0.244,0.258,0.223,0.192,5,
3/21/24,Run 1,C2,3,January_2024,0.931,0.342,0.251,0.265,0.228,0.196,5,
3/21/24,Run 1,A3,2,September_2023,0.583,0.287,0.258,0.274,0.227,0.187,5,
3/21/24,Run 1,B3,2,September_2023,0.571,0.281,0.25,0.266,0.221,0.183,5,
3/21/24,Run 1,C3,2,September_2023,0.526,0.259,0.232,0.247,0.204,0.17,5,
3/21/24,Run 1,E3,Blank,NA,0.118,0.062,0.052,0.049,0.046,0.045,NA,
3/21/24,Run 1,F3,Blank,NA,0.131,0.07,0.059,0.055,0.052,0.051,NA,
3/21/24,Run 1,G3,Blank,NA,0.118,0.064,0.055,0.051,0.049,0.047,NA,
3/21/24,Run 1,A4,239,September_2023,0.77,0.457,0.35,0.369,0.349,0.333,5,
3/21/24,Run 1,B4,239,September_2023,0.758,0.45,0.345,0.363,0.343,0.327,5,
3/21/24,Run 1,C4,239,September_2023,0.766,0.457,0.351,0.368,0.348,0.332,5,
3/21/24,Run 1,A5,19,September_2023,0.851,0.384,0.306,0.33,0.284,0.243,5,
3/21/24,Run 1,B5,19,September_2023,0.859,0.387,0.306,0.328,0.284,0.243,5,
3/21/24,Run 1,C5,19,September_2023,0.817,0.368,0.294,0.317,0.273,0.234,5,
3/21/24,Run 1,A6,240,September_2023,0.74,0.463,0.344,0.383,0.384,0.372,5,
3/21/24,Run 1,B6,240,September_2023,0.737,0.461,0.343,0.38,0.381,0.368,5,
3/21/24,Run 1,C6,240,September_2023,0.744,0.466,0.348,0.386,0.387,0.374,5,
3/21/24,Run 1,E7,29,January_2024,0.742,0.481,0.332,0.369,0.376,0.367,9,
3/21/24,Run 1,F7,29,January_2024,0.727,0.469,0.323,0.36,0.367,0.359,9,
3/21/24,Run 1,G7,29,January_2024,0.703,0.456,0.313,0.349,0.357,0.351,9,
3/21/24,Run 1,A8,240,January_2024,0.804,0.529,0.391,0.438,0.437,0.421,5,
3/21/24,Run 1,B8,240,January_2024,0.822,0.543,0.402,0.45,0.449,0.433,5,
3/21/24,Run 1,C8,240,January_2024,0.833,0.55,0.407,0.456,0.455,0.439,5,
3/21/24,Run 1,A9,242,September_2023,0.492,0.278,0.22,0.233,0.23,0.224,5,
3/21/24,Run 1,B9,242,September_2023,0.503,0.286,0.226,0.24,0.237,0.23,5,
3/21/24,Run 1,C9,242,September_2023,0.497,0.281,0.223,0.236,0.232,0.226,5,
3/21/24,Run 1,A10,202,January_2024,0.968,0.42,0.536,0.608,0.488,0.382,5,
3/21/24,Run 1,B10,202,January_2024,0.982,0.422,0.535,0.606,0.487,0.381,5,
3/21/24,Run 1,C10,202,January_2024,0.961,0.415,0.528,0.598,0.481,0.375,5,
3/21/24,Run 1,A11,43,September_2023,0.72,0.438,0.318,0.337,0.329,0.317,5,
3/21/24,Run 1,B11,43,September_2023,0.687,0.402,0.3,0.322,0.315,0.303,5,
3/21/24,Run 1,C11,43,September_2023,0.682,0.399,0.298,0.32,0.314,0.302,5,
3/21/24,Run 1,A12,20,January_2024,0.947,0.42,0.424,0.469,0.381,0.306,5,
3/21/24,Run 1,B12,20,January_2024,0.914,0.403,0.408,0.452,0.367,0.295,5,
3/21/24,Run 1,C12,20,January_2024,0.944,0.413,0.424,0.469,0.381,0.305,5,
3/22/24,Run 1,A1,213,January_2024,1.087,0.393,0.374,0.408,0.342,0.283,5,
3/22/24,Run 1,B1,213,January_2024,1.094,0.392,0.376,0.411,0.343,0.284,5,
3/22/24,Run 1,C1,213,January_2024,1.091,0.392,0.377,0.412,0.344,0.284,5,
3/22/24,Run 1,E1,Blank,NA,0.105,0.053,0.044,0.042,0.039,0.038,NA,
3/22/24,Run 1,F1,Blank,NA,0.107,0.054,0.045,0.042,0.039,0.038,NA,
3/22/24,Run 1,G1,Blank,NA,0.099,0.051,0.043,0.041,0.038,0.037,NA,
3/22/24,Run 1,A2,19,January_2024,0.916,0.366,0.3,0.328,0.283,0.24,5,
3/22/24,Run 1,B2,19,January_2024,0.927,0.369,0.305,0.332,0.287,0.244,5,
3/22/24,Run 1,C2,19,January_2024,0.933,0.372,0.306,0.333,0.288,0.245,5,
3/22/24,Run 1,A3,225,September_2023,0.525,0.299,0.244,0.259,0.249,0.239,5,
3/22/24,Run 1,B3,225,September_2023,0.532,0.3,0.245,0.26,0.25,0.24,5,
3/22/24,Run 1,C3,225,September_2023,0.542,0.309,0.253,0.268,0.258,0.248,5,
3/22/24,Run 1,A4,26,September_2023,0.625,0.364,0.264,0.282,0.279,0.27,5,
3/22/24,Run 1,B4,26,September_2023,0.615,0.356,0.257,0.276,0.273,0.264,5,
3/22/24,Run 1,C4,26,September_2023,0.613,0.357,0.258,0.277,0.273,0.265,5,
3/22/24,Run 1,E5,248,January_2024,0.534,0.334,0.215,0.223,0.217,0.211,9,
3/22/24,Run 1,F5,248,January_2024,0.534,0.335,0.215,0.224,0.218,0.212,9,
3/22/24,Run 1,G5,248,January_2024,0.503,0.315,0.203,0.211,0.206,0.199,9,
3/22/24,Run 1,A6,238,September_2023,0.621,0.368,0.255,0.264,0.253,0.243,5,
3/22/24,Run 1,B6,238,September_2023,0.612,0.361,0.252,0.261,0.251,0.241,5,
3/22/24,Run 1,C6,238,September_2023,0.602,0.355,0.248,0.257,0.247,0.237,5,
3/22/24,Run 1,E7,210,January_2024,0.622,0.259,0.189,0.197,0.172,0.158,9,
3/22/24,Run 1,F7,210,January_2024,0.618,0.259,0.185,0.197,0.174,0.157,9,
3/22/24,Run 1,G7,210,January_2024,0.553,0.259,0.172,0.179,0.158,0.14,9,
3/22/24,Run 1,A8,29,September_2023,0.685,0.437,0.305,0.332,0.336,0.329,5,
3/22/24,Run 1,B8,29,September_2023,0.706,0.449,0.313,0.341,0.345,0.338,5,
3/22/24,Run 1,C8,29,September_2023,0.683,0.436,0.305,0.332,0.336,0.328,5,
3/22/24,Run 1,E9,239,January_2024,0.811,0.465,0.386,0.411,0.392,0.373,9,
3/22/24,Run 1,F9,239,January_2024,0.795,0.454,0.377,0.403,0.383,0.365,9,
3/22/24,Run 1,G9,239,January_2024,0.759,0.435,0.362,0.387,0.369,0.352,9,
3/22/24,Run 1,A10,204,September_2023,0.662,0.269,0.288,0.315,0.26,0.211,5,
3/22/24,Run 1,B10,204,September_2023,0.664,0.269,0.287,0.315,0.259,0.211,5,
3/22/24,Run 1,C10,204,September_2023,0.671,0.27,0.29,0.317,0.261,0.212,5,
3/22/24,Run 1,A11,211,September_2023,0.805,0.305,0.245,0.25,0.212,0.183,5,
3/22/24,Run 1,B11,211,September_2023,0.82,0.313,0.248,0.255,0.216,0.185,5,
3/22/24,Run 1,C11,211,September_2023,0.795,0.303,0.241,0.248,0.211,0.182,5,
3/22/24,Run 1,A12,4,January_2024,0.998,0.44,0.4,0.435,0.365,0.3,5,
3/22/24,Run 1,B12,4,January_2024,0.979,0.421,0.388,0.423,0.356,0.294,5,
3/22/24,Run 1,C12,4,January_2024,0.997,0.436,0.401,0.438,0.369,0.306,5,
3/25/24,Run 1,A1,12,January_2024,0.59,0.278,0.225,0.246,0.213,0.182,5,
3/25/24,Run 1,B1,12,January_2024,0.608,0.29,0.232,0.251,0.218,0.187,5,
3/25/24,Run 1,C1,12,January_2024,0.602,0.286,0.229,0.251,0.217,0.185,5,
3/25/24,Run 1,A2,241,September_2023,0.448,0.272,0.215,0.229,0.223,0.213,5,
3/25/24,Run 1,B2,241,September_2023,0.428,0.25,0.204,0.22,0.214,0.205,5,
3/25/24,Run 1,C2,241,September_2023,0.431,0.254,0.207,0.223,0.217,0.209,5,
3/25/24,Run 1,E3,235,January_2024,0.605,0.394,0.287,0.31,0.301,0.288,9,
3/25/24,Run 1,F3,235,January_2024,0.578,0.359,0.279,0.306,0.3,0.285,9,
3/25/24,Run 1,G3,235,January_2024,0.572,0.359,0.282,0.306,0.298,0.285,9,
3/25/24,Run 1,A4,28,September_2023,0.672,0.433,0.334,0.348,0.327,0.313,5,
3/25/24,Run 1,B4,28,September_2023,0.679,0.439,0.337,0.353,0.33,0.316,5,
3/25/24,Run 1,C4,28,September_2023,0.662,0.427,0.328,0.343,0.321,0.307,5,
3/25/24,Run 1,A5,45,September_2023,0.569,0.336,0.251,0.269,0.264,0.255,5,
3/25/24,Run 1,B5,45,September_2023,0.581,0.343,0.256,0.274,0.269,0.259,5,
3/25/24,Run 1,C5,45,September_2023,0.589,0.349,0.261,0.278,0.273,0.263,5,
3/25/24,Run 1,A6,244,September_2023,0.59,0.337,0.26,0.274,0.267,0.259,5,
3/25/24,Run 1,B6,244,September_2023,0.592,0.338,0.26,0.274,0.267,0.258,5,
3/25/24,Run 1,C6,244,September_2023,0.596,0.344,0.264,0.278,0.272,0.263,5,
3/25/24,Run 1,E7,242,January_2024,0.549,0.31,0.234,0.245,0.239,0.231,9,
3/25/24,Run 1,F7,242,January_2024,0.59,0.353,0.249,0.257,0.25,0.242,9,
3/25/24,Run 1,G7,242,January_2024,0.576,0.337,0.253,0.263,0.256,0.248,9,
3/25/24,Run 1,E8,27,January_2024,0.573,0.319,0.221,0.235,0.232,0.225,9,
3/25/24,Run 1,F8,27,January_2024,0.572,0.319,0.222,0.235,0.232,0.225,9,
3/25/24,Run 1,G8,27,January_2024,0.559,0.314,0.219,0.232,0.229,0.221,9,
3/25/24,Run 1,A9,202,September_2023,0.715,0.322,0.352,0.386,0.316,0.255,5,
3/25/24,Run 1,B9,202,September_2023,0.715,0.318,0.35,0.385,0.315,0.254,5,
3/25/24,Run 1,C9,202,September_2023,0.699,0.311,0.347,0.377,0.309,0.248,5,
3/25/24,Run 1,E10,209,January_2024,0.9,0.355,0.292,0.311,0.265,0.048,9,From 2nd run
3/25/24,Run 1,F10,209,January_2024,0.883,0.346,0.286,0.304,0.26,0.046,9,From 2nd run
3/25/24,Run 1,G10,209,January_2024,0.791,0.309,0.261,0.279,0.237,0.044,9,From 2nd run
3/25/24,Run 1,A11,44,January_2024,0.96,0.545,0.404,0.429,0.418,0.404,5,
3/25/24,Run 1,B11,44,January_2024,0.951,0.539,0.401,0.426,0.415,0.402,5,
3/25/24,Run 1,C11,44,January_2024,0.967,0.558,0.406,0.428,0.417,0.403,5,
3/25/24,Run 1,A12,1,September_2023,0.618,0.288,0.2,0.208,0.182,0.161,5,
3/25/24,Run 1,B12,1,September_2023,0.642,0.308,0.211,0.219,0.192,0.17,5,
3/25/24,Run 1,C12,1,September_2023,0.615,0.281,0.199,0.208,0.184,0.161,5,
3/25/24,Run 1,E12,Blank,NA,0.116,0.059,0.049,0.046,0.043,0.042,NA,
3/25/24,Run 1,F12,Blank,NA,0.133,0.07,0.058,0.054,0.05,0.049,NA,
3/25/24,Run 1,G12,Blank,NA,0.121,0.064,0.053,0.05,0.047,0.045,NA,
3/26/24,Run 1,A1,234,September_2023,0.751,0.526,0.364,0.402,0.399,0.385,5,
3/26/24,Run 1,B1,234,September_2023,0.732,0.509,0.353,0.392,0.39,0.375,5,
3/26/24,Run 1,C1,234,September_2023,0.71,0.495,0.345,0.381,0.379,0.366,5,
3/26/24,Run 1,A2,209,September_2023,0.853,0.35,0.296,0.316,0.264,0.219,5,
3/26/24,Run 1,B2,209,September_2023,0.83,0.334,0.283,0.303,0.252,0.208,5,
3/26/24,Run 1,C2,209,September_2023,0.836,0.34,0.289,0.31,0.258,0.214,5,
3/26/24,Run 1,E2,247,January_2024,0.604,0.357,0.234,0.237,0.228,0.221,9,
3/26/24,Run 1,F2,247,January_2024,0.575,0.332,0.218,0.222,0.214,0.207,9,
3/26/24,Run 1,G2,247,January_2024,0.558,0.326,0.216,0.218,0.21,0.204,9,
3/26/24,Run 1,E3,211,January_2024,0.673,0.282,0.233,0.246,0.21,0.18,9,From 2nd run
3/26/24,Run 1,F3,211,January_2024,0.676,0.29,0.233,0.246,0.211,0.181,9,From 2nd run
3/26/24,Run 1,G3,211,January_2024,0.627,0.262,0.22,0.232,0.198,0.171,9,From 2nd run
3/26/24,Run 1,E4,212,January_2024,0.636,0.28,0.242,0.261,0.221,0.186,9,From 2nd run
3/26/24,Run 1,F4,212,January_2024,0.66,0.297,0.261,0.273,0.233,0.198,9,From 2nd run
3/26/24,Run 1,G4,212,January_2024,0.634,0.289,0.254,0.273,0.231,0.198,9,From 2nd run
3/26/24,Run 1,E5,42,January_2024,0.609,0.403,0.306,0.326,0.313,0.302,9,
3/26/24,Run 1,F5,42,January_2024,0.577,0.378,0.286,0.307,0.296,0.284,9,
3/26/24,Run 1,G5,42,January_2024,0.583,0.385,0.292,0.311,0.3,0.288,9,
3/26/24,Run 1,A6,219,September_2023,0.512,0.247,0.173,0.174,0.151,0.131,5,
3/26/24,Run 1,B6,219,September_2023,0.482,0.183,0.157,0.166,0.144,0.126,5,
3/26/24,Run 1,C6,219,September_2023,0.476,0.183,0.158,0.166,0.145,0.126,5,
3/26/24,Run 1,A7,220,September_2023,0.575,0.282,0.324,0.361,0.293,0.234,5,
3/26/24,Run 1,B7,220,September_2023,0.65,0.343,0.361,0.394,0.325,0.266,5,
3/26/24,Run 1,C7,220,September_2023,0.571,0.28,0.322,0.357,0.291,0.233,5,
3/26/24,Run 1,A9,26,January_2024,0.517,0.311,0.199,0.204,0.197,0.191,9,
3/26/24,Run 1,B9,26,January_2024,0.528,0.321,0.21,0.215,0.208,0.202,9,
3/26/24,Run 1,C9,26,January_2024,0.442,0.264,0.171,0.176,0.17,0.165,9,
3/26/24,Run 1,A10,41,January_2024,0.846,0.54,0.364,0.395,0.391,0.379,5,
3/26/24,Run 1,B10,41,January_2024,0.856,0.548,0.372,0.404,0.402,0.388,5,
3/26/24,Run 1,C10,41,January_2024,0.829,0.527,0.358,0.388,0.385,0.373,5,
3/26/24,Run 1,H10,Blank,NA,0.099,0.049,0.042,0.039,0.036,0.035,NA,
3/26/24,Run 1,A11,243,September_2023,0.568,0.337,0.255,0.272,0.269,0.262,5,
3/26/24,Run 1,B11,243,September_2023,0.55,0.32,0.239,0.255,0.252,0.242,5,
3/26/24,Run 1,C11,243,September_2023,0.546,0.321,0.237,0.251,0.246,0.238,5,
3/26/24,Run 1,H11,Blank,NA,0.107,0.055,0.046,0.043,0.041,0.04,NA,
3/26/24,Run 1,A12,212,September_2023,0.401,0.193,0.172,0.181,0.15,0.125,5,
3/26/24,Run 1,B12,212,September_2023,0.386,0.18,0.161,0.171,0.142,0.117,5,
3/26/24,Run 1,C12,212,September_2023,0.379,0.178,0.16,0.17,0.14,0.115,5,
3/26/24,Run 1,H12,Blank,NA,0.153,0.112,0.064,0.054,0.05,0.048,NA,
3/29/24,Run 1,E1,203,January_2024,0.682,0.273,0.263,0.287,0.243,0.201,9,From 2nd run
3/29/24,Run 1,F1,203,January_2024,0.704,0.281,0.27,0.294,0.248,0.206,9,From 2nd run
3/29/24,Run 1,G1,203,January_2024,0.6,0.244,0.235,0.256,0.216,0.18,9,From 2nd run
3/29/24,Run 1,A2,214,September_2023,0.695,0.297,0.269,0.283,0.24,0.204,5,
3/29/24,Run 1,B2,214,September_2023,0.673,0.265,0.256,0.274,0.231,0.194,5,
3/29/24,Run 1,C2,214,September_2023,0.678,0.267,0.258,0.276,0.232,0.195,5,
3/29/24,Run 1,A3,2,January_2024,0.728,0.322,0.214,0.223,0.194,0.171,5,
3/29/24,Run 1,B3,2,January_2024,0.726,0.319,0.211,0.219,0.191,0.169,5,
3/29/24,Run 1,C3,2,January_2024,0.737,0.328,0.219,0.228,0.2,0.176,5,
3/29/24,Run 1,E4,243,January_2024,0.588,0.368,0.257,0.269,0.26,0.251,9,
3/29/24,Run 1,F4,243,January_2024,0.583,0.364,0.254,0.265,0.256,0.247,9,
3/29/24,Run 1,G4,243,January_2024,0.544,0.338,0.236,0.247,0.238,0.229,9,
3/29/24,Run 1,E5,43,January_2024,0.681,0.422,0.31,0.333,0.328,0.318,9,From 2nd run
3/29/24,Run 1,F5,43,January_2024,0.655,0.406,0.299,0.321,0.318,0.307,9,From 2nd run
3/29/24,Run 1,G5,43,January_2024,0.612,0.378,0.277,0.299,0.296,0.286,9,From 2nd run
3/29/24,Run 1,A6,28,January_2024,0.893,0.599,0.442,0.467,0.441,0.423,5,
3/29/24,Run 1,B6,28,January_2024,0.924,0.62,0.459,0.486,0.459,0.44,5,
3/29/24,Run 1,C6,28,January_2024,0.908,0.609,0.45,0.477,0.451,0.432,5,
3/29/24,Run 1,A7,235,September_2023,0.529,0.323,0.257,0.274,0.264,0.252,5,
3/29/24,Run 1,B7,235,September_2023,0.59,0.382,0.297,0.313,0.303,0.292,5,
3/29/24,Run 1,C7,235,September_2023,0.503,0.307,0.243,0.262,0.254,0.243,5,
3/29/24,Run 1,A8,206,September_2023,0.534,0.241,0.195,0.202,0.178,0.158,5,
3/29/24,Run 1,B8,206,September_2023,0.592,0.279,0.226,0.233,0.207,0.187,5,
3/29/24,Run 1,C8,206,September_2023,0.517,0.225,0.182,0.192,0.168,0.146,5,
3/29/24,Run 1,E9,234,January_2024,0.638,0.445,0.327,0.365,0.358,0.343,9,
3/29/24,Run 1,F9,234,January_2024,0.636,0.445,0.326,0.363,0.356,0.341,9,
3/29/24,Run 1,G9,234,January_2024,0.579,0.406,0.3,0.334,0.327,0.313,9,
3/29/24,Run 1,A10,201,September_2023,0.671,0.283,0.236,0.249,0.213,0.184,5,
3/29/24,Run 1,B10,201,September_2023,0.643,0.268,0.223,0.236,0.202,0.173,5,
3/29/24,Run 1,C10,201,September_2023,0.638,0.265,0.22,0.233,0.199,0.17,5,
3/29/24,Run 1,A11,226,September_2023,0.707,0.397,0.27,0.267,0.25,0.24,5,
3/29/24,Run 1,B11,226,September_2023,0.681,0.374,0.258,0.255,0.238,0.229,5,
3/29/24,Run 1,C11,226,September_2023,0.676,0.371,0.253,0.251,0.234,0.225,5,
3/29/24,Run 1,E12,203,September_2023,0.781,0.307,0.274,0.297,0.257,0.221,9,From 2nd run
3/29/24,Run 1,F12,203,September_2023,0.76,0.294,0.264,0.284,0.246,0.212,9,From 2nd run
3/29/24,Run 1,G12,203,September_2023,0.704,0.271,0.248,0.269,0.234,0.201,9,From 2nd run
4/1/24,Run 1,A1,233,September_2023,0.555,0.305,0.27,0.295,0.282,0.264,5,
4/1/24,Run 1,B1,233,September_2023,0.538,0.296,0.265,0.289,0.276,0.259,5,
4/1/24,Run 1,C1,233,September_2023,0.525,0.287,0.258,0.281,0.269,0.252,5,
4/1/24,Run 1,A2,237,September_2023,0.851,0.495,0.386,0.407,0.388,0.371,5,
4/1/24,Run 1,B2,237,September_2023,0.843,0.479,0.369,0.389,0.369,0.353,5,
4/1/24,Run 1,C2,237,September_2023,0.848,0.483,0.374,0.393,0.373,0.357,5,
4/1/24,Run 1,A3,46,September_2023,0.674,0.374,0.287,0.3,0.291,0.282,5,
4/1/24,Run 1,B3,46,September_2023,0.66,0.364,0.28,0.293,0.284,0.275,5,
4/1/24,Run 1,C3,46,September_2023,0.694,0.389,0.298,0.311,0.301,0.292,5,
4/1/24,Run 1,A4,44,September_2023,0.511,0.285,0.228,0.242,0.236,0.229,5,
4/1/24,Run 1,B4,44,September_2023,0.5,0.279,0.223,0.236,0.231,0.224,5,
4/1/24,Run 1,C4,44,September_2023,0.508,0.286,0.229,0.242,0.237,0.23,5,
4/1/24,Run 1,A5,236,September_2023,0.68,0.398,0.3,0.327,0.327,0.317,5,
4/1/24,Run 1,B5,236,September_2023,0.709,0.42,0.318,0.344,0.342,0.332,5,
4/1/24,Run 1,C5,236,September_2023,0.681,0.4,0.303,0.328,0.328,0.318,5,
4/1/24,Run 1,A6,27,September_2023,0.591,0.326,0.238,0.253,0.251,0.244,5,
4/1/24,Run 1,B6,27,September_2023,0.584,0.319,0.234,0.249,0.247,0.239,5,
4/1/24,Run 1,C6,27,September_2023,0.584,0.32,0.233,0.248,0.247,0.239,5,
4/1/24,Run 1,A8,Blank,NA,0.122,0.06,0.049,0.049,0.047,0.048,5,
4/1/24,Run 1,B8,Blank,NA,0.117,0.064,0.054,0.051,0.048,0.047,5,
4/1/24,Run 1,C8,Blank,NA,0.101,0.051,0.043,0.04,0.038,0.037,5,
4/2/24,Run 1,E1,236,January_2024,0.687,0.402,0.294,0.319,0.316,0.306,9,From 2nd run
4/2/24,Run 1,F1,236,January_2024,0.843,0.616,0.348,0.355,0.348,0.337,9,From 2nd run
4/2/24,Run 1,G1,236,January_2024,0.641,0.388,0.274,0.293,0.289,0.28,9,From 2nd run
4/2/24,Run 1,A2,241,January_2024,1.035,0.628,0.492,0.55,0.554,0.523,5,
4/2/24,Run 1,B2,241,January_2024,1.031,0.626,0.492,0.548,0.542,0.52,5,
4/2/24,Run 1,C2,241,January_2024,1.071,0.654,0.513,0.572,0.566,0.543,5,
4/2/24,Run 1,A3,1,January_2024,0.915,0.361,0.262,0.282,0.247,0.216,5,
4/2/24,Run 1,B3,1,January_2024,0.913,0.361,0.262,0.28,0.246,0.215,5,
4/2/24,Run 1,C3,1,January_2024,0.941,0.376,0.273,0.292,0.257,0.225,5,
4/2/24,Run 1,E4,233,January_2024,0.727,0.408,0.372,0.41,0.385,0.357,9,From 2nd run
4/2/24,Run 1,F4,233,January_2024,0.727,0.41,0.371,0.407,0.382,0.354,9,From 2nd run
4/2/24,Run 1,G4,233,January_2024,0.679,0.381,0.349,0.383,0.36,0.334,9,From 2nd run
4/2/24,Run 1,A5,238,January_2024,0.931,0.569,0.435,0.485,0.474,0.452,5,
4/2/24,Run 1,B5,238,January_2024,0.928,0.567,0.433,0.481,0.47,0.448,5,
4/2/24,Run 1,C5,238,January_2024,0.944,0.576,0.441,0.49,0.48,0.457,5,
4/2/24,Run 1,A6,214,January_2024,0.625,0.246,0.238,0.256,0.211,0.172,5,
4/2/24,Run 1,B6,214,January_2024,0.623,0.247,0.239,0.257,0.211,0.173,5,
4/2/24,Run 1,C6,214,January_2024,0.628,0.248,0.24,0.258,0.212,0.173,5,
4/2/24,Run 1,E7,221,January_2024,0.731,0.287,0.272,0.302,0.256,0.213,9,From 2nd run
4/2/24,Run 1,F7,221,January_2024,0.726,0.288,0.272,0.302,0.257,0.215,9,From 2nd run
4/2/24,Run 1,G7,221,January_2024,0.676,0.271,0.258,0.286,0.243,0.204,9,From 2nd run
4/2/24,Run 1,A8,204,January_2024,0.892,0.367,0.352,0.388,0.322,0.26,5,
4/2/24,Run 1,B8,204,January_2024,0.866,0.362,0.346,0.382,0.316,0.258,5,
4/2/24,Run 1,C8,204,January_2024,0.869,0.357,0.345,0.382,0.316,0.256,5,
4/2/24,Run 1,A9,Blank,NA,0.112,0.059,0.051,0.048,0.045,0.044,NA,
4/2/24,Run 1,B9,Blank,NA,0.116,0.062,0.053,0.05,0.047,0.046,NA,
4/2/24,Run 1,C9,Blank,NA,0.103,0.052,0.044,0.041,0.039,0.038,NA,
6/24/26,Run 1,A1,27,October_2024,0.646,0.366,0.258,0.277,0.274,0.265,5,
6/24/26,Run 1,C1,233,October_2024,0.59,0.32,0.31,0.339,0.318,0.294,5,
6/24/26,Run 1,D1,225,October_2024,0.8,0.442,0.338,0.358,0.345,0.332,5,
6/24/26,Run 1,E1,226,October_2024,0.577,0.314,0.226,0.23,0.216,0.207,5,
6/24/26,Run 1,F1,Blank,NA,0.147,0.084,0.071,0.067,0.063,0.062,NA,
6/24/26,Run 1,G1,211,October_2024,0.909,0.381,0.346,0.372,0.315,0.265,9,From 2nd run
6/24/26,Run 1,A2,27,October_2024,0.669,0.378,0.267,0.277,0.283,0.274,5,
6/24/26,Run 1,C2,233,October_2024,0.597,0.322,0.309,0.34,0.319,0.294,5,
6/24/26,Run 1,D2,225,October_2024,0.831,0.465,0.358,0.377,0.363,0.349,5,
6/24/26,Run 1,E2,226,October_2024,0.581,0.317,0.23,0.233,0.22,0.21,5,
6/24/26,Run 1,F2,Blank,NA,0.116,0.059,0.049,0.044,0.041,0.04,NA,
6/24/26,Run 1,G2,211,October_2024,0.928,0.376,0.346,0.364,0.311,0.268,9,From 2nd run
6/24/26,Run 1,A3,27,October_2024,0.642,0.363,0.256,0.274,0.272,0.262,5,
6/24/26,Run 1,C3,233,October_2024,0.629,0.346,0.33,0.359,0.338,0.314,5,
6/24/26,Run 1,D3,225,October_2024,0.799,0.448,0.346,0.365,0.351,0.338,5,
6/24/26,Run 1,E3,226,October_2024,0.584,0.319,0.232,0.234,0.22,0.213,5,
6/24/26,Run 1,F3,Blank,NA,0.137,0.072,0.06,0.057,0.053,0.052,NA,
6/24/26,Run 1,G3,211,October_2024,0.843,0.359,0.326,0.349,0.299,0.253,9,From 2nd run
6/24/26,Run 1,B4,204,October_2024,0.96,0.406,0.374,0.398,0.337,0.287,5,
6/24/26,Run 1,C4,241,October_2024,0.515,0.31,0.248,0.276,0.274,0.263,5,
6/24/26,Run 1,D4,19,October_2024,0.82,0.378,0.324,0.332,0.284,0.246,5,
6/24/26,Run 1,E4,2,October_2024,0.793,0.39,0.322,0.337,0.288,0.249,5,
6/24/26,Run 1,F4,219,October_2024,0.736,0.296,0.302,0.331,0.276,0.233,9,From 2nd run
6/24/26,Run 1,B5,204,October_2024,0.987,0.413,0.381,0.408,0.35,0.3,5,
6/24/26,Run 1,C5,241,October_2024,0.538,0.327,0.263,0.289,0.286,0.276,5,
6/24/26,Run 1,D5,19,October_2024,0.807,0.365,0.307,0.317,0.269,0.234,5,
6/24/26,Run 1,E5,2,October_2024,0.774,0.371,0.304,0.328,0.275,0.235,5,
6/24/26,Run 1,F5,219,October_2024,0.757,0.3,0.301,0.325,0.276,0.23,9,From 2nd run
6/24/26,Run 1,B6,204,October_2024,0.951,0.395,0.372,0.401,0.341,0.286,5,
6/24/26,Run 1,C6,241,October_2024,0.519,0.311,0.251,0.278,0.274,0.264,5,
6/24/26,Run 1,D6,19,October_2024,0.788,0.352,0.301,0.321,0.271,0.233,5,
6/24/26,Run 1,E6,2,October_2024,0.782,0.373,0.304,0.328,0.275,0.235,5,
6/24/26,Run 1,F6,219,October_2024,0.628,0.257,0.266,0.282,0.24,0.206,9,From 2nd run
6/24/26,Run 1,A7,12,October_2024,0.502,0.238,0.219,0.236,0.199,0.166,5,
6/24/26,Run 1,B7,237,October_2024,0.856,0.492,0.387,0.406,0.379,0.361,5,
6/24/26,Run 1,C7,205,October_2024,0.795,0.342,0.39,0.437,0.363,0.294,5,
6/24/26,Run 1,D7,44,October_2024,0.53,0.291,0.228,0.239,0.233,0.225,5,
6/24/26,Run 1,E7,243,October_2024,0.599,0.381,0.289,0.321,0.315,0.301,5,
6/24/26,Run 1,F7,209,October_2024,0.726,0.295,0.251,0.269,0.229,0.197,9,From 2nd run
6/24/26,Run 1,A8,12,October_2024,0.488,0.233,0.216,0.233,0.2,0.166,5,
6/24/26,Run 1,B8,237,October_2024,0.909,0.524,0.41,0.426,0.399,0.381,5,
6/24/26,Run 1,C8,205,October_2024,0.753,0.33,0.378,0.424,0.35,0.282,5,
6/24/26,Run 1,D8,44,October_2024,0.522,0.286,0.223,0.234,0.228,0.22,5,
6/24/26,Run 1,E8,243,October_2024,0.624,0.399,0.305,0.337,0.33,0.315,5,
6/24/26,Run 1,F8,209,October_2024,0.726,0.295,0.25,0.263,0.226,0.192,9,From 2nd run
6/24/26,Run 1,A9,12,October_2024,0.481,0.231,0.212,0.232,0.193,0.16,5,
6/24/26,Run 1,B9,237,October_2024,0.847,0.484,0.38,0.397,0.373,0.355,5,
6/24/26,Run 1,C9,205,October_2024,0.766,0.34,0.382,0.427,0.355,0.29,5,
6/24/26,Run 1,D9,44,October_2024,0.536,0.301,0.236,0.247,0.239,0.231,5,
6/24/26,Run 1,E9,243,October_2024,0.624,0.403,0.308,0.34,0.334,0.32,5,
6/24/26,Run 1,F9,209,October_2024,0.587,0.255,0.215,0.226,0.198,0.17,9,From 2nd run
6/24/26,Run 1,A10,213,October_2024,0.62,0.281,0.278,0.299,0.252,0.212,5,
6/24/26,Run 1,C10,244,October_2024,0.811,0.464,0.409,0.452,0.445,0.428,5,
6/24/26,Run 1,E10,26,October_2024,0.705,0.427,0.306,0.335,0.334,0.324,5,
6/24/26,Run 1,F10,206,October_2024,0.81,0.373,0.37,0.408,0.348,0.287,9,From 2nd run
6/24/26,Run 1,A11,213,October_2024,0.57,0.249,0.253,0.272,0.226,0.186,5,
6/24/26,Run 1,C11,244,October_2024,0.82,0.47,0.411,0.456,0.448,0.43,5,
6/24/26,Run 1,E11,26,October_2024,0.68,0.404,0.288,0.316,0.316,0.305,5,
6/24/26,Run 1,F11,206,October_2024,0.816,0.367,0.367,0.409,0.344,0.285,9,From 2nd run
6/24/26,Run 1,A12,213,October_2024,0.569,0.241,0.237,0.262,0.215,0.176,5,
6/24/26,Run 1,C12,244,October_2024,0.827,0.476,0.419,0.465,0.456,0.438,5,
6/24/26,Run 1,E12,26,October_2024,0.681,0.407,0.29,0.318,0.318,0.307,5,
6/24/26,Run 1,F12,206,October_2024,0.697,0.32,0.322,0.355,0.3,0.252,9,From 2nd run
6/30/26,Run 2,A1,3,October_2024,0.71,0.281,0.242,0.254,0.221,0.191,5,
6/30/26,Run 2,B1,247,October_2024,0.776,0.446,0.308,0.323,0.315,0.306,5,
6/30/26,Run 2,C1,201,October_2024,0.684,0.273,0.25,0.266,0.233,0.198,5,
6/30/26,Run 2,D1,242,October_2024,0.633,0.361,0.273,0.285,0.272,0.261,5,
6/30/26,Run 2,E1,20,October_2024,0.75,0.328,0.296,0.315,0.275,0.231,5,
6/30/26,Run 2,F1,234,October_2024,0.868,0.521,0.377,0.411,0.408,0.393,5,
6/30/26,Run 2,G1,239,October_2024,0.765,0.444,0.37,0.395,0.378,0.358,9,
6/30/26,Run 2,A2,3,October_2024,0.7,0.28,0.242,0.252,0.223,0.194,5,
6/30/26,Run 2,B2,247,October_2024,0.78,0.449,0.311,0.325,0.318,0.307,5,
6/30/26,Run 2,C2,201,October_2024,0.665,0.273,0.244,0.26,0.224,0.192,5,
6/30/26,Run 2,D2,242,October_2024,0.658,0.378,0.287,0.298,0.284,0.273,5,
6/30/26,Run 2,E2,20,October_2024,0.752,0.339,0.304,0.322,0.279,0.238,5,
6/30/26,Run 2,F2,234,October_2024,0.847,0.503,0.363,0.398,0.394,0.38,5,
6/30/26,Run 2,G2,239,October_2024,0.831,0.482,0.402,0.43,0.411,0.391,9,
6/30/26,Run 2,A3,3,October_2024,0.641,0.26,0.223,0.238,0.209,0.181,5,
6/30/26,Run 2,B3,247,October_2024,0.755,0.434,0.302,0.314,0.306,0.296,5,
6/30/26,Run 2,C3,201,October_2024,0.678,0.271,0.255,0.271,0.235,0.204,5,
6/30/26,Run 2,D3,242,October_2024,0.627,0.361,0.276,0.287,0.274,0.263,5,
6/30/26,Run 2,E3,20,October_2024,0.742,0.328,0.293,0.318,0.275,0.235,5,
6/30/26,Run 2,F3,234,October_2024,0.866,0.515,0.373,0.409,0.404,0.39,5,
6/30/26,Run 2,G3,239,October_2024,0.706,0.409,0.342,0.365,0.348,0.331,9,
6/30/26,Run 2,B4,202,October_2024,0.916,0.423,0.489,0.533,0.441,0.355,5,
6/30/26,Run 2,C4,41,October_2024,0.499,0.299,0.215,0.232,0.229,0.221,5,
6/30/26,Run 2,E4,235,October_2024,0.712,0.426,0.334,0.364,0.358,0.344,5,
6/30/26,Run 2,G4,221,October_2024,0.79,0.336,0.312,0.338,0.279,0.227,9,
6/30/26,Run 2,B5,202,October_2024,0.915,0.421,0.468,0.517,0.427,0.347,5,
6/30/26,Run 2,C5,41,October_2024,0.502,0.299,0.215,0.23,0.228,0.22,5,
6/30/26,Run 2,E5,235,October_2024,0.709,0.428,0.337,0.369,0.363,0.35,5,
6/30/26,Run 2,G5,221,October_2024,0.747,0.317,0.297,0.328,0.266,0.218,9,
6/30/26,Run 2,B6,202,October_2024,0.874,0.397,0.457,0.509,0.417,0.338,5,
6/30/26,Run 2,C6,41,October_2024,0.501,0.297,0.212,0.229,0.226,0.218,5,
6/30/26,Run 2,E6,235,October_2024,0.701,0.42,0.327,0.358,0.352,0.339,5,
6/30/26,Run 2,G6,221,October_2024,0.677,0.288,0.27,0.297,0.245,0.199,9,
6/30/26,Run 2,A7,29,October_2024,0.645,0.401,0.276,0.301,0.305,0.299,5,
6/30/26,Run 2,B7,240,October_2024,0.884,0.555,0.404,0.452,0.453,0.438,5,
6/30/26,Run 2,C7,214,October_2024,0.889,0.388,0.388,0.427,0.367,0.306,5,
6/30/26,Run 2,E7,43,October_2024,0.776,0.383,0.297,0.333,0.333,0.321,5,
6/30/26,Run 2,F7,238,October_2024,0.655,0.344,0.278,0.305,0.297,0.282,5,
6/30/26,Run 2,G7,42,October_2024,0.665,0.44,0.33,0.363,0.357,0.345,9,
6/30/26,Run 2,A8,29,October_2024,0.644,0.398,0.273,0.3,0.305,0.296,5,
6/30/26,Run 2,B8,240,October_2024,0.906,0.565,0.409,0.454,0.455,0.439,5,
6/30/26,Run 2,C8,214,October_2024,0.891,0.389,0.394,0.431,0.371,0.311,5,
6/30/26,Run 2,E8,43,October_2024,0.805,0.399,0.311,0.347,0.347,0.336,5,
6/30/26,Run 2,F8,238,October_2024,0.643,0.338,0.274,0.301,0.293,0.28,5,
6/30/26,Run 2,G8,42,October_2024,0.663,0.441,0.33,0.362,0.357,0.345,9,
6/30/26,Run 2,A9,29,October_2024,0.635,0.396,0.272,0.299,0.303,0.298,5,
6/30/26,Run 2,B9,240,October_2024,0.88,0.553,0.403,0.448,0.45,0.434,5,
6/30/26,Run 2,C9,214,October_2024,0.897,0.394,0.397,0.437,0.372,0.311,5,
6/30/26,Run 2,E9,43,October_2024,0.788,0.393,0.309,0.344,0.344,0.332,5,
6/30/26,Run 2,F9,238,October_2024,0.638,0.336,0.273,0.299,0.291,0.277,5,
6/30/26,Run 2,G9,42,October_2024,0.598,0.399,0.298,0.328,0.324,0.313,9,
6/30/26,Run 2,A10,220,October_2024,0.758,0.355,0.375,0.41,0.345,0.278,5,
6/30/26,Run 2,B10,1,October_2024,0.518,0.257,0.205,0.213,0.186,0.163,5,
6/30/26,Run 2,C10,28,October_2024,0.678,0.426,0.306,0.319,0.303,0.292,5,
6/30/26,Run 2,D10,203,October_2024,0.779,0.287,0.282,0.308,0.276,0.239,5,
6/30/26,Run 2,E10,10,October_2024,0.625,0.267,0.269,0.288,0.244,0.206,5,
6/30/26,Run 2,F10,Blank,NA,0.117,0.06,0.051,0.048,0.045,0.043,NA,
6/30/26,Run 2,G10,248,October_2024,0.611,0.376,0.25,0.273,0.277,0.27,9,
6/30/26,Run 2,A11,220,October_2024,0.72,0.33,0.352,0.387,0.318,0.257,5,
6/30/26,Run 2,B11,1,October_2024,0.565,0.282,0.225,0.229,0.2,0.177,5,
6/30/26,Run 2,C11,28,October_2024,0.666,0.422,0.302,0.317,0.301,0.288,5,
6/30/26,Run 2,D11,203,October_2024,0.745,0.277,0.276,0.299,0.263,0.229,5,
6/30/26,Run 2,E11,10,October_2024,0.642,0.272,0.268,0.286,0.239,0.2,5,
6/30/26,Run 2,F11,Blank,NA,0.112,0.057,0.048,0.045,0.042,0.041,NA,
6/30/26,Run 2,G11,248,October_2024,0.59,0.363,0.243,0.264,0.267,0.263,9,
6/30/26,Run 2,A12,220,October_2024,0.704,0.328,0.355,0.391,0.322,0.26,5,
6/30/26,Run 2,B12,1,October_2024,0.543,0.267,0.212,0.219,0.191,0.166,5,
6/30/26,Run 2,C12,28,October_2024,0.733,0.463,0.332,0.34,0.322,0.31,5,
6/30/26,Run 2,D12,203,October_2024,0.781,0.285,0.281,0.304,0.269,0.237,5,
6/30/26,Run 2,E12,10,October_2024,0.626,0.262,0.264,0.282,0.236,0.198,5,
6/30/26,Run 2,F12,Blank,NA,0.124,0.062,0.052,0.049,0.046,0.044,NA,
6/30/26,Run 2,G12,248,October_2024,0.529,0.325,0.221,0.238,0.24,0.235,9,
7/2/2026,Run 2,A1,2,May_2024,0.563,0.266,0.264,0.286,0.247,0.211,5,
7/2/2026,Run 2,B1,44,May_2024,0.661,0.394,0.307,0.331,0.323,0.314,5,
7/2/2026,Run 2,C1,236,May_2024,0.438,0.254,0.19,0.202,0.196,0.188,5,
7/2/2026,Run 2,D1,27,May_2024,0.588,0.335,0.248,0.266,0.266,0.258,5,
7/2/2026,Run 2,E1,19,May_2024,0.913,0.397,0.454,0.517,0.451,0.382,5,
7/2/2026,Run 2,F1,Blank,NA,0.13,0.067,0.055,0.052,0.049,0.047,NA,
7/2/2026,Run 2,A2,2,May_2024,0.584,0.277,0.274,0.291,0.251,0.213,5,
7/2/2026,Run 2,B2,44,May_2024,0.677,0.402,0.313,0.337,0.332,0.321,5,
7/2/2026,Run 2,C2,236,May_2024,0.436,0.25,0.185,0.197,0.191,0.183,5,
7/2/2026,Run 2,D2,27,May_2024,0.596,0.338,0.251,0.269,0.269,0.261,5,
7/2/2026,Run 2,E2,19,May_2024,0.843,0.39,0.446,0.505,0.446,0.375,5,
7/2/2026,Run 2,F2,Blank,NA,0.132,0.067,0.054,0.051,0.048,0.046,NA,
7/2/2026,Run 2,A3,2,May_2024,0.594,0.284,0.275,0.296,0.252,0.22,5,
7/2/2026,Run 2,B3,44,May_2024,0.655,0.389,0.302,0.325,0.32,0.31,5,
7/2/2026,Run 2,C3,236,May_2024,0.411,0.241,0.18,0.192,0.186,0.178,5,
7/2/2026,Run 2,D3,27,May_2024,0.581,0.331,0.245,0.263,0.263,0.256,5,
7/2/2026,Run 2,E3,19,May_2024,0.843,0.375,0.451,0.509,0.444,0.38,5,
7/2/2026,Run 2,F3,Blank,NA,0.135,0.072,0.057,0.053,0.05,0.049,NA,
7/2/2026,Run 2,A4,206,May_2024,0.916,0.416,0.421,0.456,0.413,0.353,5,
7/2/2026,Run 2,C4,225,May_2024,0.85,0.476,0.379,0.402,0.391,0.376,5,
7/2/2026,Run 2,E4,12,May_2024,0.433,0.193,0.176,0.187,0.163,0.145,5,
7/2/2026,Run 2,F4,43,May_2024,0.834,0.503,0.396,0.43,0.431,0.418,9,
7/2/2026,Run 2,A5,206,May_2024,0.907,0.414,0.418,0.462,0.403,0.347,5,
7/2/2026,Run 2,C5,225,May_2024,0.861,0.484,0.387,0.411,0.398,0.384,5,
7/2/2026,Run 2,E5,12,May_2024,0.411,0.191,0.17,0.182,0.161,0.141,5,
7/2/2026,Run 2,F5,43,May_2024,0.82,0.498,0.394,0.427,0.426,0.414,9,
7/2/2026,Run 2,A6,206,May_2024,0.928,0.406,0.418,0.455,0.4,0.348,5,
7/2/2026,Run 2,C6,225,May_2024,0.848,0.478,0.382,0.405,0.392,0.378,5,
7/2/2026,Run 2,E6,12,May_2024,0.446,0.2,0.179,0.189,0.17,0.149,5,
7/2/2026,Run 2,F6,43,May_2024,0.762,0.459,0.359,0.393,0.395,0.38,9,
7/2/2026,Run 2,A7,244,May_2024,0.692,0.403,0.31,0.331,0.327,0.316,5,
7/2/2026,Run 2,B7,213,May_2024,0.764,0.32,0.362,0.398,0.334,0.277,5,
7/2/2026,Run 2,D7,238,May_2024,0.801,0.48,0.359,0.386,0.377,0.363,5,
7/2/2026,Run 2,E7,4,October_2024,0.924,0.4,0.444,0.48,0.407,0.341,5,
7/2/2026,Run 2,F7,28,May_2024,0.626,0.421,0.309,0.327,0.312,0.298,9,
7/2/2026,Run 2,A8,244,May_2024,0.7,0.412,0.316,0.338,0.332,0.322,5,
7/2/2026,Run 2,B8,213,May_2024,0.77,0.318,0.359,0.391,0.332,0.273,5,
7/2/2026,Run 2,D8,238,May_2024,0.795,0.48,0.362,0.388,0.379,0.365,5,
7/2/2026,Run 2,E8,4,October_2024,0.923,0.403,0.441,0.482,0.403,0.338,5,
7/2/2026,Run 2,F8,28,May_2024,0.609,0.41,0.301,0.317,0.302,0.291,9,
7/2/2026,Run 2,A9,244,May_2024,0.701,0.409,0.314,0.335,0.331,0.32,5,
7/2/2026,Run 2,B9,213,May_2024,0.749,0.305,0.356,0.389,0.333,0.277,5,
7/2/2026,Run 2,D9,238,May_2024,0.797,0.482,0.362,0.388,0.379,0.364,5,
7/2/2026,Run 2,E9,4,October_2024,0.938,0.407,0.453,0.506,0.425,0.349,5,
7/2/2026,Run 2,F9,28,May_2024,0.571,0.386,0.285,0.3,0.286,0.275,9,
7/2/2026,Run 2,A10,1,May_2024,0.891,0.414,0.371,0.418,0.366,0.317,5,
7/2/2026,Run 2,B10,247,May_2024,0.854,0.52,0.371,0.395,0.387,0.374,5,
7/2/2026,Run 2,C10,4,May_2024,0.719,0.35,0.398,0.438,0.368,0.305,5,
7/2/2026,Run 2,D10,204,May_2024,0.712,0.297,0.284,0.307,0.267,0.231,5,
7/2/2026,Run 2,E10,236,October_2024,0.722,0.453,0.37,0.415,0.407,0.386,5,
7/2/2026,Run 2,F10,210,May_2024,0.645,0.284,0.271,0.296,0.254,0.22,9,
7/2/2026,Run 2,A11,1,May_2024,0.854,0.395,0.37,0.398,0.355,0.306,5,
7/2/2026,Run 2,B11,247,May_2024,0.852,0.517,0.364,0.39,0.384,0.371,5,
7/2/2026,Run 2,C11,4,May_2024,0.716,0.34,0.39,0.435,0.368,0.298,5,
7/2/2026,Run 2,D11,204,May_2024,0.689,0.286,0.276,0.299,0.263,0.229,5,
7/2/2026,Run 2,E11,236,October_2024,0.704,0.44,0.359,0.404,0.394,0.375,5,
7/2/2026,Run 2,F11,210,May_2024,0.642,0.27,0.262,0.285,0.249,0.213,9,
7/2/2026,Run 2,A12,1,May_2024,0.856,0.391,0.371,0.398,0.355,0.314,5,
7/2/2026,Run 2,B12,247,May_2024,0.858,0.518,0.368,0.393,0.388,0.373,5,
7/2/2026,Run 2,C12,4,May_2024,0.719,0.338,0.4,0.442,0.371,0.299,5,
7/2/2026,Run 2,D12,204,May_2024,0.69,0.29,0.278,0.297,0.26,0.225,5,
7/2/2026,Run 2,E12,236,October_2024,0.735,0.462,0.378,0.423,0.415,0.394,5,
7/2/2026,Run 2,F12,210,May_2024,0.59,0.264,0.251,0.264,0.233,0.2,9,
7/6/2026,Run 2,B1,3,May_2024,0.677,0.281,0.257,0.274,0.237,0.207,5,
7/6/2026,Run 2,C1,235,May_2024,0.867,0.513,0.394,0.434,0.435,0.421,5,
7/6/2026,Run 2,D1,209,May_2024,0.793,0.334,0.311,0.332,0.289,0.248,5,
7/6/2026,Run 2,E1,234,May_2024,0.649,0.396,0.319,0.358,0.362,0.352,5,
7/6/2026,Run 2,F1,42,May_2024,0.68,0.437,0.323,0.345,0.338,0.328,5,
7/6/2026,Run 2,B2,3,May_2024,0.721,0.284,0.264,0.281,0.242,0.206,5,
7/6/2026,Run 2,C2,235,May_2024,0.871,0.511,0.393,0.434,0.435,0.421,5,
7/6/2026,Run 2,D2,209,May_2024,0.794,0.328,0.315,0.341,0.293,0.25,5,
7/6/2026,Run 2,E2,234,May_2024,0.666,0.412,0.332,0.371,0.376,0.365,5,
7/6/2026,Run 2,F2,42,May_2024,0.687,0.439,0.322,0.346,0.337,0.327,5,
7/6/2026,Run 2,B3,3,May_2024,0.694,0.283,0.259,0.275,0.241,0.205,5,
7/6/2026,Run 2,C3,235,May_2024,0.915,0.539,0.418,0.462,0.463,0.446,5,
7/6/2026,Run 2,D3,209,May_2024,0.799,0.324,0.315,0.343,0.292,0.249,5,
7/6/2026,Run 2,E3,234,May_2024,0.67,0.408,0.33,0.371,0.374,0.363,5,
7/6/2026,Run 2,F3,42,May_2024,0.718,0.458,0.341,0.364,0.355,0.344,5,
7/6/2026,Run 2,A4,242,May_2024,0.736,0.433,0.371,0.42,0.429,0.418,5,
7/6/2026,Run 2,B4,248,May_2024,0.613,0.368,0.252,0.275,0.276,0.271,5,
7/6/2026,Run 2,C4,220,May_2024,0.597,0.276,0.361,0.41,0.343,0.281,5,
7/6/2026,Run 2,D4,239,May_2024,0.611,0.353,0.292,0.322,0.321,0.308,5,
7/6/2026,Run 2,E4,205,May_2024,0.793,0.337,0.389,0.431,0.366,0.3,5,
7/6/2026,Run 2,F4,241,May_2024,0.719,0.43,0.344,0.376,0.372,0.357,5,
7/6/2026,Run 2,A5,242,May_2024,0.739,0.433,0.371,0.421,0.431,0.419,5,
7/6/2026,Run 2,B5,248,May_2024,0.621,0.369,0.255,0.277,0.28,0.274,5,
7/6/2026,Run 2,C5,220,May_2024,0.629,0.289,0.372,0.419,0.351,0.287,5,
7/6/2026,Run 2,D5,239,May_2024,0.605,0.347,0.289,0.32,0.317,0.304,5,
7/6/2026,Run 2,E5,205,May_2024,0.783,0.334,0.386,0.434,0.364,0.303,5,
7/6/2026,Run 2,F5,241,May_2024,0.708,0.427,0.343,0.377,0.37,0.356,5,
7/6/2026,Run 2,A6,242,May_2024,0.735,0.432,0.367,0.417,0.425,0.414,5,
7/6/2026,Run 2,B6,248,May_2024,0.638,0.382,0.266,0.288,0.29,0.285,5,
7/6/2026,Run 2,C6,220,May_2024,0.64,0.291,0.381,0.427,0.359,0.294,5,
7/6/2026,Run 2,D6,239,May_2024,0.61,0.351,0.29,0.32,0.317,0.305,5,
7/6/2026,Run 2,E6,205,May_2024,0.777,0.325,0.387,0.431,0.365,0.3,5,
7/6/2026,Run 2,F6,241,May_2024,0.718,0.428,0.345,0.379,0.373,0.358,5,
7/6/2026,Run 2,A7,214,May_2024,0.9,0.402,0.435,0.479,0.409,0.339,5,
7/6/2026,Run 2,B7,20,May_2024,0.811,0.365,0.39,0.425,0.358,0.298,5,
7/6/2026,Run 2,C7,41,May_2024,0.553,0.347,0.238,0.255,0.254,0.246,5,
7/6/2026,Run 2,D7,202,May_2024,0.756,0.33,0.49,0.556,0.457,0.359,5,
7/6/2026,Run 2,E7,240,May_2024,0.57,0.36,0.296,0.348,0.359,0.349,5,
7/6/2026,Run 2,F7,Blank,NA,0.121,0.062,0.052,0.05,0.047,0.045,NA,
7/6/2026,Run 2,A8,214,May_2024,0.901,0.398,0.435,0.482,0.409,0.339,5,
7/6/2026,Run 2,B8,20,May_2024,0.818,0.359,0.377,0.421,0.354,0.294,5,
7/6/2026,Run 2,C8,41,May_2024,0.557,0.35,0.241,0.258,0.257,0.25,5,
7/6/2026,Run 2,D8,202,May_2024,0.738,0.329,0.48,0.543,0.446,0.356,5,
7/6/2026,Run 2,E8,240,May_2024,0.573,0.363,0.298,0.351,0.363,0.351,5,
7/6/2026,Run 2,F8,Blank,NA,0.106,0.054,0.049,0.044,0.042,0.043,NA,
7/6/2026,Run 2,A9,214,May_2024,0.901,0.401,0.441,0.488,0.412,0.344,5,
7/6/2026,Run 2,B9,20,May_2024,0.805,0.362,0.385,0.425,0.36,0.3,5,
7/6/2026,Run 2,C9,41,May_2024,0.549,0.346,0.239,0.256,0.254,0.246,5,
7/6/2026,Run 2,D9,202,May_2024,0.736,0.317,0.477,0.543,0.446,0.351,5,
7/6/2026,Run 2,E9,240,May_2024,0.578,0.365,0.301,0.355,0.367,0.356,5,
7/6/2026,Run 2,F9,Blank,NA,0.105,0.054,0.045,0.043,0.04,0.039,NA,
7/6/2026,Run 2,B10,29,May_2024,0.866,0.573,0.402,0.451,0.465,0.457,5,
7/6/2026,Run 2,C10,221,May_2024,0.881,0.339,0.312,0.338,0.296,0.253,5,
7/6/2026,Run 2,E10,26,May_2024,0.883,0.551,0.387,0.419,0.421,0.409,5,
7/6/2026,Run 2,B11,29,May_2024,0.878,0.576,0.401,0.451,0.467,0.459,5,
7/6/2026,Run 2,C11,221,May_2024,0.814,0.332,0.298,0.329,0.283,0.24,5,
7/6/2026,Run 2,E11,26,May_2024,0.861,0.537,0.377,0.411,0.411,0.401,5,
7/6/2026,Run 2,B12,29,May_2024,0.857,0.563,0.394,0.442,0.456,0.448,5,
7/6/2026,Run 2,C12,221,May_2024,0.87,0.355,0.32,0.35,0.299,0.255,5,
7/6/2026,Run 2,E12,26,May_2024,0.879,0.546,0.385,0.419,0.42,0.408,5,
7/9/2026,Run 2,A1,219,May_2024,0.663,0.266,0.284,0.306,0.264,0.22,9,
7/9/2026,Run 2,B1,233,May_2024,0.848,0.489,0.459,0.511,0.488,0.453,5,
7/9/2026,Run 2,C1,3,January_2025,0.294,0.129,0.106,0.11,0.097,0.088,5,
7/9/2026,Run 2,D1,1,January_2025,0.6,0.267,0.185,0.192,0.176,0.157,5,
7/9/2026,Run 2,E1,233,January_2025,0.453,0.249,0.205,0.215,0.203,0.191,5,
7/9/2026,Run 2,F1,29,January_2025,0.556,0.348,0.229,0.245,0.246,0.239,5,
7/9/2026,Run 2,A2,219,May_2024,0.65,0.265,0.284,0.302,0.269,0.228,9,
7/9/2026,Run 2,B2,233,May_2024,0.842,0.487,0.46,0.513,0.487,0.453,5,
7/9/2026,Run 2,C2,3,January_2025,0.303,0.135,0.11,0.113,0.101,0.09,5,
7/9/2026,Run 2,D2,1,January_2025,0.594,0.262,0.189,0.194,0.174,0.161,5,
7/9/2026,Run 2,E2,233,January_2025,0.449,0.247,0.204,0.214,0.201,0.189,5,
7/9/2026,Run 2,F2,29,January_2025,0.562,0.35,0.23,0.247,0.247,0.242,5,
7/9/2026,Run 2,A3,219,May_2024,0.593,0.243,0.258,0.281,0.242,0.203,9,
7/9/2026,Run 2,B3,233,May_2024,0.84,0.485,0.456,0.507,0.483,0.448,5,
7/9/2026,Run 2,C3,3,January_2025,0.296,0.133,0.113,0.115,0.103,0.092,5,
7/9/2026,Run 2,D3,1,January_2025,0.569,0.258,0.186,0.19,0.175,0.162,5,
7/9/2026,Run 2,E3,233,January_2025,0.445,0.244,0.202,0.212,0.201,0.189,5,
7/9/2026,Run 2,F3,29,January_2025,0.541,0.34,0.225,0.24,0.241,0.235,5,
7/9/2026,Run 2,A4,211,May_2024,0.913,0.401,0.434,0.468,0.394,0.341,9,
7/9/2026,Run 2,C4,206,January_2025,0.673,0.306,0.252,0.27,0.237,0.213,5,
7/9/2026,Run 2,D4,239,January_2025,0.86,0.488,0.364,0.379,0.357,0.342,5,
7/9/2026,Run 2,E4,214,January_2025,0.463,0.189,0.215,0.232,0.192,0.156,5,
7/9/2026,Run 2,F4,205,January_2025,0.499,0.213,0.211,0.231,0.204,0.174,5,
7/9/2026,Run 2,A5,211,May_2024,0.771,0.36,0.374,0.407,0.347,0.289,9,Don't use? 
7/9/2026,Run 2,C5,206,January_2025,0.69,0.329,0.278,0.294,0.26,0.236,5,
7/9/2026,Run 2,D5,239,January_2025,0.856,0.485,0.363,0.377,0.356,0.341,5,
7/9/2026,Run 2,E5,214,January_2025,0.443,0.181,0.21,0.232,0.19,0.156,5,
7/9/2026,Run 2,F5,205,January_2025,0.479,0.206,0.204,0.224,0.199,0.169,5,
7/9/2026,Run 2,A6,211,May_2024,0.865,0.397,0.424,0.461,0.388,0.333,9,
7/9/2026,Run 2,C6,206,January_2025,0.671,0.307,0.257,0.279,0.252,0.221,5,
7/9/2026,Run 2,D6,239,January_2025,0.852,0.481,0.361,0.374,0.354,0.34,5,
7/9/2026,Run 2,E6,214,January_2025,0.445,0.179,0.213,0.23,0.188,0.153,5,
7/9/2026,Run 2,F6,205,January_2025,0.47,0.203,0.201,0.22,0.19,0.168,5,
7/9/2026,Run 2,A7,203,May_2024,0.847,0.344,0.363,0.401,0.357,0.301,9,
7/9/2026,Run 2,B7,237,May_2024,0.76,0.443,0.318,0.32,0.302,0.291,5,
7/9/2026,Run 2,C7,243,January_2025,0.721,0.435,0.323,0.349,0.346,0.335,5,
7/9/2026,Run 2,D7,201,January_2025,0.888,0.41,0.301,0.315,0.273,0.233,5,
7/9/2026,Run 2,E7,221,January_2025,0.486,0.191,0.153,0.159,0.142,0.127,5,
7/9/2026,Run 2,F7,Blank,NA,0.123,0.067,0.056,0.053,0.05,0.049,NA,
7/9/2026,Run 2,A8,203,May_2024,0.835,0.344,0.369,0.409,0.359,0.314,9,
7/9/2026,Run 2,B8,237,May_2024,0.759,0.441,0.315,0.318,0.299,0.288,5,
7/9/2026,Run 2,C8,243,January_2025,0.698,0.423,0.313,0.34,0.335,0.325,5,
7/9/2026,Run 2,D8,201,January_2025,0.789,0.36,0.28,0.291,0.252,0.219,5,
7/9/2026,Run 2,E8,221,January_2025,0.487,0.195,0.152,0.161,0.142,0.128,5,
7/9/2026,Run 2,F8,Blank,NA,0.104,0.054,0.045,0.042,0.039,0.038,NA,
7/9/2026,Run 2,A9,203,May_2024,0.839,0.346,0.365,0.395,0.355,0.303,9,
7/9/2026,Run 2,B9,237,May_2024,0.728,0.425,0.306,0.308,0.289,0.278,5,
7/9/2026,Run 2,C9,243,January_2025,0.689,0.417,0.309,0.335,0.33,0.321,5,
7/9/2026,Run 2,D9,201,January_2025,0.813,0.366,0.284,0.297,0.251,0.224,5,
7/9/2026,Run 2,E9,221,January_2025,0.465,0.182,0.151,0.155,0.139,0.124,5,
7/9/2026,Run 2,F9,Blank,NA,0.108,0.055,0.045,0.043,0.04,0.039,NA,
7/9/2026,Run 2,A10,243,May_2024,0.58,0.34,0.268,0.297,0.298,0.289,5,
7/9/2026,Run 2,B10,211,January_2025,0.729,0.294,0.23,0.239,0.21,0.186,5,
7/9/2026,Run 2,C10,20,January_2025,0.574,0.252,0.21,0.217,0.191,0.167,5,
7/9/2026,Run 2,D10,2,January_2025,0.774,0.37,0.308,0.329,0.283,0.245,5,
7/9/2026,Run 2,E10,242,January_2025,0.741,0.418,0.34,0.37,0.369,0.359,5,
7/9/2026,Run 2,F10,201,January_2025,0.658,0.303,0.252,0.265,0.232,0.205,9,
7/9/2026,Run 2,A11,243,May_2024,0.585,0.343,0.271,0.299,0.299,0.29,5,
7/9/2026,Run 2,B11,211,January_2025,0.719,0.29,0.226,0.235,0.205,0.182,5,
7/9/2026,Run 2,C11,20,January_2025,0.587,0.255,0.215,0.228,0.2,0.176,5,
7/9/2026,Run 2,D11,2,January_2025,0.794,0.385,0.317,0.332,0.288,0.253,5,
7/9/2026,Run 2,E11,242,January_2025,0.761,0.43,0.35,0.379,0.379,0.368,5,
7/9/2026,Run 2,F11,201,January_2025,0.701,0.319,0.263,0.28,0.241,0.212,9,
7/9/2026,Run 2,A12,243,May_2024,0.573,0.339,0.268,0.296,0.296,0.288,5,
7/9/2026,Run 2,B12,211,January_2025,0.718,0.285,0.228,0.238,0.21,0.188,5,
7/9/2026,Run 2,C12,20,January_2025,0.567,0.252,0.212,0.22,0.191,0.165,5,
7/9/2026,Run 2,D12,2,January_2025,0.764,0.373,0.313,0.324,0.277,0.244,5,
7/9/2026,Run 2,E12,242,January_2025,0.702,0.393,0.32,0.348,0.346,0.339,5,
7/9/2026,Run 2,F12,201,January_2025,0.652,0.291,0.245,0.258,0.229,0.199,9,
7/15/2026,Run 1,A1,4,January_2025,0.593,0.289,0.219,0.223,0.196,0.179,5,
7/15/2026,Run 1,B1,27,January_2025,0.709,0.401,0.269,0.281,0.278,0.268,5,
7/15/2026,Run 1,C1,202,January_2025,0.774,0.328,0.294,0.315,0.271,0.231,5,
7/15/2026,Run 1,D1,210,January_2025,0.697,0.272,0.193,0.196,0.178,0.163,5,
7/15/2026,Run 1,E1,225,January_2025,0.739,0.409,0.3,0.309,0.294,0.283,5,
7/15/2026,Run 1,F1,236,January_2025,0.786,0.495,0.373,0.408,0.399,0.383,5,
7/15/2026,Run 1,A2,4,January_2025,0.601,0.288,0.22,0.227,0.197,0.183,5,
7/15/2026,Run 1,B2,27,January_2025,0.714,0.396,0.264,0.276,0.272,0.264,5,
7/15/2026,Run 1,C2,202,January_2025,0.754,0.323,0.287,0.31,0.266,0.226,5,
7/15/2026,Run 1,D2,210,January_2025,0.731,0.278,0.196,0.198,0.18,0.165,5,
7/15/2026,Run 1,E2,225,January_2025,0.727,0.404,0.297,0.306,0.291,0.28,5,
7/15/2026,Run 1,F2,236,January_2025,0.777,0.487,0.367,0.402,0.394,0.376,5,
7/15/2026,Run 1,A3,4,January_2025,0.595,0.279,0.214,0.217,0.19,0.173,5,
7/15/2026,Run 1,B3,27,January_2025,0.696,0.39,0.26,0.274,0.269,0.261,5,
7/15/2026,Run 1,C3,202,January_2025,0.754,0.325,0.291,0.312,0.269,0.229,5,
7/15/2026,Run 1,D3,210,January_2025,0.754,0.285,0.204,0.205,0.188,0.172,5,
7/15/2026,Run 1,E3,225,January_2025,0.719,0.398,0.292,0.3,0.286,0.275,5,
7/15/2026,Run 1,F3,236,January_2025,0.772,0.486,0.365,0.401,0.392,0.375,5,
7/15/2026,Run 1,A4,12,January_2025,0.38,0.17,0.133,0.141,0.128,0.116,5,
7/15/2026,Run 1,B4,28,January_2025,0.746,0.483,0.35,0.367,0.349,0.338,5,
7/15/2026,Run 1,C4,203,January_2025,0.748,0.303,0.312,0.34,0.289,0.244,5,
7/15/2026,Run 1,D4,213,January_2025,0.632,0.25,0.254,0.277,0.236,0.197,5,
7/15/2026,Run 1,E4,226,January_2025,0.677,0.366,0.257,0.255,0.24,0.232,5,
7/15/2026,Run 1,F4,237,January_2025,0.576,0.329,0.228,0.23,0.216,0.207,5,
7/15/2026,Run 1,A5,12,January_2025,0.373,0.168,0.129,0.137,0.121,0.111,5,
7/15/2026,Run 1,B5,28,January_2025,0.744,0.481,0.347,0.363,0.347,0.333,5,
7/15/2026,Run 1,C5,203,January_2025,0.752,0.309,0.316,0.345,0.293,0.243,5,
7/15/2026,Run 1,D5,213,January_2025,0.621,0.255,0.248,0.272,0.236,0.2,5,
7/15/2026,Run 1,E5,226,January_2025,0.684,0.368,0.257,0.256,0.241,0.232,5,
7/15/2026,Run 1,F5,237,January_2025,0.565,0.323,0.225,0.227,0.213,0.205,5,
7/15/2026,Run 1,A6,12,January_2025,0.368,0.17,0.133,0.138,0.124,0.112,5,
7/15/2026,Run 1,B6,28,January_2025,0.737,0.481,0.347,0.363,0.345,0.335,5,
7/15/2026,Run 1,C6,203,January_2025,0.746,0.304,0.304,0.329,0.283,0.24,5,
7/15/2026,Run 1,D6,213,January_2025,0.635,0.253,0.257,0.278,0.237,0.202,5,
7/15/2026,Run 1,E6,226,January_2025,0.678,0.366,0.256,0.255,0.24,0.231,5,
7/15/2026,Run 1,F6,237,January_2025,0.567,0.323,0.225,0.227,0.213,0.204,5,
7/15/2026,Run 1,A7,19,January_2025,0.782,0.324,0.25,0.262,0.231,0.21,5,
7/15/2026,Run 1,B7,43,January_2025,0.793,0.464,0.335,0.355,0.348,0.337,5,
7/15/2026,Run 1,C7,204,January_2025,0.5,0.235,0.245,0.267,0.224,0.186,5,
7/15/2026,Run 1,D7,219,January_2025,0.589,0.22,0.196,0.211,0.183,0.156,5,
7/15/2026,Run 1,E7,234,January_2025,0.929,0.63,0.437,0.477,0.471,0.457,5,
7/15/2026,Run 1,F7,Blank,NA,0.114,0.057,0.047,0.044,0.041,0.04,NA,
7/15/2026,Run 1,A8,19,January_2025,0.775,0.339,0.261,0.272,0.248,0.219,5,
7/15/2026,Run 1,B8,43,January_2025,0.786,0.459,0.33,0.35,0.343,0.332,5,
7/15/2026,Run 1,C8,204,January_2025,0.542,0.253,0.259,0.288,0.236,0.193,5,
7/15/2026,Run 1,D8,219,January_2025,0.525,0.202,0.177,0.189,0.165,0.143,5,
7/15/2026,Run 1,E8,234,January_2025,0.948,0.641,0.442,0.483,0.478,0.463,5,
7/15/2026,Run 1,F8,Blank,NA,0.103,0.051,0.043,0.04,0.038,0.037,NA,
7/15/2026,Run 1,A9,19,January_2025,0.778,0.333,0.254,0.265,0.238,0.215,5,
7/15/2026,Run 1,B9,43,January_2025,0.775,0.454,0.327,0.348,0.34,0.33,5,
7/15/2026,Run 1,C9,204,January_2025,0.496,0.225,0.237,0.256,0.215,0.18,5,
7/15/2026,Run 1,D9,219,January_2025,0.531,0.209,0.18,0.191,0.167,0.144,5,
7/15/2026,Run 1,E9,234,January_2025,0.922,0.626,0.434,0.474,0.469,0.454,5,
7/15/2026,Run 1,F9,Blank,NA,0.106,0.054,0.045,0.042,0.04,0.039,NA,
7/15/2026,Run 1,A10,26,January_2025,0.846,0.52,0.353,0.384,0.381,0.369,5,
7/15/2026,Run 1,B10,44,January_2025,0.422,0.235,0.177,0.185,0.18,0.175,5,
7/15/2026,Run 1,C10,209,January_2025,0.686,0.274,0.216,0.225,0.197,0.171,5,
7/15/2026,Run 1,D10,220,January_2025,0.416,0.194,0.2,0.218,0.188,0.157,5,
7/15/2026,Run 1,E10,235,January_2025,0.734,0.434,0.313,0.336,0.33,0.318,5,
7/15/2026,Run 1,A11,26,January_2025,0.837,0.514,0.349,0.378,0.375,0.364,5,
7/15/2026,Run 1,B11,44,January_2025,0.425,0.238,0.178,0.185,0.18,0.174,5,
7/15/2026,Run 1,C11,209,January_2025,0.686,0.268,0.215,0.224,0.196,0.17,5,
7/15/2026,Run 1,D11,220,January_2025,0.433,0.2,0.213,0.232,0.197,0.163,5,
7/15/2026,Run 1,E11,235,January_2025,0.739,0.437,0.315,0.337,0.332,0.32,5,
7/15/2026,Run 1,A12,26,January_2025,0.846,0.525,0.364,0.391,0.388,0.376,5,
7/15/2026,Run 1,B12,44,January_2025,0.43,0.239,0.181,0.187,0.182,0.177,5,
7/15/2026,Run 1,C12,209,January_2025,0.632,0.253,0.202,0.21,0.186,0.161,5,
7/15/2026,Run 1,D12,220,January_2025,0.401,0.192,0.199,0.215,0.185,0.156,5,
7/15/2026,Run 1,E12,235,January_2025,0.73,0.431,0.311,0.334,0.328,0.317,5,
7/17/2026,Run 2,A1,238,January_2025,0.679,0.414,0.308,0.331,0.322,0.309,5,
7/17/2026,Run 2,B1,247,January_2025,0.73,0.428,0.287,0.293,0.285,0.277,5,
7/17/2026,Run 2,C1,3,October_2025,0.397,0.172,0.151,0.157,0.143,0.128,5,
7/17/2026,Run 2,E1,29,October_2025,0.88,0.573,0.404,0.45,0.459,0.451,5,
7/17/2026,Run 2,F1,44,May_2025,0.863,0.481,0.374,0.4,0.395,0.384,5,May25 sample??
7/17/2026,Run 2,G1,20,October_2025,0.594,0.272,0.276,0.302,0.253,0.215,9,
7/17/2026,Run 2,A2,238,January_2025,0.676,0.409,0.309,0.332,0.324,0.311,5,
7/17/2026,Run 2,B2,247,January_2025,0.73,0.429,0.286,0.295,0.286,0.276,5,
7/17/2026,Run 2,C2,3,October_2025,0.418,0.176,0.152,0.161,0.143,0.131,5,
7/17/2026,Run 2,E2,29,October_2025,0.885,0.576,0.406,0.45,0.46,0.451,5,
7/17/2026,Run 2,F2,44,May_2025,0.869,0.48,0.374,0.399,0.392,0.381,5,May25 sample??
7/17/2026,Run 2,G2,20,October_2025,0.545,0.272,0.265,0.294,0.246,0.208,9,
7/17/2026,Run 2,A3,238,January_2025,0.675,0.408,0.309,0.334,0.325,0.311,5,
7/17/2026,Run 2,B3,247,January_2025,0.739,0.435,0.29,0.298,0.288,0.278,5,
7/17/2026,Run 2,C3,3,October_2025,0.438,0.202,0.176,0.185,0.169,0.155,5,
7/17/2026,Run 2,E3,29,October_2025,0.87,0.567,0.4,0.446,0.455,0.446,5,
7/17/2026,Run 2,F3,44,May_2025,0.849,0.47,0.366,0.391,0.386,0.375,5,May25 sample??
7/17/2026,Run 2,G3,20,October_2025,0.522,0.25,0.247,0.273,0.226,0.192,9,
7/17/2026,Run 2,A4,240,January_2025,0.527,0.322,0.239,0.263,0.262,0.253,5,
7/17/2026,Run 2,B4,248,January_2025,0.782,0.481,0.304,0.318,0.312,0.305,5,
7/17/2026,Run 2,D4,26,October_2025,0.811,0.482,0.354,0.389,0.387,0.376,5,
7/17/2026,Run 2,E4,41,October_2025,0.363,0.235,0.191,0.217,0.218,0.21,5,
7/17/2026,Run 2,G4,42,October_2025,0.564,0.356,0.282,0.304,0.293,0.282,9,
7/17/2026,Run 2,A5,240,January_2025,0.553,0.339,0.253,0.278,0.276,0.266,5,
7/17/2026,Run 2,B5,248,January_2025,0.768,0.471,0.299,0.313,0.308,0.3,5,
7/17/2026,Run 2,D5,26,October_2025,0.817,0.486,0.357,0.392,0.392,0.379,5,
7/17/2026,Run 2,E5,41,October_2025,0.361,0.234,0.19,0.217,0.217,0.21,5,
7/17/2026,Run 2,G5,42,October_2025,0.57,0.358,0.283,0.306,0.295,0.283,9,
7/17/2026,Run 2,A6,240,January_2025,0.522,0.317,0.236,0.26,0.258,0.249,5,
7/17/2026,Run 2,B6,248,January_2025,0.768,0.472,0.3,0.314,0.309,0.301,5,
7/17/2026,Run 2,D6,26,October_2025,0.829,0.491,0.36,0.397,0.394,0.382,5,
7/17/2026,Run 2,E6,41,October_2025,0.365,0.236,0.191,0.218,0.22,0.211,5,
7/17/2026,Run 2,G6,42,October_2025,0.54,0.338,0.268,0.289,0.278,0.268,9,
7/17/2026,Run 2,A7,241,January_2025,0.588,0.341,0.259,0.277,0.27,0.26,5,
7/17/2026,Run 2,B7,1,October_2025,0.817,0.379,0.331,0.353,0.302,0.263,5,
7/17/2026,Run 2,C7,12,October_2025,0.432,0.202,0.163,0.171,0.152,0.132,5,
7/17/2026,Run 2,D7,27,October_2025,0.812,0.471,0.325,0.35,0.346,0.336,5,
7/17/2026,Run 2,F7,Blank,NA,0.112,0.055,0.046,0.043,0.04,0.039,NA,
7/17/2026,Run 2,A8,241,January_2025,0.584,0.34,0.259,0.277,0.27,0.26,5,
7/17/2026,Run 2,B8,1,October_2025,0.821,0.373,0.326,0.345,0.299,0.261,5,
7/17/2026,Run 2,C8,12,October_2025,0.44,0.203,0.164,0.168,0.151,0.134,5,
7/17/2026,Run 2,D8,27,October_2025,0.809,0.469,0.325,0.349,0.346,0.333,5,
7/17/2026,Run 2,F8,Blank,NA,0.102,0.051,0.043,0.041,0.038,0.037,NA,
7/17/2026,Run 2,A9,241,January_2025,0.596,0.351,0.27,0.286,0.278,0.269,5,
7/17/2026,Run 2,B9,1,October_2025,0.781,0.362,0.319,0.338,0.293,0.253,5,
7/17/2026,Run 2,C9,12,October_2025,0.419,0.196,0.159,0.166,0.144,0.13,5,
7/17/2026,Run 2,D9,27,October_2025,0.779,0.452,0.312,0.336,0.333,0.323,5,
7/17/2026,Run 2,F9,Blank,NA,0.107,0.054,0.045,0.043,0.04,0.039,NA,
7/17/2026,Run 2,A10,244,January_2025,0.757,0.435,0.332,0.354,0.347,0.337,5,
7/17/2026,Run 2,B10,2,October_2025,0.441,0.208,0.208,0.223,0.185,0.158,5,
7/17/2026,Run 2,C10,19,October_2025,0.924,0.412,0.355,0.374,0.338,0.301,5,
7/17/2026,Run 2,D10,28,October_2025,0.644,0.411,0.31,0.325,0.307,0.295,5,
7/17/2026,Run 2,E10,43,October_2025,0.716,0.418,0.349,0.388,0.385,0.371,5,
7/17/2026,Run 2,F10,4,October_2025,0.665,0.286,0.282,0.305,0.262,0.219,9,
7/17/2026,Run 2,A11,244,January_2025,0.748,0.427,0.327,0.348,0.342,0.33,5,
7/17/2026,Run 2,B11,2,October_2025,0.42,0.213,0.21,0.225,0.186,0.16,5,
7/17/2026,Run 2,C11,19,October_2025,0.883,0.417,0.349,0.366,0.326,0.288,5,
7/17/2026,Run 2,D11,28,October_2025,0.635,0.401,0.304,0.318,0.299,0.288,5,
7/17/2026,Run 2,E11,43,October_2025,0.692,0.403,0.337,0.375,0.372,0.36,5,
7/17/2026,Run 2,F11,4,October_2025,0.684,0.295,0.289,0.308,0.266,0.223,9,
7/17/2026,Run 2,A12,244,January_2025,0.735,0.42,0.322,0.342,0.337,0.326,5,
7/17/2026,Run 2,B12,2,October_2025,0.419,0.21,0.203,0.218,0.185,0.156,5,
7/17/2026,Run 2,C12,19,October_2025,0.948,0.435,0.367,0.379,0.339,0.306,5,
7/17/2026,Run 2,D12,28,October_2025,0.639,0.404,0.308,0.322,0.303,0.291,5,
7/17/2026,Run 2,E12,43,October_2025,0.689,0.398,0.334,0.371,0.369,0.356,5,
7/17/2026,Run 2,F12,4,October_2025,0.614,0.259,0.262,0.283,0.243,0.2,9,
7/20/2026,Run 2,B1,204,October_2025,0.578,0.237,0.23,0.243,0.215,0.188,5,
7/20/2026,Run 2,F1,238,October_2025,0.873,0.525,0.406,0.441,0.431,0.417,5,
7/20/2026,Run 2,G1,210,October_2025,0.671,0.313,0.232,0.252,0.229,0.21,9,
7/20/2026,Run 2,B2,204,October_2025,0.533,0.22,0.225,0.235,0.204,0.184,5,
7/20/2026,Run 2,F2,238,October_2025,0.865,0.514,0.4,0.435,0.425,0.411,5,
7/20/2026,Run 2,G2,210,October_2025,0.687,0.316,0.236,0.242,0.222,0.202,9,
7/20/2026,Run 2,B3,204,October_2025,0.573,0.243,0.237,0.247,0.224,0.193,5,
7/20/2026,Run 2,F3,238,October_2025,0.866,0.525,0.403,0.441,0.431,0.414,5,
7/20/2026,Run 2,G3,210,October_2025,0.607,0.275,0.211,0.22,0.198,0.182,9,
7/20/2026,Run 2,A4,201,October_2025,0.563,0.26,0.246,0.261,0.232,0.204,9,
7/20/2026,Run 2,B4,205,October_2025,0.798,0.353,0.396,0.433,0.362,0.308,5,
7/20/2026,Run 2,C4,211,October_2025,0.698,0.284,0.249,0.26,0.228,0.197,5,
7/20/2026,Run 2,D4,225,October_2025,0.434,0.246,0.211,0.225,0.215,0.206,5,
7/20/2026,Run 2,E4,235,October_2025,0.692,0.397,0.306,0.32,0.321,0.315,5,
7/20/2026,Run 2,F4,44,October_2025,0.68,0.385,0.306,0.327,0.32,0.31,5,
7/20/2026,Run 2,G4,221,October_2025,0.612,0.266,0.26,0.283,0.25,0.216,9,
7/20/2026,Run 2,A5,201,October_2025,0.453,0.203,0.205,0.22,0.194,0.168,9,
7/20/2026,Run 2,B5,205,October_2025,0.876,0.378,0.412,0.454,0.385,0.323,5,
7/20/2026,Run 2,C5,211,October_2025,0.729,0.294,0.253,0.265,0.235,0.21,5,
7/20/2026,Run 2,D5,225,October_2025,0.435,0.247,0.211,0.225,0.215,0.206,5,
7/20/2026,Run 2,E5,235,October_2025,0.688,0.396,0.304,0.318,0.32,0.313,5,
7/20/2026,Run 2,F5,44,October_2025,0.676,0.382,0.303,0.324,0.318,0.309,5,
7/20/2026,Run 2,G5,221,October_2025,0.613,0.256,0.259,0.283,0.247,0.222,9,
7/20/2026,Run 2,A6,201,October_2025,0.535,0.243,0.232,0.243,0.221,0.196,9,
7/20/2026,Run 2,B6,205,October_2025,0.844,0.354,0.4,0.435,0.371,0.306,5,
7/20/2026,Run 2,C6,211,October_2025,0.736,0.285,0.248,0.26,0.23,0.207,5,
7/20/2026,Run 2,D6,225,October_2025,0.441,0.249,0.213,0.227,0.217,0.208,5,
7/20/2026,Run 2,E6,235,October_2025,0.668,0.382,0.295,0.307,0.309,0.303,5,
7/20/2026,Run 2,F6,44,October_2025,0.664,0.376,0.299,0.319,0.314,0.304,5,
7/20/2026,Run 2,G6,221,October_2025,0.579,0.25,0.247,0.272,0.235,0.209,9,
7/20/2026,Run 2,A7,202,October_2025,0.585,0.271,0.312,0.344,0.291,0.241,5,
7/20/2026,Run 2,C7,213,October_2025,0.748,0.311,0.338,0.375,0.316,0.268,5,
7/20/2026,Run 2,D7,226,October_2025,0.83,0.442,0.303,0.301,0.284,0.274,5,
7/20/2026,Run 2,F7,Blank,NA,0.109,0.053,0.044,0.042,0.039,0.038,NA,
7/20/2026,Run 2,G7,234,October_2025,0.644,0.429,0.321,0.353,0.344,0.331,9,
7/20/2026,Run 2,A8,202,October_2025,0.61,0.281,0.315,0.343,0.287,0.234,5,
7/20/2026,Run 2,C8,213,October_2025,0.729,0.293,0.326,0.359,0.307,0.257,5,
7/20/2026,Run 2,D8,226,October_2025,0.817,0.435,0.3,0.296,0.279,0.269,5,
7/20/2026,Run 2,F8,Blank,NA,0.104,0.054,0.043,0.041,0.043,0.039,NA,
7/20/2026,Run 2,G8,234,October_2025,0.629,0.421,0.314,0.344,0.335,0.323,9,
7/20/2026,Run 2,A9,202,October_2025,0.59,0.275,0.306,0.337,0.278,0.231,5,
7/20/2026,Run 2,C9,213,October_2025,0.746,0.299,0.326,0.354,0.304,0.252,5,
7/20/2026,Run 2,D9,226,October_2025,0.796,0.426,0.294,0.293,0.275,0.265,5,
7/20/2026,Run 2,F9,Blank,NA,0.1,0.049,0.042,0.039,0.037,0.037,NA,
7/20/2026,Run 2,G9,234,October_2025,0.596,0.404,0.301,0.328,0.319,0.306,9,
7/20/2026,Run 2,A10,203,October_2025,0.961,0.398,0.365,0.399,0.363,0.323,5,
7/20/2026,Run 2,B10,209,October_2025,0.787,0.331,0.353,0.392,0.329,0.271,5,
7/20/2026,Run 2,C10,214,October_2025,0.601,0.265,0.288,0.311,0.26,0.213,5,
7/20/2026,Run 2,D10,233,October_2025,0.515,0.281,0.242,0.258,0.241,0.226,5,
7/20/2026,Run 2,E10,237,October_2025,0.564,0.342,0.252,0.263,0.251,0.24,5,
7/20/2026,Run 2,F10,206,October_2025,0.588,0.307,0.264,0.281,0.257,0.225,9,
7/20/2026,Run 2,G10,236,October_2025,0.66,0.42,0.345,0.391,0.382,0.363,9,
7/20/2026,Run 2,A11,203,October_2025,0.956,0.392,0.359,0.391,0.351,0.314,5,
7/20/2026,Run 2,B11,209,October_2025,0.806,0.317,0.35,0.385,0.328,0.272,5,
7/20/2026,Run 2,C11,214,October_2025,0.581,0.263,0.285,0.312,0.257,0.21,5,
7/20/2026,Run 2,D11,233,October_2025,0.502,0.275,0.235,0.249,0.233,0.218,5,
7/20/2026,Run 2,E11,237,October_2025,0.567,0.342,0.253,0.264,0.251,0.24,5,
7/20/2026,Run 2,F11,206,October_2025,0.577,0.307,0.268,0.282,0.257,0.226,9,
7/20/2026,Run 2,G11,236,October_2025,0.657,0.421,0.345,0.391,0.383,0.364,9,
7/20/2026,Run 2,A12,203,October_2025,0.941,0.38,0.355,0.376,0.339,0.3,5,
7/20/2026,Run 2,B12,209,October_2025,0.797,0.33,0.354,0.389,0.328,0.279,5,
7/20/2026,Run 2,C12,214,October_2025,0.61,0.266,0.288,0.314,0.257,0.214,5,
7/20/2026,Run 2,D12,233,October_2025,0.518,0.281,0.243,0.257,0.241,0.227,5,
7/20/2026,Run 2,E12,237,October_2025,0.57,0.345,0.254,0.265,0.252,0.242,5,
7/20/2026,Run 2,F12,206,October_2025,0.544,0.277,0.239,0.266,0.234,0.213,9,
7/20/2026,Run 2,G12,236,October_2025,0.623,0.399,0.328,0.369,0.361,0.344,9,
7/29/2026,Run 1,A1,239,October_2025,0.787,0.47,0.372,0.394,0.372,0.354,5,
7/29/2026,Run 1,B1,243,October_2025,0.637,0.375,0.294,0.323,0.321,0.313,5,
7/29/2026,Run 1,C1,1,May_2025,0.759,0.373,0.311,0.31,0.281,0.248,5,
7/29/2026,Run 1,D1,12,May_2025,0.716,0.301,0.236,0.264,0.237,0.221,5,
7/29/2026,Run 1,E1,27,May_2025,0.574,0.315,0.212,0.217,0.213,0.207,5,
7/29/2026,Run 1,F1,42,May_2025,0.929,0.575,0.423,0.438,0.443,0.411,5,
7/29/2026,Run 1,A2,239,October_2025,0.782,0.469,0.373,0.396,0.372,0.354,5,
7/29/2026,Run 1,B2,243,October_2025,0.61,0.365,0.282,0.306,0.303,0.301,5,
7/29/2026,Run 1,C2,1,May_2025,0.782,0.4,0.311,0.328,0.294,0.268,5,
7/29/2026,Run 1,D2,12,May_2025,0.785,0.337,0.27,0.281,0.27,0.232,5,
7/29/2026,Run 1,E2,27,May_2025,0.535,0.299,0.198,0.203,0.2,0.193,5,
7/29/2026,Run 1,F2,42,May_2025,0.904,0.571,0.425,0.443,0.419,0.409,5,
7/29/2026,Run 1,A3,239,October_2025,0.776,0.466,0.37,0.394,0.373,0.354,5,
7/29/2026,Run 1,B3,243,October_2025,0.628,0.371,0.289,0.314,0.311,0.302,5,
7/29/2026,Run 1,C3,1,May_2025,0.803,0.393,0.327,0.343,0.304,0.279,5,
7/29/2026,Run 1,D3,12,May_2025,0.718,0.345,0.273,0.281,0.255,0.228,5,
7/29/2026,Run 1,E3,27,May_2025,0.525,0.29,0.191,0.199,0.194,0.19,5,
7/29/2026,Run 1,F3,42,May_2025,0.907,0.579,0.428,0.445,0.426,0.42,5,
7/29/2026,Run 1,A4,240,October_2025,0.775,0.493,0.389,0.45,0.452,0.435,5,
7/29/2026,Run 1,B4,244,October_2025,0.724,0.427,0.341,0.366,0.354,0.34,5,
7/29/2026,Run 1,C4,2,May_2025,0.76,0.413,0.353,0.376,0.322,0.28,5,
7/29/2026,Run 1,E4,28,May_2025,0.621,0.462,0.337,0.359,0.341,0.323,5,
7/29/2026,Run 1,F4,Blank,NA,0.108,0.056,0.047,0.044,0.042,0.041,NA,
7/29/2026,Run 1,A5,240,October_2025,0.787,0.495,0.388,0.45,0.451,0.43,5,
7/29/2026,Run 1,B5,244,October_2025,0.722,0.432,0.341,0.365,0.354,0.341,5,
7/29/2026,Run 1,C5,2,May_2025,0.792,0.402,0.356,0.38,0.336,0.285,5,
7/29/2026,Run 1,E5,28,May_2025,0.591,0.444,0.321,0.348,0.328,0.312,5,
7/29/2026,Run 1,F5,Blank,NA,0.102,0.051,0.043,0.04,0.038,0.037,NA,
7/29/2026,Run 1,A6,240,October_2025,0.762,0.484,0.379,0.435,0.442,0.421,5,
7/29/2026,Run 1,B6,244,October_2025,0.711,0.419,0.334,0.358,0.346,0.334,5,
7/29/2026,Run 1,C6,2,May_2025,0.797,0.412,0.358,0.376,0.319,0.279,5,
7/29/2026,Run 1,E6,28,May_2025,0.594,0.446,0.322,0.349,0.326,0.314,5,
7/29/2026,Run 1,F6,Blank,NA,0.1,0.05,0.042,0.04,0.037,0.036,NA,
7/29/2026,Run 1,A7,241,October_2025,0.535,0.322,0.242,0.248,0.241,0.23,5,
7/29/2026,Run 1,B7,247,October_2025,0.675,0.419,0.288,0.298,0.285,0.274,5,
7/29/2026,Run 1,C7,3,May_2025,0.571,0.245,0.224,0.238,0.216,0.185,5,
7/29/2026,Run 1,D7,20,May_2025,0.725,0.32,0.281,0.292,0.267,0.22,5,
7/29/2026,Run 1,E7,29,May_2025,0.641,0.433,0.289,0.32,0.331,0.334,5,
7/29/2026,Run 1,A8,241,October_2025,0.531,0.32,0.231,0.243,0.235,0.225,5,
7/29/2026,Run 1,B8,247,October_2025,0.647,0.416,0.294,0.3,0.287,0.281,5,
7/29/2026,Run 1,C8,3,May_2025,0.55,0.24,0.216,0.235,0.208,0.193,5,
7/29/2026,Run 1,D8,20,May_2025,0.738,0.331,0.284,0.296,0.257,0.228,5,
7/29/2026,Run 1,E8,29,May_2025,0.634,0.429,0.295,0.327,0.338,0.331,5,
7/29/2026,Run 1,A9,241,October_2025,0.557,0.335,0.243,0.254,0.247,0.238,5,
7/29/2026,Run 1,B9,247,October_2025,0.64,0.397,0.276,0.289,0.275,0.265,5,
7/29/2026,Run 1,C9,3,May_2025,0.568,0.236,0.221,0.237,0.216,0.187,5,
7/29/2026,Run 1,D9,20,May_2025,0.692,0.338,0.273,0.286,0.245,0.215,5,
7/29/2026,Run 1,E9,29,May_2025,0.642,0.42,0.288,0.317,0.326,0.32,5,
7/29/2026,Run 1,A10,242,October_2025,0.509,0.279,0.219,0.23,0.222,0.216,5,
7/29/2026,Run 1,B10,248,October_2025,0.687,0.434,0.29,0.319,0.324,0.315,5,
7/29/2026,Run 1,D10,26,May_2025,0.839,0.518,0.337,0.356,0.349,0.34,5,
7/29/2026,Run 1,E10,41,May_2025,0.586,0.363,0.237,0.25,0.246,0.237,5,
7/29/2026,Run 1,A11,242,October_2025,0.515,0.282,0.218,0.229,0.224,0.216,5,
7/29/2026,Run 1,B11,248,October_2025,0.675,0.436,0.292,0.314,0.323,0.313,5,
7/29/2026,Run 1,D11,26,May_2025,0.83,0.494,0.33,0.342,0.34,0.331,5,
7/29/2026,Run 1,E11,41,May_2025,0.584,0.363,0.235,0.249,0.243,0.235,5,
7/29/2026,Run 1,A12,242,October_2025,0.516,0.282,0.22,0.232,0.225,0.218,5,
7/29/2026,Run 1,B12,248,October_2025,0.695,0.443,0.291,0.324,0.32,0.315,5,
7/29/2026,Run 1,D12,26,May_2025,0.826,0.503,0.324,0.345,0.344,0.331,5,
7/29/2026,Run 1,E12,41,May_2025,0.588,0.37,0.236,0.251,0.247,0.239,5,