"","ColonyID","Run.x","Interval","Light_Value","N_points","O2_start","O2_end","DeltaT_min","DeltaT_max","O2_min","O2_max","Slope","Date","Project","Timepoint","Run.y","Chamber","Species","Phenotype","Chamber_Volume_mL","Notes","...11","...12","...13","Surface_Area_cm2","Chamber_Volume_L","Slope_norm"
"1","242",1,1,0,320,10.019003125,-0.487996874999993,71.003,86.954,-0.493996874999993,10.694003125,-0.807356511786687,2026-01-21,"CAREER - Phys","January_2026",2,2,"Porites compressa","Resistant",246.659,NA,NA,NA,NA,10,0.246659,-1.19485049904476
"2","242",1,2,155,300,-15.9688412162162,-18.6458412162162,0,14.954,-18.8278412162162,-15.9688412162162,-0.1149458075118,2026-01-21,"CAREER - Phys","January_2026",2,2,"Porites compressa","Resistant",246.659,NA,NA,NA,NA,10,0.246659,-0.170114507610318
"3","242",1,3,269,200,-18.36291,-17.51391,16.004,25.954,-18.63691,-17.51391,0.11467732953499,2026-01-21,"CAREER - Phys","January_2026",2,2,"Porites compressa","Resistant",246.659,NA,NA,NA,NA,10,0.246659,0.169717172554627
"4","242",1,4,472,200,-16.832895,-13.531895,27.004,36.954,-16.995895,-13.437895,0.380106853528161,2026-01-21,"CAREER - Phys","January_2026",2,2,"Porites compressa","Resistant",246.659,NA,NA,NA,NA,10,0.246659,0.562540658306416
"5","242",1,5,824,200,-12.331855,-7.083855,38.004,47.954,-12.331855,-7.083855,0.520294829392804,2026-01-21,"CAREER - Phys","January_2026",2,2,"Porites compressa","Resistant",246.659,NA,NA,NA,NA,10,0.246659,0.770012413939197
"6","242",1,6,1017,200,-5.72078999999999,0.764209999999991,49.004,58.954,-5.72078999999999,0.781209999999987,0.680983364125505,2026-01-21,"CAREER - Phys","January_2026",2,2,"Porites compressa","Resistant",246.659,NA,NA,NA,NA,10,0.246659,1.007824053671
"7","242",1,7,1313,200,2.054315,8.81431500000002,60.004,69.954,2.054315,8.93031500000001,0.672069188347119,2026-01-21,"CAREER - Phys","January_2026",2,2,"Porites compressa","Resistant",246.659,NA,NA,NA,NA,10,0.246659,0.994631483571072
"8","42",3,1,0,320,76.74180625,64.12380625,286.987,302.937,64.12380625,77.18280625,-0.947092436371364,2026-01-21,"CAREER - Phys","January_2026",1,3,"Porites compressa","Resistant",247.018,NA,NA,NA,NA,10,0.247018,-1.40369327668549
"9","42",3,2,155,309,29.0492302631579,26.1462302631579,214.538,229.937,26.0092302631579,29.0492302631579,-0.171721543552843,2026-01-21,"CAREER - Phys","January_2026",1,3,"Porites compressa","Resistant",247.018,NA,NA,NA,NA,10,0.247018,-0.254509873472017
"10","42",3,3,269,200,27.118085,28.316085,230.987,240.937,26.875085,28.316085,0.128772497892236,2026-01-21,"CAREER - Phys","January_2026",1,3,"Porites compressa","Resistant",247.018,NA,NA,NA,NA,10,0.247018,0.190854749306066
"11","42",3,4,472,200,29.300205,34.200205,241.987,251.937,29.140205,34.302205,0.562548273431072,2026-01-21,"CAREER - Phys","January_2026",1,3,"Porites compressa","Resistant",247.018,NA,NA,NA,NA,10,0.247018,0.833757296438379
"12","42",3,5,824,220,35.9652136363636,45.9092136363636,252.987,263.937,35.8592136363636,45.9752136363636,0.935127555764815,2026-01-21,"CAREER - Phys","January_2026",1,3,"Porites compressa","Resistant",247.018,NA,NA,NA,NA,10,0.247018,1.38596003141948
"13","42",3,6,1017,200,47.88854,59.16354,264.987,274.937,47.88854,59.22954,1.16334805962852,2026-01-21,"CAREER - Phys","January_2026",1,3,"Porites compressa","Resistant",247.018,NA,NA,NA,NA,10,0.247018,1.7242074659599
"14","42",3,7,1313,200,61.37127,74.23427,275.988,285.937,61.31327,74.56827,1.32420218174043,2026-01-21,"CAREER - Phys","January_2026",1,3,"Porites compressa","Resistant",247.018,NA,NA,NA,NA,10,0.247018,1.96261064717494
"15","204",4,1,0,300,38.8413166666667,30.3583166666667,396.004,410.954,30.3583166666667,39.3403166666667,-0.689591199969037,2026-01-21,"CAREER - Phys","January_2026",4,2,"Montipora capitata","Resistant",243.909,NA,NA,NA,NA,10,0.243909,-1.00918499995949
"16","204",4,2,155,320,-9.56231249999999,-7.15831249999999,323.004,338.954,-9.78931249999999,-7.15831249999999,0.188804994755153,2026-01-21,"CAREER - Phys","January_2026",4,2,"Montipora capitata","Resistant",243.909,NA,NA,NA,NA,10,0.243909,0.276307424794407
"17","204",4,3,269,200,-5.37721500000001,-1.53221500000001,340.004,349.954,-5.48621500000002,-1.11521500000001,0.450208223199339,2026-01-21,"CAREER - Phys","January_2026",4,2,"Montipora capitata","Resistant",243.909,NA,NA,NA,NA,10,0.243909,0.658859025073966
"18","204",4,4,472,220,0.504327272727267,7.14832727272727,351.004,361.954,0.504327272727267,7.14832727272727,0.550190935576811,2026-01-21,"CAREER - Phys","January_2026",4,2,"Montipora capitata","Resistant",243.909,NA,NA,NA,NA,10,0.243909,0.805179125433626
"19","204",4,5,824,200,9.06659500000001,16.386595,363.004,372.953,9.06659500000001,16.386595,0.719817245629766,2026-01-21,"CAREER - Phys","January_2026",4,2,"Montipora capitata","Resistant",243.909,NA,NA,NA,NA,10,0.243909,1.05341942738586
"20","204",4,6,1017,200,18.35192,25.91192,374.004,383.954,18.35192,25.91192,0.762670478648392,2026-01-21,"CAREER - Phys","January_2026",4,2,"Montipora capitata","Resistant",243.909,NA,NA,NA,NA,10,0.243909,1.1161331626599
"21","204",4,7,1313,200,28.3433,36.1613,385.003,394.954,28.3433,36.1843,0.809194824983155,2026-01-21,"CAREER - Phys","January_2026",4,2,"Montipora capitata","Resistant",243.909,NA,NA,NA,NA,10,0.243909,1.1842194034009
"22","41",5,1,0,300,113.206541528239,100.182541528239,503.004,517.954,100.161541528239,113.565541528239,-1.04125512303448,2026-01-21,"CAREER - Phys","January_2026",3,10,"Porites compressa","Susceptible",246.966,NA,NA,NA,NA,10,0.246966,-1.54292767629201
"23","41",5,2,155,300,48.4549230769231,45.9229230769231,430.999,445.954,45.8299230769231,48.4549230769231,-0.133390720409141,2026-01-21,"CAREER - Phys","January_2026",3,10,"Porites compressa","Susceptible",246.966,NA,NA,NA,NA,10,0.246966,-0.197657835939383
"24","41",5,3,269,200,47.1799054726368,49.4529054726368,447.004,456.954,47.0619054726368,49.4699054726368,0.299727028906606,2026-01-21,"CAREER - Phys","January_2026",3,10,"Porites compressa","Susceptible",246.966,NA,NA,NA,NA,10,0.246966,0.444134312525693
"25","41",5,4,472,200,50.8363631840796,58.4663631840796,458.004,467.954,50.7173631840796,58.4663631840796,0.831649243470135,2026-01-21,"CAREER - Phys","January_2026",3,10,"Porites compressa","Susceptible",246.966,NA,NA,NA,NA,10,0.246966,1.23233452237707
"26","41",5,5,824,220,59.5053529411765,72.7263529411765,468.004,478.953,59.5053529411765,72.7863529411765,1.27227849802097,2026-01-21,"CAREER - Phys","January_2026",3,10,"Porites compressa","Susceptible",246.966,NA,NA,NA,NA,10,0.246966,1.88525718925348
"27","41",5,6,1017,200,75.2850099502488,90.4440099502488,480.004,489.954,75.1590099502488,90.4440099502488,1.55570670036165,2026-01-21,"CAREER - Phys","January_2026",3,10,"Porites compressa","Susceptible",246.966,NA,NA,NA,NA,10,0.246966,2.30523996576909
"28","41",5,7,1313,200,92.8995024875622,109.331502487562,491.004,500.953,92.8995024875622,109.331502487562,1.67309281594225,2026-01-21,"CAREER - Phys","January_2026",3,10,"Porites compressa","Susceptible",246.966,NA,NA,NA,NA,10,0.246966,2.47918224229197
"29","238",1,1,0,320,48.804003125,32.460003125,70.656,86.606,32.327003125,49.786003125,-1.30459554203287,2026-01-21,"CAREER - Phys","January_2026",4,1,"Porites compressa","Resistant",247.105,NA,NA,NA,NA,10,0.247105,-1.9342324884842
"30","238",1,2,155,293,-15.1168412162162,-17.4178412162162,0,14.606,-17.4988412162162,-15.1168412162162,-0.0159146424926003,2026-01-21,"CAREER - Phys","January_2026",4,1,"Porites compressa","Resistant",247.105,NA,NA,NA,NA,10,0.247105,-0.0235955263988039
"31","238",1,3,269,200,-16.73791,-13.61391,15.656,25.606,-16.98091,-13.61391,0.392606529143254,2026-01-21,"CAREER - Phys","January_2026",4,1,"Porites compressa","Resistant",247.105,NA,NA,NA,NA,10,0.247105,0.582090218303663
"32","238",1,4,472,200,-12.700895,-4.163895,26.656,36.606,-12.790895,-4.13789500000001,0.920581648309318,2026-01-21,"CAREER - Phys","January_2026",4,1,"Porites compressa","Resistant",247.105,NA,NA,NA,NA,10,0.247105,1.36488196923284
"33","238",1,5,824,200,-2.29585499999999,9.76514500000002,37.656,47.606,-2.357855,9.821145,1.31690293208465,2026-01-21,"CAREER - Phys","January_2026",4,1,"Porites compressa","Resistant",247.105,NA,NA,NA,NA,10,0.247105,1.95247979419667
"34","238",1,6,1017,200,11.92321,27.13021,48.656,58.606,11.90021,27.28321,1.62725779646169,2026-01-21,"CAREER - Phys","January_2026",4,1,"Porites compressa","Resistant",247.105,NA,NA,NA,NA,10,0.247105,2.412621226768
"35","238",1,7,1313,200,29.950315,46.407315,59.656,69.606,29.950315,46.496315,1.67211125668867,2026-01-21,"CAREER - Phys","January_2026",4,1,"Porites compressa","Resistant",247.105,NA,NA,NA,NA,10,0.247105,2.47912231250433
"36","236",2,1,0,320,68.72479375,58.84079375,177.656,193.606,58.75979375,68.96679375,-0.705595103855802,2026-01-21,"CAREER - Phys","January_2026",3,2,"Porites compressa","Resistant",240.89,NA,NA,NA,NA,10,0.24089,-1.01982482740694
"37","236",2,2,155,289,6.69736454849496,8.02036454849497,106.2,120.606,5.88336454849497,8.19836454849496,0.154598570839057,2026-01-21,"CAREER - Phys","January_2026",3,2,"Porites compressa","Resistant",240.89,NA,NA,NA,NA,10,0.24089,0.223447498376523
"38","236",2,3,269,200,9.48860696517411,14.5826069651741,121.656,131.606,9.45860696517411,14.5826069651741,0.519671465393417,2026-01-21,"CAREER - Phys","January_2026",3,2,"Porites compressa","Resistant",240.89,NA,NA,NA,NA,10,0.24089,0.751101955791721
"39","236",2,4,472,200,16.2088258706468,24.3398258706468,132.656,142.606,16.2088258706468,24.3398258706468,0.851737880793459,2026-01-21,"CAREER - Phys","January_2026",3,2,"Porites compressa","Resistant",240.89,NA,NA,NA,NA,10,0.24089,1.23105082862602
"40","236",2,5,824,200,26.4396716417911,36.0946716417911,143.656,153.606,26.1956716417911,36.389671641791,1.00717436217752,2026-01-21,"CAREER - Phys","January_2026",3,2,"Porites compressa","Resistant",240.89,NA,NA,NA,NA,10,0.24089,1.45570939262966
"41","236",2,6,1017,200,38.4426417910448,49.7726417910448,154.656,164.606,38.4426417910448,49.8736417910448,1.11433056525041,2026-01-21,"CAREER - Phys","January_2026",3,2,"Porites compressa","Resistant",240.89,NA,NA,NA,NA,10,0.24089,1.61058653917902
"42","236",2,7,1313,200,52.5549154228856,64.5669154228856,165.656,175.606,52.1969154228856,64.7679154228856,1.25054050428181,2026-01-21,"CAREER - Phys","January_2026",3,2,"Porites compressa","Resistant",240.89,NA,NA,NA,NA,10,0.24089,1.80745621245867
"43","233",3,1,0,321,102.06080625,89.55480625,286.639,302.639,89.55480625,103.08080625,-0.971562161117134,2026-01-21,"CAREER - Phys","January_2026",3,1,"Porites compressa","Susceptible",242.742,"Decreasing at 10% light but increasing at all other light levels",NA,NA,NA,10,0.242742,-1.41503365268337
"44","233",3,2,155,302,37.6722302631579,36.3272302631579,214.596,229.639,36.1802302631579,37.6722302631579,-0.0608753501717957,2026-01-21,"CAREER - Phys","January_2026",3,1,"Porites compressa","Susceptible",242.742,"Decreasing at 10% light but increasing at all other light levels",NA,NA,NA,10,0.242742,-0.0886620255084122
"45","233",3,3,269,201,37.378085,40.278085,230.639,240.639,37.256085,40.278085,0.31835624543742,2026-01-21,"CAREER - Phys","January_2026",3,1,"Porites compressa","Susceptible",242.742,"Decreasing at 10% light but increasing at all other light levels",NA,NA,NA,10,0.242742,0.463670590379821
"46","233",3,4,472,201,41.583205,49.659205,241.639,251.639,41.518205,49.682205,0.851137767308802,2026-01-21,"CAREER - Phys","January_2026",3,1,"Porites compressa","Susceptible",242.742,"Decreasing at 10% light but increasing at all other light levels",NA,NA,NA,10,0.242742,1.23964130347244
"47","233",3,5,824,221,51.7062136363636,64.7472136363636,252.64,263.64,51.7062136363636,64.7472136363636,1.23078752346636,2026-01-21,"CAREER - Phys","January_2026",3,1,"Porites compressa","Susceptible",242.742,"Decreasing at 10% light but increasing at all other light levels",NA,NA,NA,10,0.242742,1.79258295012763
"48","233",3,6,1017,201,66.96054,81.66854,264.639,274.639,66.96054,81.66854,1.49201925189929,2026-01-21,"CAREER - Phys","January_2026",3,1,"Porites compressa","Susceptible",242.742,"Decreasing at 10% light but increasing at all other light levels",NA,NA,NA,10,0.242742,2.17305442346723
"49","233",3,7,1313,201,84.06427,99.51127,275.639,285.639,83.89427,99.64027,1.59533105140477,2026-01-21,"CAREER - Phys","January_2026",3,1,"Porites compressa","Susceptible",242.742,"Decreasing at 10% light but increasing at all other light levels",NA,NA,NA,10,0.242742,2.32352310048058
"50","4",4,1,0,300,44.2033166666667,38.6773166666667,395.672,410.623,38.6443166666667,44.6643166666667,-0.513964184032689,2026-01-21,"CAREER - Phys","January_2026",5,6,"Montipora capitata","Resistant",246.337,NA,NA,NA,NA,10,0.246337,-0.759650371212364
"51","4",4,2,155,319,-0.766312499999998,1.25468750000002,322.715,338.623,-1.04231249999998,1.58668750000001,0.160968509301081,2026-01-21,"CAREER - Phys","January_2026",5,6,"Montipora capitata","Resistant",246.337,NA,NA,NA,NA,10,0.246337,0.237914998054202
"52","4",4,3,269,200,3.07478499999999,6.84578499999998,339.673,349.623,2.89278499999998,6.93078499999999,0.374121119528528,2026-01-21,"CAREER - Phys","January_2026",5,6,"Montipora capitata","Resistant",246.337,NA,NA,NA,NA,10,0.246337,0.552959245327793
"53","4",4,4,472,220,8.37432727272727,15.1363272727273,350.673,361.622,8.23632727272727,15.2693272727273,0.620875584245316,2026-01-21,"CAREER - Phys","January_2026",5,6,"Montipora capitata","Resistant",246.337,NA,NA,NA,NA,10,0.246337,0.91766777277743
"54","4",4,5,824,200,17.175595,23.614595,362.673,372.623,17.154595,23.811595,0.679707027574508,2026-01-21,"CAREER - Phys","January_2026",5,6,"Montipora capitata","Resistant",246.337,NA,NA,NA,NA,10,0.246337,1.00462194030973
"55","4",4,6,1017,200,25.88492,31.08292,373.673,383.623,25.51292,31.40992,0.483262902144013,2026-01-21,"CAREER - Phys","January_2026",5,6,"Montipora capitata","Resistant",246.337,NA,NA,NA,NA,10,0.246337,0.714273201152698
"56","4",4,7,1313,200,32.5913,41.4473,384.672,394.623,32.5913,41.5653,0.847603114067634,2026-01-21,"CAREER - Phys","January_2026",5,6,"Montipora capitata","Resistant",246.337,NA,NA,NA,NA,10,0.246337,1.25277604986047
"57","3",1,1,0,320,48.445003125,30.662003125,70.946,86.896,30.551003125,50.059003125,-1.60516447053262,2026-01-21,"CAREER - Phys","January_2026",2,8,"Montipora capitata","Susceptible",248.114,NA,NA,NA,NA,10,0.248114,-2.38958266465038
"58","3",1,2,155,299,-17.7978412162162,-19.3648412162162,0,14.896,-19.5238412162162,-17.7318412162162,-0.0100067470083614,2026-01-21,"CAREER - Phys","January_2026",2,8,"Montipora capitata","Susceptible",248.114,NA,NA,NA,NA,10,0.248114,-0.0148968841633954
"59","3",1,3,269,200,-18.85791,-15.29991,15.946,25.896,-19.07391,-15.05491,0.485516952374688,2026-01-21,"CAREER - Phys","January_2026",2,8,"Montipora capitata","Susceptible",248.114,NA,NA,NA,NA,10,0.248114,0.72278131872896
"60","3",1,4,472,200,-14.036895,-4.706895,26.946,36.897,-14.082895,-4.40989500000001,1.02020986336932,2026-01-21,"CAREER - Phys","January_2026",2,8,"Montipora capitata","Susceptible",248.114,NA,NA,NA,NA,10,0.248114,1.51877010024009
"61","3",1,5,824,200,-2.46285499999999,10.557145,37.947,47.896,-2.55085499999998,10.557145,1.36608341616931,2026-01-21,"CAREER - Phys","January_2026",2,8,"Montipora capitata","Susceptible",248.114,NA,NA,NA,NA,10,0.248114,2.0336665243166
"62","3",1,6,1017,200,12.59721,27.58921,48.946,58.896,12.59721,27.90421,1.5604147213578,2026-01-21,"CAREER - Phys","January_2026",2,8,"Montipora capitata","Susceptible",248.114,NA,NA,NA,NA,10,0.248114,2.32296442904982
"63","3",1,7,1313,200,30.405315,45.468315,59.946,69.896,30.292315,45.626315,1.54065562430351,2026-01-21,"CAREER - Phys","January_2026",2,8,"Montipora capitata","Susceptible",248.114,NA,NA,NA,NA,10,0.248114,2.29354937741065
"64","247",2,1,0,320,56.36979375,41.87179375,177.963,193.913,41.87179375,56.88979375,-0.97932614555256,2026-01-21,"CAREER - Phys","January_2026",1,1,"Porites compressa","Susceptible",241.081,"Coral fell off string at some point during the run, data may look weird",NA,NA,NA,10,0.241081,-1.41658155897574
"65","247",2,2,155,298,5.08736454849497,3.35336454849497,106.069,120.913,3.14836454849498,5.30736454849497,-0.0891451856285307,2026-01-21,"CAREER - Phys","January_2026",1,1,"Porites compressa","Susceptible",241.081,"Coral fell off string at some point during the run, data may look weird",NA,NA,NA,10,0.241081,-0.128947262979071
"66","247",2,3,269,200,4.28960696517413,6.96360696517414,121.963,131.913,4.07460696517413,7.10060696517414,0.325544543899579,2026-01-21,"CAREER - Phys","January_2026",1,1,"Porites compressa","Susceptible",241.081,"Coral fell off string at some point during the run, data may look weird",NA,NA,NA,10,0.241081,0.470895625127126
"67","247",2,4,472,200,8.58782587064675,14.7928258706468,132.963,142.913,8.50082587064676,14.9098258706468,0.707452043010754,2026-01-21,"CAREER - Phys","January_2026",1,1,"Porites compressa","Susceptible",241.081,"Coral fell off string at some point during the run, data may look weird",NA,NA,NA,10,0.241081,1.02331947588645
"68","247",2,5,824,200,16.920671641791,25.462671641791,143.963,153.913,16.592671641791,25.462671641791,0.911777452005552,2026-01-21,"CAREER - Phys","January_2026",1,1,"Porites compressa","Susceptible",241.081,"Coral fell off string at some point during the run, data may look weird",NA,NA,NA,10,0.241081,1.3188733194417
"69","247",2,6,1017,200,28.0566417910448,38.1896417910448,154.963,164.913,27.8336417910448,38.4196417910448,1.08665526864263,2026-01-21,"CAREER - Phys","January_2026",1,1,"Porites compressa","Susceptible",241.081,"Coral fell off string at some point during the run, data may look weird",NA,NA,NA,10,0.241081,1.5718316329178
"70","247",2,7,1313,200,41.0319154228856,52.6299154228856,165.963,175.913,41.0319154228856,52.6299154228856,1.19520951755433,2026-01-21,"CAREER - Phys","January_2026",1,1,"Porites compressa","Susceptible",241.081,"Coral fell off string at some point during the run, data may look weird",NA,NA,NA,10,0.241081,1.7288538342091
"71","239",3,1,0,320,81.06380625,71.45280625,286.946,302.896,71.16780625,81.89280625,-0.77249162200138,2026-01-21,"CAREER - Phys","January_2026",4,7,"Porites compressa","Susceptible",245.465,NA,NA,NA,NA,10,0.245465,-1.13771793596741
"72","239",3,2,155,308,39.2622302631579,37.1832302631579,214.538,229.896,37.0732302631579,39.3902302631579,-0.116241092550052,2026-01-21,"CAREER - Phys","January_2026",4,7,"Porites compressa","Susceptible",245.465,NA,NA,NA,NA,10,0.245465,-0.171198718696791
"73","239",3,3,269,200,38.138085,40.324085,230.947,240.897,37.815085,40.324085,0.256173984704022,2026-01-21,"CAREER - Phys","January_2026",4,7,"Porites compressa","Susceptible",245.465,NA,NA,NA,NA,10,0.245465,0.377290482932236
"74","239",3,4,472,200,41.714205,47.077205,241.946,251.896,41.267205,47.077205,0.546662284031452,2026-01-21,"CAREER - Phys","January_2026",4,7,"Porites compressa","Susceptible",245.465,NA,NA,NA,NA,10,0.245465,0.805118745298683
"75","239",3,5,824,220,48.4472136363636,56.9462136363636,252.946,263.896,48.4472136363636,56.9462136363636,0.787668026614794,2026-01-21,"CAREER - Phys","January_2026",4,7,"Porites compressa","Susceptible",245.465,NA,NA,NA,NA,10,0.245465,1.160069592918
"76","239",3,6,1017,200,58.55954,67.50954,264.946,274.896,58.51554,67.57554,0.931087273823281,2026-01-21,"CAREER - Phys","January_2026",4,7,"Porites compressa","Susceptible",245.465,NA,NA,NA,NA,10,0.245465,1.37129602601419
"77","239",3,7,1313,200,69.33927,78.70427,275.946,285.896,69.27127,78.96427,0.968678559556899,2026-01-21,"CAREER - Phys","January_2026",4,7,"Porites compressa","Susceptible",245.465,NA,NA,NA,NA,10,0.245465,1.42666009572981
"78","27",4,1,0,300,64.9753166666667,53.1363166666667,395.963,410.913,53.0093166666667,65.9843166666667,-0.977069395683408,2026-01-21,"CAREER - Phys","January_2026",1,10,"Porites compressa","Resistant",248.252,NA,NA,NA,NA,10,0.248252,-1.45535658970319
"79","27",4,2,155,320,-3.97531249999997,-5.25731249999998,322.963,338.913,-5.71131249999999,-3.7013125,-0.0611260420595743,2026-01-21,"CAREER - Phys","January_2026",1,10,"Porites compressa","Resistant",248.252,NA,NA,NA,NA,10,0.248252,-0.0910479731602407
"80","27",4,3,269,200,-3.81521500000002,-0.353215000000006,339.963,349.913,-3.858215,-0.260215000000017,0.437885084417203,2026-01-21,"CAREER - Phys","January_2026",1,10,"Porites compressa","Resistant",248.252,NA,NA,NA,NA,10,0.248252,0.652235087860436
"81","27",4,4,472,220,1.40532727272728,10.3583272727273,350.963,361.913,1.32932727272726,10.3583272727273,0.828665769723836,2026-01-21,"CAREER - Phys","January_2026",1,10,"Porites compressa","Resistant",248.252,NA,NA,NA,NA,10,0.248252,1.23430760799289
"82","27",4,5,824,200,12.654595,24.360595,362.963,372.913,12.581595,24.774595,1.20447272354392,2026-01-21,"CAREER - Phys","January_2026",1,10,"Porites compressa","Resistant",248.252,NA,NA,NA,NA,10,0.248252,1.79407657539135
"83","27",4,6,1017,200,27.13592,40.99692,373.963,383.913,27.13592,41.40192,1.43842708505368,2026-01-21,"CAREER - Phys","January_2026",1,10,"Porites compressa","Resistant",248.252,NA,NA,NA,NA,10,0.248252,2.14255440431248
"84","27",4,7,1313,200,44.8703,60.9253,384.963,394.913,44.7333,60.9253,1.64910775710776,2026-01-21,"CAREER - Phys","January_2026",1,10,"Porites compressa","Resistant",248.252,NA,NA,NA,NA,10,0.248252,2.45636579350509
"85","221",5,1,0,300,106.910541528239,99.8985415282392,502.946,517.896,99.6645415282392,107.381541528239,-0.547196176152607,2026-01-21,"CAREER - Phys","January_2026",4,3,"Montipora capitata","Susceptible",234.127,NA,NA,NA,NA,10,0.234127,-0.768680394804489
"86","221",5,2,155,299,54.5079230769231,57.4289230769231,430.994,445.897,53.4069230769231,57.4289230769231,0.274095154058706,2026-01-21,"CAREER - Phys","January_2026",4,3,"Montipora capitata","Susceptible",234.127,NA,NA,NA,NA,10,0.234127,0.385038456805816
"87","221",5,3,269,200,59.0909054726368,63.3819054726368,446.946,456.896,58.8629054726368,63.7309054726368,0.500223492662514,2026-01-21,"CAREER - Phys","January_2026",4,3,"Montipora capitata","Susceptible",234.127,NA,NA,NA,NA,10,0.234127,0.702694953999578
"88","221",5,4,472,200,65.1553631840796,72.3343631840796,457.946,467.897,65.1553631840796,72.3343631840796,0.69261500675711,2026-01-21,"CAREER - Phys","January_2026",4,3,"Montipora capitata","Susceptible",234.127,NA,NA,NA,NA,10,0.234127,0.972959242122131
"89","221",5,5,824,220,73.0053529411765,81.5083529411765,467.946,478.896,73.0053529411765,81.7553529411765,0.781828077737024,2026-01-21,"CAREER - Phys","January_2026",4,3,"Montipora capitata","Susceptible",234.127,NA,NA,NA,NA,10,0.234127,1.09828237413802
"90","221",5,6,1017,200,83.7840099502488,92.9130099502487,479.946,489.896,83.5540099502487,92.9870099502488,0.905283368994822,2026-01-21,"CAREER - Phys","January_2026",4,3,"Montipora capitata","Susceptible",234.127,NA,NA,NA,NA,10,0.234127,1.2717076759959
"91","221",5,7,1313,200,94.4715024875622,104.266502487562,490.947,500.896,94.4075024875622,104.266502487562,0.943502392387494,2026-01-21,"CAREER - Phys","January_2026",4,3,"Montipora capitata","Susceptible",234.127,NA,NA,NA,NA,10,0.234127,1.32539630773504
"92","235",1,1,0,320,-38.119996875,-43.510996875,70.902,86.852,-43.510996875,-37.078996875,-0.467947555813857,2026-01-21,"CAREER - Phys","January_2026",3,8,"Porites compressa","Susceptible",246.339,NA,NA,NA,NA,10,0.246339,-0.691642397709778
"93","235",1,2,155,298,-64.5478412162162,-65.4508412162162,0,14.852,-65.6178412162162,-64.5478412162162,-0.021145199282702,2026-01-21,"CAREER - Phys","January_2026",3,8,"Porites compressa","Susceptible",246.339,NA,NA,NA,NA,10,0.246339,-0.0312533234766091
"94","235",1,3,269,200,-65.00191,-64.28791,15.901,25.852,-65.21491,-64.09991,0.0978627364715158,2026-01-21,"CAREER - Phys","January_2026",3,8,"Porites compressa","Susceptible",246.339,NA,NA,NA,NA,10,0.246339,0.14464445183794
"95","235",1,4,472,200,-63.564895,-60.549895,26.902,36.852,-63.738895,-60.505895,0.321027989116031,2026-01-21,"CAREER - Phys","January_2026",3,8,"Porites compressa","Susceptible",246.339,NA,NA,NA,NA,10,0.246339,0.474490282865124
"96","235",1,5,824,200,-59.376855,-54.935855,37.902,47.851,-59.519855,-54.923855,0.478857850699533,2026-01-21,"CAREER - Phys","January_2026",3,8,"Porites compressa","Susceptible",246.339,NA,NA,NA,NA,10,0.246339,0.707768184500834
"97","235",1,6,1017,200,-53.41779,-47.44979,48.901,58.852,-53.43779,-47.40079,0.625268986662081,2026-01-21,"CAREER - Phys","January_2026",3,8,"Porites compressa","Susceptible",246.339,NA,NA,NA,NA,10,0.246339,0.924168821432102
"98","235",1,7,1313,200,-45.739685,-39.447685,59.902,69.851,-45.902685,-39.447685,0.645636259566482,2026-01-21,"CAREER - Phys","January_2026",3,8,"Porites compressa","Susceptible",246.339,NA,NA,NA,NA,10,0.246339,0.954272343272085
"99","209",2,1,0,320,21.17979375,12.95479375,177.919,193.868,12.95479375,24.02779375,-1.04809179869586,2026-01-21,"CAREER - Phys","January_2026",3,7,"Montipora capitata","Susceptible",243.631,NA,NA,NA,NA,10,0.243631,-1.53208591804842
"100","209",2,2,155,297,-48.086635451505,-47.793635451505,106.062,120.869,-49.728635451505,-47.793635451505,0.200526813324294,2026-01-21,"CAREER - Phys","January_2026",3,7,"Montipora capitata","Susceptible",243.631,NA,NA,NA,NA,10,0.243631,0.293127288342066
"101","209",2,3,269,200,-46.4543930348259,-41.4403930348259,121.918,131.868,-46.4903930348259,-41.4403930348259,0.524655552755492,2026-01-21,"CAREER - Phys","January_2026",3,7,"Montipora capitata","Susceptible",243.631,NA,NA,NA,NA,10,0.243631,0.766934141840239
"102","209",2,4,472,200,-39.6611741293532,-31.2381741293532,132.918,142.869,-39.8301741293532,-31.2051741293532,0.93847329862653,2026-01-21,"CAREER - Phys","January_2026",3,7,"Montipora capitata","Susceptible",243.631,NA,NA,NA,NA,10,0.243631,1.37184712930608
"103","209",2,5,824,200,-28.915328358209,-17.883328358209,143.918,153.868,-29.122328358209,-17.797328358209,1.22871216731938,2026-01-21,"CAREER - Phys","January_2026",3,7,"Montipora capitata","Susceptible",243.631,NA,NA,NA,NA,10,0.243631,1.79611424421713
"104","209",2,6,1017,200,-15.0923582089552,-1.92935820895522,154.918,164.868,-15.2533582089552,-1.74735820895523,1.41656130759475,2026-01-21,"CAREER - Phys","January_2026",3,7,"Montipora capitata","Susceptible",243.631,NA,NA,NA,NA,10,0.243631,2.0707094875837
"105","209",2,7,1313,200,1.21191542288557,16.1899154228856,165.919,175.869,1.08391542288555,16.2409154228856,1.61271657396441,2026-01-21,"CAREER - Phys","January_2026",3,7,"Montipora capitata","Susceptible",243.631,NA,NA,NA,NA,10,0.243631,2.35744650978914
"106","20",3,1,0,321,45.86880625,36.19180625,286.885,302.885,36.19180625,47.45280625,-0.967543088210666,2026-01-21,"CAREER - Phys","January_2026",1,2,"Montipora capitata","Resistant",244.051,NA,NA,NA,NA,10,0.244051,-1.41677914932541
"107","20",3,2,155,308,-5.2037697368421,-4.81976973684209,214.533,229.885,-6.26576973684209,-4.81976973684209,0.0948938147077661,2026-01-21,"CAREER - Phys","January_2026",1,2,"Montipora capitata","Resistant",244.051,NA,NA,NA,NA,10,0.244051,0.13895358223947
"108","20",3,3,269,201,-3.281915,0.668084999999991,230.885,240.885,-3.58291500000001,0.668084999999991,0.402239385560678,2026-01-21,"CAREER - Phys","January_2026",1,2,"Montipora capitata","Resistant",244.051,NA,NA,NA,NA,10,0.244051,0.589001545712814
"109","20",3,4,472,201,2.085205,8.70020499999998,241.885,251.885,1.86220499999999,8.924205,0.722434424548746,2026-01-21,"CAREER - Phys","January_2026",1,2,"Montipora capitata","Resistant",244.051,NA,NA,NA,NA,10,0.244051,1.05786506247328
"110","20",3,5,824,221,10.4342136363636,20.1512136363636,252.885,263.885,10.3632136363636,20.1982136363636,0.904853176289639,2026-01-21,"CAREER - Phys","January_2026",1,2,"Montipora capitata","Resistant",244.051,NA,NA,NA,NA,10,0.244051,1.32498193515998
"111","20",3,6,1017,201,22.17054,31.79254,264.885,274.885,21.84054,31.79254,1.04866120975799,2026-01-21,"CAREER - Phys","January_2026",1,2,"Montipora capitata","Resistant",244.051,NA,NA,NA,NA,10,0.244051,1.53556090141588
"112","20",3,7,1313,201,33.58027,43.79627,275.885,285.885,33.50127,43.79627,1.05970865009246,2026-01-21,"CAREER - Phys","January_2026",1,2,"Montipora capitata","Resistant",244.051,NA,NA,NA,NA,10,0.244051,1.55173773458229
"113","241",4,1,0,300,-18.8236833333333,-32.7156833333333,395.902,410.852,-32.8146833333333,-18.6076833333333,-1.05241346389518,2026-01-21,"CAREER - Phys","January_2026",4,5,"Porites compressa","Susceptible",246.6,NA,NA,NA,NA,10,0.2466,-1.55715096117931
"114","241",4,2,155,320,-44.5163125,-49.5743125,322.902,338.851,-49.7453125,-44.5163125,-0.277255149074362,2026-01-21,"CAREER - Phys","January_2026",4,5,"Porites compressa","Susceptible",246.6,NA,NA,NA,NA,10,0.2466,-0.410226718570426
"115","241",4,3,269,200,-48.368215,-49.306215,339.902,349.852,-49.438215,-48.344215,-0.0678194026013815,2026-01-21,"CAREER - Phys","January_2026",4,5,"Porites compressa","Susceptible",246.6,NA,NA,NA,NA,10,0.2466,-0.100345588089004
"116","241",4,4,472,220,-48.0296727272727,-45.6136727272727,350.901,361.852,-48.1786727272727,-45.4436727272727,0.249898087691262,2026-01-21,"CAREER - Phys","January_2026",4,5,"Porites compressa","Susceptible",246.6,NA,NA,NA,NA,10,0.2466,0.369749210547991
"117","241",4,5,824,200,-44.095405,-39.414405,362.902,372.851,-44.095405,-39.414405,0.472361451301582,2026-01-21,"CAREER - Phys","January_2026",4,5,"Porites compressa","Susceptible",246.6,NA,NA,NA,NA,10,0.2466,0.69890600334582
"118","241",4,6,1017,200,-37.40208,-31.74108,373.901,383.851,-37.52608,-31.52108,0.596225969390497,2026-01-21,"CAREER - Phys","January_2026",4,5,"Porites compressa","Susceptible",246.6,NA,NA,NA,NA,10,0.2466,0.88217594431018
"119","241",4,7,1313,200,-28.9067,-22.0577,384.902,394.851,-29.0427,-21.9697,0.709317792873771,2026-01-21,"CAREER - Phys","January_2026",4,5,"Porites compressa","Susceptible",246.6,NA,NA,NA,NA,10,0.2466,1.04950660633603
"120","19",2,1,0,320,46.50879375,37.44979375,177.868,193.818,37.44979375,46.96979375,-0.737580922618646,2026-01-21,"CAREER - Phys","January_2026",4,8,"Montipora capitata","Susceptible",245.579,"Remove 10% light level from this coral",NA,NA,NA,10,0.245579,-1.08680631237459
"121","19",2,2,155,296,5.00936454849497,5.08836454849498,106.068,120.817,3.86236454849498,5.08836454849498,0.0963544860027747,2026-01-21,"CAREER - Phys","January_2026",4,8,"Montipora capitata","Susceptible",245.579,"Remove 10% light level from this coral",NA,NA,NA,10,0.245579,0.141975829908452
"122","19",2,3,269,200,6.29060696517413,9.17360696517412,121.867,131.818,6.21260696517413,9.25760696517412,0.324909015492746,2026-01-21,"CAREER - Phys","January_2026",4,8,"Montipora capitata","Susceptible",245.579,"Remove 10% light level from this coral",NA,NA,NA,10,0.245579,0.478744986694158
"123","19",2,4,472,200,10.7218258706468,15.7688258706468,132.868,142.817,10.6408258706468,15.8148258706468,0.559099602865209,2026-01-21,"CAREER - Phys","January_2026",4,8,"Montipora capitata","Susceptible",245.579,"Remove 10% light level from this coral",NA,NA,NA,10,0.245579,0.823818728232211
"124","19",2,5,824,200,17.483671641791,24.387671641791,143.867,153.818,17.4276716417911,24.418671641791,0.70565844854363,2026-01-21,"CAREER - Phys","January_2026",4,8,"Montipora capitata","Susceptible",245.579,"Remove 10% light level from this coral",NA,NA,NA,10,0.245579,1.03976937680938
"125","19",2,6,1017,200,26.3936417910448,33.9346417910448,154.867,164.817,26.2246417910448,33.9346417910448,0.754448889336308,2026-01-21,"CAREER - Phys","January_2026",4,8,"Montipora capitata","Susceptible",245.579,"Remove 10% light level from this coral",NA,NA,NA,10,0.245579,1.11166082276593
"126","19",2,7,1313,200,35.9899154228856,43.6579154228856,165.868,175.818,35.9899154228856,43.6579154228856,0.76301370644605,2026-01-21,"CAREER - Phys","January_2026",4,8,"Montipora capitata","Susceptible",245.579,"Remove 10% light level from this coral",NA,NA,NA,10,0.245579,1.12428085809189
"127","225",3,1,0,320,75.71080625,67.43180625,286.885,302.834,67.35280625,76.35280625,-0.671581980973367,2026-01-21,"CAREER - Phys","January_2026",5,8,"Porites compressa","Susceptible",236.884,NA,NA,NA,NA,10,0.236884,-0.95452215588537
"128","225",3,2,155,307,34.2612302631579,31.5292302631579,214.54,229.835,31.3202302631579,34.2612302631579,-0.148333812556301,2026-01-21,"CAREER - Phys","January_2026",5,8,"Porites compressa","Susceptible",236.884,NA,NA,NA,NA,10,0.236884,-0.21082744112152
"129","225",3,3,269,200,32.529085,33.999085,230.884,240.834,32.266085,34.155085,0.193652062363961,2026-01-21,"CAREER - Phys","January_2026",5,8,"Porites compressa","Susceptible",236.884,NA,NA,NA,NA,10,0.236884,0.275238450846148
"130","225",3,4,472,200,35.325205,40.691205,241.884,251.834,35.200205,40.691205,0.593606668484413,2026-01-21,"CAREER - Phys","January_2026",5,8,"Porites compressa","Susceptible",236.884,NA,NA,NA,NA,10,0.236884,0.843695532343571
"131","225",3,5,824,220,42.2112136363636,50.8632136363636,252.885,263.834,42.2112136363636,50.8632136363636,0.817425078450379,2026-01-21,"CAREER - Phys","January_2026",5,8,"Porites compressa","Susceptible",236.884,NA,NA,NA,NA,10,0.236884,1.16180953370184
"132","225",3,6,1017,200,52.59854,62.05654,264.884,274.834,52.59854,62.05654,0.929845731560169,2026-01-21,"CAREER - Phys","January_2026",5,8,"Porites compressa","Susceptible",236.884,NA,NA,NA,NA,10,0.236884,1.3215934576494
"133","225",3,7,1313,200,63.72227,73.65127,275.885,285.834,63.72227,73.65127,1.00826236115228,2026-01-21,"CAREER - Phys","January_2026",5,8,"Porites compressa","Susceptible",236.884,NA,NA,NA,NA,10,0.236884,1.43304732695517
"134","206",4,1,0,301,52.9813166666667,45.7933166666667,395.851,410.851,45.7543166666667,53.4783166666667,-0.602469623079897,2026-01-21,"CAREER - Phys","January_2026",1,9,"Montipora capitata","Resistant",241.651,NA,NA,NA,NA,10,0.241651,-0.873524321321281
"135","206",4,2,155,321,-2.49931249999997,1.70168750000002,322.851,338.85,-2.83431249999998,1.85668750000002,0.31901763137839,2026-01-21,"CAREER - Phys","January_2026",1,9,"Montipora capitata","Resistant",241.651,NA,NA,NA,NA,10,0.241651,0.462545577841315
"136","206",4,3,269,201,3.75978499999999,8.742785,339.851,349.85,3.67378499999998,8.742785,0.510143106569831,2026-01-21,"CAREER - Phys","January_2026",1,9,"Montipora capitata","Resistant",241.651,NA,NA,NA,NA,10,0.241651,0.739659551074237
"137","206",4,4,472,221,10.6963272727273,18.0583272727273,350.851,361.851,10.6743272727273,18.1313272727273,0.683792007178835,2026-01-21,"CAREER - Phys","January_2026",1,9,"Montipora capitata","Resistant",241.651,NA,NA,NA,NA,10,0.241651,0.991434133960637
"138","206",4,5,824,201,20.360595,28.141595,362.851,372.851,20.239595,28.141595,0.78459777719311,2026-01-21,"CAREER - Phys","January_2026",1,9,"Montipora capitata","Resistant",241.651,NA,NA,NA,NA,10,0.241651,1.13759302473895
"139","206",4,6,1017,201,30.23792,38.76892,373.851,383.851,30.23792,38.79292,0.829831555053079,2026-01-21,"CAREER - Phys","January_2026",1,9,"Montipora capitata","Resistant",241.651,NA,NA,NA,NA,10,0.241651,1.20317775066079
"140","206",4,7,1313,201,41.6623,50.2343,384.851,394.85,41.6123,50.3603,0.881566265708801,2026-01-21,"CAREER - Phys","January_2026",1,9,"Montipora capitata","Resistant",241.651,NA,NA,NA,NA,10,0.241651,1.27818821804878
"141","2",5,1,0,301,80.5985415282392,76.3675415282392,502.851,517.851,76.3675415282392,80.6645415282392,-0.343642782032422,2026-01-21,"CAREER - Phys","January_2026",1,4,"Montipora capitata","Resistant",244.208,"This nub is quite small",NA,NA,NA,10,0.244208,-0.503521899087442
"142","2",5,2,155,298,51.9999230769231,52.8249230769231,430.994,445.851,51.5529230769231,52.8299230769231,0.0932478418759582,2026-01-21,"CAREER - Phys","January_2026",1,4,"Montipora capitata","Resistant",244.208,"This nub is quite small",NA,NA,NA,10,0.244208,0.136631213813064
"143","2",5,3,269,201,54.3179054726368,56.6129054726368,446.851,456.851,54.2709054726368,56.6609054726368,0.23497218303594,2026-01-21,"CAREER - Phys","January_2026",1,4,"Montipora capitata","Resistant",244.208,"This nub is quite small",NA,NA,NA,10,0.244208,0.344292521249045
"144","2",5,4,472,201,58.0533631840796,61.4553631840796,457.851,467.851,57.8933631840796,61.4933631840796,0.369954956512298,2026-01-21,"CAREER - Phys","January_2026",1,4,"Montipora capitata","Resistant",244.208,"This nub is quite small",NA,NA,NA,10,0.244208,0.542075760119731
"145","2",5,5,824,221,62.4373529411765,67.0993529411764,467.851,478.851,62.3963529411764,67.0993529411764,0.424517427882084,2026-01-21,"CAREER - Phys","January_2026",1,4,"Montipora capitata","Resistant",244.208,"This nub is quite small",NA,NA,NA,10,0.244208,0.622023312169368
"146","2",5,6,1017,201,68.4230099502487,72.8540099502488,479.851,489.851,68.4230099502487,72.8980099502488,0.445242077166121,2026-01-21,"CAREER - Phys","January_2026",1,4,"Montipora capitata","Resistant",244.208,"This nub is quite small",NA,NA,NA,10,0.244208,0.652390063083505
"147","2",5,7,1313,201,74.4265024875622,78.8515024875622,490.851,500.851,74.4265024875622,78.9885024875622,0.455216866267937,2026-01-21,"CAREER - Phys","January_2026",1,4,"Montipora capitata","Resistant",244.208,"This nub is quite small",NA,NA,NA,10,0.244208,0.667005602865362
"148","248",1,1,0,320,58.323003125,47.284003125,70.85,86.801,47.060003125,60.232003125,-0.959851821319117,2026-01-21,"CAREER - Phys","January_2026",2,5,"Porites compressa","Resistant",238.956,NA,NA,NA,NA,10,0.238956,-1.37617411089079
"149","248",1,2,155,297,-18.3288412162162,-15.5818412162162,0,14.801,-18.5968412162162,-15.5818412162162,0.212976258632838,2026-01-21,"CAREER - Phys","January_2026",2,5,"Porites compressa","Resistant",238.956,NA,NA,NA,NA,10,0.238956,0.305351729147211
"150","248",1,3,269,200,-14.96391,-9.48591000000002,15.851,25.801,-14.97191,-9.47791000000001,0.625713975384032,2026-01-21,"CAREER - Phys","January_2026",2,5,"Porites compressa","Resistant",238.956,NA,NA,NA,NA,10,0.238956,0.897108652211201
"151","248",1,4,472,200,-8.236895,1.77710500000001,26.851,36.801,-8.236895,1.77710500000001,1.039909633046,2026-01-21,"CAREER - Phys","January_2026",2,5,"Porites compressa","Resistant",238.956,NA,NA,NA,NA,10,0.238956,1.49095587764485
"152","248",1,5,824,200,3.66514500000002,16.726145,37.851,47.801,3.62814500000002,16.726145,1.35733395588679,2026-01-21,"CAREER - Phys","January_2026",2,5,"Porites compressa","Resistant",238.956,NA,NA,NA,NA,10,0.238956,1.9460585565773
"153","248",1,6,1017,200,18.87921,35.14921,48.851,58.801,18.87921,35.35821,1.68677480830258,2026-01-21,"CAREER - Phys","January_2026",2,5,"Porites compressa","Resistant",238.956,NA,NA,NA,NA,10,0.238956,2.41838976655651
"154","248",1,7,1313,200,38.167315,55.436315,59.851,69.801,38.156315,55.436315,1.76165120135685,2026-01-21,"CAREER - Phys","January_2026",2,5,"Porites compressa","Resistant",238.956,NA,NA,NA,NA,10,0.238956,2.52574274682857
"155","28",2,1,0,320,80.46579375,63.45979375,177.85,193.801,62.87579375,80.74079375,-1.21067236623541,2026-01-21,"CAREER - Phys","January_2026",1,8,"Porites compressa","Susceptible",233.57,NA,NA,NA,NA,10,0.23357,-1.69666046748963
"156","28",2,2,155,294,6.30836454849498,4.86536454849497,106.154,120.801,4.72136454849496,6.61436454849496,-0.0701413826843219,2026-01-21,"CAREER - Phys","January_2026",1,8,"Porites compressa","Susceptible",233.57,NA,NA,NA,NA,10,0.23357,-0.0982975365214624
"157","28",2,3,269,200,5.93060696517412,9.90860696517413,121.851,131.8,5.67260696517411,10.1816069651741,0.482396913547545,2026-01-21,"CAREER - Phys","January_2026",1,8,"Porites compressa","Susceptible",233.57,NA,NA,NA,NA,10,0.23357,0.6760406825838
"158","28",2,4,472,200,11.8318258706468,20.8398258706468,132.85,142.801,11.6268258706468,20.9448258706468,0.936122222221153,2026-01-21,"CAREER - Phys","January_2026",1,8,"Porites compressa","Susceptible",233.57,NA,NA,NA,NA,10,0.23357,1.31190040466517
"159","28",2,5,824,200,23.198671641791,36.758671641791,143.851,153.8,23.1726716417911,36.8086716417911,1.40415289898377,2026-01-21,"CAREER - Phys","January_2026",1,8,"Porites compressa","Susceptible",233.57,NA,NA,NA,NA,10,0.23357,1.96780795569384
"160","28",2,6,1017,200,39.4376417910448,55.7486417910448,154.851,164.801,39.4376417910448,55.7486417910448,1.5888956690482,2026-01-21,"CAREER - Phys","January_2026",1,8,"Porites compressa","Susceptible",233.57,NA,NA,NA,NA,10,0.23357,2.22671016851753
"161","28",2,7,1313,200,58.7909154228856,75.5749154228855,165.851,175.801,58.7909154228856,75.6309154228856,1.75394378761082,2026-01-21,"CAREER - Phys","January_2026",1,8,"Porites compressa","Susceptible",233.57,NA,NA,NA,NA,10,0.23357,2.45801190283355
"162","226",3,1,0,320,55.40680625,52.72880625,286.851,302.801,52.42680625,56.03980625,-0.25651915815837,2026-01-21,"CAREER - Phys","January_2026",4,4,"Porites compressa","Resistant",232.514,"Large nub",NA,NA,NA,10,0.232514,-0.357865773240212
"163","226",3,2,155,306,44.0782302631579,43.2762302631579,214.553,229.801,43.2762302631579,44.3412302631579,-0.0284014632057101,2026-01-21,"CAREER - Phys","January_2026",4,4,"Porites compressa","Resistant",232.514,"Large nub",NA,NA,NA,10,0.232514,-0.0396224268948748
"164","226",3,3,269,200,44.741085,45.104085,230.85,240.8,44.435085,45.304085,0.0574634916958091,2026-01-21,"CAREER - Phys","January_2026",4,4,"Porites compressa","Resistant",232.514,"Large nub",NA,NA,NA,10,0.232514,0.0801663978489561
"165","226",3,4,472,200,46.258205,47.129205,241.85,251.801,46.107205,47.542205,0.123345126659141,2026-01-21,"CAREER - Phys","January_2026",4,4,"Porites compressa","Resistant",232.514,"Large nub",NA,NA,NA,10,0.232514,0.172076812680141
"166","226",3,5,824,220,48.4142136363636,50.1902136363636,252.851,263.801,48.2172136363636,50.1902136363636,0.136304091288822,2026-01-21,"CAREER - Phys","January_2026",4,4,"Porites compressa","Resistant",232.514,"Large nub",NA,NA,NA,10,0.232514,0.190155656891575
"167","226",3,6,1017,200,50.67154,52.32154,264.851,274.801,50.67154,52.43254,0.135611685103669,2026-01-21,"CAREER - Phys","January_2026",4,4,"Porites compressa","Resistant",232.514,"Large nub",NA,NA,NA,10,0.232514,0.189189692101168
"168","226",3,7,1313,200,52.99027,54.42727,275.851,285.801,52.99027,54.68627,0.137849046306801,2026-01-21,"CAREER - Phys","January_2026",4,4,"Porites compressa","Resistant",232.514,"Large nub",NA,NA,NA,10,0.232514,0.192310998917877
"169","1",4,1,0,300,67.5893166666667,58.4683166666667,395.851,410.801,58.0053166666667,68.9483166666667,-0.913612002992658,2026-01-21,"CAREER - Phys","January_2026",5,2,"Montipora capitata","Susceptible",239.193,NA,NA,NA,NA,10,0.239193,-1.31117757499094
"170","1",4,2,155,320,-5.40831249999999,-1.05331249999998,322.851,338.801,-6.98931249999998,-0.691312499999981,0.292224509641165,2026-01-21,"CAREER - Phys","January_2026",5,2,"Montipora capitata","Susceptible",239.193,NA,NA,NA,NA,10,0.239193,0.419388342807595
"171","1",4,3,269,200,1.504785,8.438785,339.851,349.801,1.296785,8.45378499999998,0.683425101865291,2026-01-21,"CAREER - Phys","January_2026",5,2,"Montipora capitata","Susceptible",239.193,NA,NA,NA,NA,10,0.239193,0.980823002342787
"172","1",4,4,472,220,9.27332727272727,17.0853272727273,350.851,361.8,8.74632727272726,18.6883272727273,0.469665819354104,2026-01-21,"CAREER - Phys","January_2026",5,2,"Montipora capitata","Susceptible",239.193,NA,NA,NA,NA,10,0.239193,0.674044657972597
"173","1",4,5,824,200,17.237595,24.455595,362.851,372.8,15.669595,26.334595,0.0999073485918162,2026-01-21,"CAREER - Phys","January_2026",5,2,"Montipora capitata","Susceptible",239.193,NA,NA,NA,NA,10,0.239193,0.143382830590334
"174","1",4,6,1017,200,34.24492,42.62692,373.85,383.801,29.11392,45.40992,-1.65803452935742,2026-01-21,"CAREER - Phys","January_2026",5,2,"Montipora capitata","Susceptible",239.193,NA,NA,NA,NA,10,0.239193,-2.37954151908354
"175","1",4,7,1313,200,43.1963,63.7663,384.85,394.801,41.3573,63.8903,1.32780131788598,2026-01-21,"CAREER - Phys","January_2026",5,2,"Montipora capitata","Susceptible",239.193,NA,NA,NA,NA,10,0.239193,1.90560468377461
"176","243",5,1,0,300,111.468541528239,99.6185415282392,502.851,517.801,99.6185415282392,112.039541528239,-0.955175125978108,2026-01-21,"CAREER - Phys","January_2026",5,5,"Porites compressa","Susceptible",237.472,NA,NA,NA,NA,10,0.237472,-1.36096408509764
"177","243",5,2,155,297,54.1449230769231,53.5829230769231,430.997,445.8,52.3199230769231,54.1449230769231,0.106566767107702,2026-01-21,"CAREER - Phys","January_2026",5,5,"Porites compressa","Susceptible",237.472,NA,NA,NA,NA,10,0.237472,0.151839739911601
"178","243",5,3,269,200,55.5339054726368,58.9289054726368,446.851,456.801,55.1459054726368,58.9289054726368,0.423968019812085,2026-01-21,"CAREER - Phys","January_2026",5,5,"Porites compressa","Susceptible",237.472,NA,NA,NA,NA,10,0.237472,0.604083201604893
"179","243",5,4,472,200,60.3703631840796,67.1993631840796,457.851,467.801,60.3703631840796,67.6733631840796,0.763138238118943,2026-01-21,"CAREER - Phys","January_2026",5,5,"Porites compressa","Susceptible",237.472,NA,NA,NA,NA,10,0.237472,1.08734378209549
"180","243",5,5,824,220,68.4723529411765,78.9003529411765,467.851,478.8,68.4723529411765,79.3003529411765,1.00465633174863,2026-01-21,"CAREER - Phys","January_2026",5,5,"Porites compressa","Susceptible",237.472,NA,NA,NA,NA,10,0.237472,1.43146649047806
"181","243",5,6,1017,200,81.2490099502488,92.9500099502488,479.85,489.8,81.2490099502488,92.9500099502488,1.16576792575699,2026-01-21,"CAREER - Phys","January_2026",5,5,"Porites compressa","Susceptible",237.472,NA,NA,NA,NA,10,0.237472,1.66102344519218
"182","243",5,7,1313,200,95.3115024875622,107.761502487562,490.85,500.8,95.1715024875622,107.791502487562,1.28272278064495,2026-01-21,"CAREER - Phys","January_2026",5,5,"Porites compressa","Susceptible",237.472,NA,NA,NA,NA,10,0.237472,1.8276644649919
"183","240",2,1,0,320,76.99879375,56.24879375,177.817,193.767,56.18679375,77.57179375,-1.5520510418206,2026-01-21,"CAREER - Phys","January_2026",5,4,"Porites compressa","Resistant",242.319,NA,NA,NA,NA,10,0.242319,-2.25654873841755
"184","240",2,2,155,293,9.16936454849497,5.13936454849497,106.163,120.767,5.12336454849498,9.16936454849497,-0.18620173595249,2026-01-21,"CAREER - Phys","January_2026",5,4,"Porites compressa","Resistant",242.319,NA,NA,NA,NA,10,0.242319,-0.270721310725628
"185","240",2,3,269,200,6.10260696517412,8.97160696517412,121.817,131.767,5.87960696517413,8.97160696517412,0.365612339305976,2026-01-21,"CAREER - Phys","January_2026",5,4,"Porites compressa","Resistant",242.319,NA,NA,NA,NA,10,0.242319,0.531568898689709
"186","240",2,4,472,200,10.3358258706468,19.7378258706468,132.817,142.767,10.3358258706468,19.7798258706468,1.09233155089346,2026-01-21,"CAREER - Phys","January_2026",5,4,"Porites compressa","Resistant",242.319,NA,NA,NA,NA,10,0.242319,1.58815613448571
"187","240",2,5,824,200,22.1066716417911,35.726671641791,143.817,153.767,22.1066716417911,35.726671641791,1.40304063857304,2026-01-21,"CAREER - Phys","January_2026",5,4,"Porites compressa","Resistant",242.319,NA,NA,NA,NA,10,0.242319,2.03990042699028
"188","240",2,6,1017,200,38.4496417910448,53.5176417910448,154.817,164.767,38.3656417910448,53.5956417910448,1.52655389736877,2026-01-21,"CAREER - Phys","January_2026",5,4,"Porites compressa","Resistant",242.319,NA,NA,NA,NA,10,0.242319,2.21947808313902
"189","240",2,7,1313,200,56.7159154228856,72.7519154228856,165.817,175.767,56.7159154228856,72.8409154228856,1.63200223089796,2026-01-21,"CAREER - Phys","January_2026",5,4,"Porites compressa","Resistant",242.319,NA,NA,NA,NA,10,0.242319,2.37279089153378
"190","214",3,1,0,320,106.91980625,101.35780625,286.817,302.767,101.35780625,109.05480625,-0.710963741333545,2026-01-21,"CAREER - Phys","January_2026",3,9,"Montipora capitata","Resistant",240.39,NA,NA,NA,NA,10,0.24039,-1.02545144267503
"191","214",3,2,155,305,52.1332302631579,54.1102302631579,214.559,229.767,51.6092302631579,54.1102302631579,0.137523556375275,2026-01-21,"CAREER - Phys","January_2026",3,9,"Montipora capitata","Resistant",240.39,NA,NA,NA,NA,10,0.24039,0.198355726302314
"192","214",3,3,269,200,55.653085,59.535085,230.817,240.767,55.520085,59.606085,0.481914083958981,2026-01-21,"CAREER - Phys","January_2026",3,9,"Montipora capitata","Resistant",240.39,NA,NA,NA,NA,10,0.24039,0.695083959857397
"193","214",3,4,472,200,61.207205,68.226205,241.817,251.767,61.161205,68.268205,0.77845319227031,2026-01-21,"CAREER - Phys","January_2026",3,9,"Montipora capitata","Resistant",240.39,NA,NA,NA,NA,10,0.24039,1.12279417733916
"194","214",3,5,824,220,70.1492136363636,80.5262136363636,252.817,263.767,70.0772136363636,80.6022136363636,0.967407902232594,2026-01-21,"CAREER - Phys","January_2026",3,9,"Montipora capitata","Resistant",240.39,NA,NA,NA,NA,10,0.24039,1.39533111370616
"195","214",3,6,1017,200,82.61454,92.90054,264.817,274.767,82.61454,92.90054,1.02281688520819,2026-01-21,"CAREER - Phys","January_2026",3,9,"Montipora capitata","Resistant",240.39,NA,NA,NA,NA,10,0.24039,1.47524970621118
"196","214",3,7,1313,200,94.62627,105.08027,275.817,285.767,94.61527,105.08027,1.04490817243889,2026-01-21,"CAREER - Phys","January_2026",3,9,"Montipora capitata","Resistant",240.39,NA,NA,NA,NA,10,0.24039,1.50711285343552
"197","26",4,1,0,300,53.9553166666667,48.5953166666667,395.817,410.767,48.4113166666667,54.5543166666667,-0.522980311344637,2026-01-21,"CAREER - Phys","January_2026",3,3,"Porites compressa","Susceptible",237.51,"Decreasing at 10% light but increasing at all other light levels",NA,NA,NA,10,0.23751,-0.745278322484788
"198","26",4,2,155,320,23.5776875,22.8916875,322.817,338.767,22.6616875,23.8756875,-0.0669450943982698,2026-01-21,"CAREER - Phys","January_2026",3,3,"Porites compressa","Susceptible",237.51,"Decreasing at 10% light but increasing at all other light levels",NA,NA,NA,10,0.23751,-0.0954007762231983
"199","26",4,3,269,200,24.343785,26.341785,339.817,349.767,24.217785,26.438785,0.237152393136778,2026-01-21,"CAREER - Phys","January_2026",3,3,"Porites compressa","Susceptible",237.51,"Decreasing at 10% light but increasing at all other light levels",NA,NA,NA,10,0.23751,0.337956389363496
"200","26",4,4,472,220,28.0163272727273,32.3023272727273,350.817,361.767,27.9823272727273,32.4373272727273,0.404101288537512,2026-01-21,"CAREER - Phys","January_2026",3,3,"Porites compressa","Susceptible",237.51,"Decreasing at 10% light but increasing at all other light levels",NA,NA,NA,10,0.23751,0.575868582243267
"201","26",4,5,824,200,34.405595,38.707595,362.817,372.767,34.259595,38.774595,0.454691354507905,2026-01-21,"CAREER - Phys","January_2026",3,3,"Porites compressa","Susceptible",237.51,"Decreasing at 10% light but increasing at all other light levels",NA,NA,NA,10,0.23751,0.647962461655035
"202","26",4,6,1017,200,40.62192,45.06392,373.817,383.767,40.55092,45.06492,0.432901432975133,2026-01-21,"CAREER - Phys","January_2026",3,3,"Porites compressa","Susceptible",237.51,"Decreasing at 10% light but increasing at all other light levels",NA,NA,NA,10,0.23751,0.616910516075543
"203","26",4,7,1313,200,47.4393,51.3423,384.817,394.767,47.3913,51.4693,0.39238417790551,2026-01-21,"CAREER - Phys","January_2026",3,3,"Porites compressa","Susceptible",237.51,"Decreasing at 10% light but increasing at all other light levels",NA,NA,NA,10,0.23751,0.559170996566026
"204","203",5,1,0,300,118.520541528239,113.328541528239,502.8,517.75,113.328541528239,119.631541528239,-0.584267775493803,2026-01-21,"CAREER - Phys","January_2026",3,5,"Montipora capitata","Susceptible",245.852,NA,NA,NA,NA,10,0.245852,-0.861860406844215
"205","203",5,2,155,296,67.7969230769231,70.0119230769231,431.003,445.751,66.2839230769231,70.0119230769231,0.354833108449291,2026-01-21,"CAREER - Phys","January_2026",3,5,"Montipora capitata","Susceptible",245.852,NA,NA,NA,NA,10,0.245852,0.52341857627085
"206","203",5,3,269,200,71.8719054726368,77.1419054726368,446.8,456.75,71.7899054726368,77.1419054726368,0.585112461594083,2026-01-21,"CAREER - Phys","January_2026",3,5,"Montipora capitata","Susceptible",245.852,NA,NA,NA,NA,10,0.245852,0.863106413446971
"207","203",5,4,472,200,78.9883631840796,86.1623631840796,457.801,467.751,78.7383631840796,86.1623631840796,0.740703905428855,2026-01-21,"CAREER - Phys","January_2026",3,5,"Montipora capitata","Susceptible",245.852,NA,NA,NA,NA,10,0.245852,1.09262121934497
"208","203",5,5,824,220,86.9883529411765,95.7713529411764,467.8,478.751,86.9883529411765,95.8623529411765,0.78727650553495,2026-01-21,"CAREER - Phys","January_2026",3,5,"Montipora capitata","Susceptible",245.852,NA,NA,NA,NA,10,0.245852,1.16132102063267
"209","203",5,6,1017,200,97.6160099502488,105.655009950249,479.801,489.75,97.6160099502488,105.849009950249,0.830097038621982,2026-01-21,"CAREER - Phys","January_2026",3,5,"Montipora capitata","Susceptible",245.852,NA,NA,NA,NA,10,0.245852,1.22448610283575
"210","203",5,7,1313,200,107.609502487562,115.830502487562,490.801,500.751,107.609502487562,115.830502487562,0.817193359783852,2026-01-21,"CAREER - Phys","January_2026",3,5,"Montipora capitata","Susceptible",245.852,NA,NA,NA,NA,10,0.245852,1.20545173133748
"211","202",1,1,0,321,-5.47499687500002,-13.808996875,70.751,86.751,-13.808996875,-3.846996875,-0.836568399616588,2026-01-21,"CAREER - Phys","January_2026",4,6,"Montipora capitata","Resistant",240,"get from dark runs",NA,NA,NA,10,0.24,-1.20465849544789
"212","202",1,2,155,296,-51.9238412162162,-51.8448412162162,0,14.751,-52.9908412162162,-51.7898412162162,0.0855957777407066,2026-01-21,"CAREER - Phys","January_2026",4,6,"Montipora capitata","Resistant",240,"get from dark runs",NA,NA,NA,10,0.24,0.123257919946618
"213","202",1,3,269,201,-51.40591,-48.03991,15.751,25.751,-51.69591,-47.88791,0.385551197295046,2026-01-21,"CAREER - Phys","January_2026",4,6,"Montipora capitata","Resistant",240,"get from dark runs",NA,NA,NA,10,0.24,0.555193724104866
"214","202",1,4,472,201,-46.778895,-40.099895,26.752,36.751,-46.999895,-39.842895,0.737770615737525,2026-01-21,"CAREER - Phys","January_2026",4,6,"Montipora capitata","Resistant",240,"get from dark runs",NA,NA,NA,10,0.24,1.06238968666204
"215","202",1,5,824,201,-38.483855,-29.749855,37.751,47.752,-38.510855,-29.687855,0.876196214266258,2026-01-21,"CAREER - Phys","January_2026",4,6,"Montipora capitata","Resistant",240,"get from dark runs",NA,NA,NA,10,0.24,1.26172254854341
"216","202",1,6,1017,201,-28.00979,-18.02379,48.751,58.751,-28.00979,-18.00279,1.01454169495982,2026-01-21,"CAREER - Phys","January_2026",4,6,"Montipora capitata","Resistant",240,"get from dark runs",NA,NA,NA,10,0.24,1.46094004074214
"217","202",1,7,1313,201,-16.024685,-7.029685,59.751,69.752,-16.281685,-6.969685,0.932841457140418,2026-01-21,"CAREER - Phys","January_2026",4,6,"Montipora capitata","Resistant",240,"get from dark runs",NA,NA,NA,10,0.24,1.3432916982822
"218","12",2,1,0,320,13.01579375,2.13079375000001,177.768,193.718,1.88779375000001,13.21379375,-0.830364297784701,2026-01-21,"CAREER - Phys","January_2026",2,1,"Montipora capitata","Resistant",242.586,NA,NA,NA,NA,10,0.242586,-1.2086085212544
"219","12",2,2,155,292,-31.560635451505,-33.614635451505,106.176,120.718,-33.769635451505,-31.282635451505,-0.126008333377311,2026-01-21,"CAREER - Phys","January_2026",2,1,"Montipora capitata","Resistant",242.586,NA,NA,NA,NA,10,0.242586,-0.183407145364011
"220","12",2,3,269,200,-32.4283930348259,-30.3153930348259,121.768,131.718,-32.8373930348259,-30.1963930348259,0.245620742696318,2026-01-21,"CAREER - Phys","January_2026",2,1,"Montipora capitata","Resistant",242.586,NA,NA,NA,NA,10,0.242586,0.357504920926373
"221","12",2,4,472,200,-29.0541741293532,-22.8261741293532,132.768,142.718,-29.0541741293532,-22.8261741293532,0.652190910633257,2026-01-21,"CAREER - Phys","January_2026",2,1,"Montipora capitata","Resistant",242.586,NA,NA,NA,NA,10,0.242586,0.949274305481276
"222","12",2,5,824,200,-20.879328358209,-12.694328358209,143.768,153.718,-21.176328358209,-12.614328358209,0.832224315546728,2026-01-21,"CAREER - Phys","January_2026",2,1,"Montipora capitata","Resistant",242.586,NA,NA,NA,NA,10,0.242586,1.21131580686731
"223","12",2,6,1017,200,-10.8093582089552,-1.77435820895522,154.768,164.718,-10.8093582089552,-1.69735820895522,0.895056694852443,2026-01-21,"CAREER - Phys","January_2026",2,1,"Montipora capitata","Resistant",242.586,NA,NA,NA,NA,10,0.242586,1.30276934026485
"224","12",2,7,1313,200,0.643915422885556,9.84291542288557,165.768,175.718,0.439915422885576,9.84291542288557,0.931257873049103,2026-01-21,"CAREER - Phys","January_2026",2,1,"Montipora capitata","Resistant",242.586,NA,NA,NA,NA,10,0.242586,1.35546073434894
"225","244",4,1,0,300,-0.852683333333317,-11.1156833333333,395.768,410.718,-11.4106833333333,-0.294683333333325,-0.803016264179882,2026-01-21,"CAREER - Phys","January_2026",5,3,"Porites compressa","Resistant",234.978,NA,NA,NA,NA,10,0.234978,-1.13214693434676
"226","244",4,2,155,320,-44.7053125,-48.5213125,322.767,338.718,-48.7303125,-44.4203125,-0.197937357819753,2026-01-21,"CAREER - Phys","January_2026",5,3,"Porites compressa","Resistant",234.978,NA,NA,NA,NA,10,0.234978,-0.27906554679462
"227","244",4,3,269,200,-47.410215,-46.749215,339.768,349.718,-48.044215,-46.103215,0.280985671824156,2026-01-21,"CAREER - Phys","January_2026",5,3,"Porites compressa","Resistant",234.978,NA,NA,NA,NA,10,0.234978,0.39615270716338
"228","244",4,4,472,220,-46.0936727272727,-41.5996727272727,350.767,361.718,-46.0936727272727,-41.1136727272727,0.750783531664398,2026-01-21,"CAREER - Phys","January_2026",5,3,"Porites compressa","Resistant",234.978,NA,NA,NA,NA,10,0.234978,1.05850567622062
"229","244",4,5,824,200,-39.024405,-31.580405,362.768,372.718,-39.362405,-31.315405,0.73237572184204,2026-01-21,"CAREER - Phys","January_2026",5,3,"Porites compressa","Resistant",234.978,NA,NA,NA,NA,10,0.234978,1.03255309420199
"230","244",4,6,1017,200,-28.57508,-18.07508,373.768,383.718,-28.75108,-17.95208,1.04002359311684,2026-01-21,"CAREER - Phys","January_2026",5,3,"Porites compressa","Resistant",234.978,NA,NA,NA,NA,10,0.234978,1.46629598318045
"231","244",4,7,1313,200,-14.8877,-4.24869999999999,384.768,394.718,-14.9747,-4.24869999999999,1.03996026015966,2026-01-21,"CAREER - Phys","January_2026",5,3,"Porites compressa","Resistant",234.978,NA,NA,NA,NA,10,0.234978,1.46620669207077
"232","43",1,1,0,320,27.257003125,15.821003125,70.748,86.699,15.821003125,28.396003125,-0.933087812164692,2026-01-21,"CAREER - Phys","January_2026",2,9,"Porites compressa","Susceptible",243.051,NA,NA,NA,NA,10,0.243051,-1.36072755500664
"233","43",1,2,155,295,-16.5658412162162,-20.8838412162162,0,14.699,-21.0078412162162,-16.5658412162162,-0.135216058942166,2026-01-21,"CAREER - Phys","January_2026",2,9,"Porites compressa","Susceptible",243.051,NA,NA,NA,NA,10,0.243051,-0.197186390051714
"234","43",1,3,269,200,-20.49391,-19.70991,15.749,25.699,-20.90891,-19.53991,0.172156470433047,2026-01-21,"CAREER - Phys","January_2026",2,9,"Porites compressa","Susceptible",243.051,NA,NA,NA,NA,10,0.243051,0.251056813771335
"235","43",1,4,472,200,-18.663895,-13.478895,26.749,36.698,-18.869895,-13.478895,0.600338540912854,2026-01-21,"CAREER - Phys","January_2026",2,9,"Porites compressa","Susceptible",243.051,NA,NA,NA,NA,10,0.243051,0.875477296244461
"236","43",1,5,824,200,-11.977855,-3.44985499999999,37.749,47.699,-12.019855,-3.315855,0.933027546751551,2026-01-21,"CAREER - Phys","January_2026",2,9,"Porites compressa","Susceptible",243.051,NA,NA,NA,NA,10,0.243051,1.36063966959307
"237","43",1,6,1017,200,-1.50479000000001,9.94421,48.749,58.698,-1.50479000000001,10.07921,1.17692320651608,2026-01-21,"CAREER - Phys","January_2026",2,9,"Porites compressa","Susceptible",243.051,NA,NA,NA,NA,10,0.243051,1.71631417360164
"238","43",1,7,1313,200,11.981315,24.932315,59.749,69.699,11.981315,24.932315,1.29627409188128,2026-01-21,"CAREER - Phys","January_2026",2,9,"Porites compressa","Susceptible",243.051,NA,NA,NA,NA,10,0.243051,1.89036428583502
"239","44",2,1,0,320,62.91579375,50.63779375,177.732,193.682,50.63779375,64.31679375,-1.05611520289843,2026-01-21,"CAREER - Phys","January_2026",4,9,"Porites compressa","Resistant",239.332,NA,NA,NA,NA,10,0.239332,-1.51657298244052
"240","44",2,2,155,291,1.99836454849498,-1.93963545150504,106.177,120.682,-1.99363545150504,2.16636454849498,-0.207559859905589,2026-01-21,"CAREER - Phys","January_2026",4,9,"Porites compressa","Resistant",239.332,NA,NA,NA,NA,10,0.239332,-0.298054298345546
"241","44",2,3,269,200,-0.938393034825879,-0.0173930348258864,121.732,131.682,-1.50539303482589,-0.0153930348258768,0.145363009780151,2026-01-21,"CAREER - Phys","January_2026",4,9,"Porites compressa","Resistant",239.332,NA,NA,NA,NA,10,0.239332,0.208740119140218
"242","44",2,4,472,200,1.14082587064678,7.63282587064677,132.732,142.682,1.14082587064678,7.63282587064677,0.809374445154401,2026-01-21,"CAREER - Phys","January_2026",4,9,"Porites compressa","Resistant",239.332,NA,NA,NA,NA,10,0.239332,1.16225522824616
"243","44",2,5,824,200,9.58167164179105,21.044671641791,143.732,153.682,9.57567164179105,21.044671641791,1.23816014519831,2026-01-21,"CAREER - Phys","January_2026",4,9,"Porites compressa","Resistant",239.332,NA,NA,NA,NA,10,0.239332,1.77798806322362
"244","44",2,6,1017,200,23.6046417910448,37.6646417910448,154.732,164.682,23.4936417910448,37.7906417910448,1.51054237608183,2026-01-21,"CAREER - Phys","January_2026",4,9,"Porites compressa","Resistant",239.332,NA,NA,NA,NA,10,0.239332,2.1691267677145
"245","44",2,7,1313,200,40.7649154228856,57.6119154228856,165.732,175.682,40.7649154228856,57.6209154228856,1.70874158807911,2026-01-21,"CAREER - Phys","January_2026",4,9,"Porites compressa","Resistant",239.332,NA,NA,NA,NA,10,0.239332,2.4537392505489
"246","234",3,1,0,320,70.95780625,62.72680625,286.732,302.682,62.63480625,72.48680625,-0.810540575916232,2026-01-21,"CAREER - Phys","January_2026",2,7,"Porites compressa","Resistant",245.138,NA,NA,NA,NA,10,0.245138,-1.19216577419372
"247","234",3,2,155,303,37.1202302631579,33.8442302631579,214.582,229.682,33.8442302631579,37.3602302631579,-0.205659982477342,2026-01-21,"CAREER - Phys","January_2026",2,7,"Porites compressa","Resistant",245.138,NA,NA,NA,NA,10,0.245138,-0.302490460707185
"248","234",3,3,269,200,35.013085,34.793085,230.732,240.682,34.032085,35.013085,0.0542501386683994,2026-01-21,"CAREER - Phys","January_2026",2,7,"Porites compressa","Resistant",245.138,NA,NA,NA,NA,10,0.245138,0.0797926229573645
"249","234",3,4,472,200,35.701205,39.664205,241.732,251.682,35.603205,39.683205,0.447528459906844,2026-01-21,"CAREER - Phys","January_2026",2,7,"Porites compressa","Resistant",245.138,NA,NA,NA,NA,10,0.245138,0.658237389627863
"250","234",3,5,824,220,40.9012136363636,48.9382136363636,252.732,263.682,40.8162136363636,48.9382136363636,0.577642822974654,2026-01-21,"CAREER - Phys","January_2026",2,7,"Porites compressa","Resistant",245.138,NA,NA,NA,NA,10,0.245138,0.849613238030164
"251","234",3,6,1017,200,50.62554,58.43954,264.732,274.682,50.49654,58.45054,0.843523301126348,2026-01-21,"CAREER - Phys","January_2026",2,7,"Porites compressa","Resistant",245.138,NA,NA,NA,NA,10,0.245138,1.24067768994906
"252","234",3,7,1313,200,59.98727,69.08627,275.732,285.682,59.98727,69.08627,0.923120074000491,2026-01-21,"CAREER - Phys","January_2026",2,7,"Porites compressa","Resistant",245.138,NA,NA,NA,NA,10,0.245138,1.35775085220199
"253","29",4,1,0,301,81.4033166666667,65.5483166666667,395.716,410.715,65.5483166666667,83.6803166666667,-1.560229180889,2026-01-21,"CAREER - Phys","January_2026",1,5,"Porites compressa","Resistant",233.598,NA,NA,NA,NA,10,0.233598,-2.18679849718385
"254","29",4,2,155,320,-4.9453125,-7.0403125,322.765,338.715,-7.16631249999998,-4.86631249999999,-0.0898554266391826,2026-01-21,"CAREER - Phys","January_2026",1,5,"Porites compressa","Resistant",233.598,NA,NA,NA,NA,10,0.233598,-0.125940287712359
"255","29",4,3,269,201,-5.81321500000001,-2.114215,339.715,349.715,-5.90421500000002,-2.00321500000001,0.432046588956594,2026-01-21,"CAREER - Phys","January_2026",1,5,"Porites compressa","Resistant",233.598,NA,NA,NA,NA,10,0.233598,0.605551314522495
"256","29",4,4,472,221,-0.543672727272735,11.3433272727273,350.715,361.716,-0.543672727272735,11.4043272727273,1.22523003938132,2026-01-21,"CAREER - Phys","January_2026",1,5,"Porites compressa","Resistant",233.598,NA,NA,NA,NA,10,0.233598,1.71726772043639
"257","29",4,5,824,201,14.273595,32.129595,362.715,372.715,14.159595,32.129595,1.7850782898906,2026-01-21,"CAREER - Phys","January_2026",1,5,"Porites compressa","Resistant",233.598,NA,NA,NA,NA,10,0.233598,2.50194431017118
"258","29",4,6,1017,201,34.90492,54.06892,373.715,383.716,34.74592,54.15592,2.021656511797,2026-01-21,"CAREER - Phys","January_2026",1,5,"Porites compressa","Resistant",233.598,NA,NA,NA,NA,10,0.233598,2.83352950705653
"259","29",4,7,1313,201,57.6423,76.9013,384.715,394.715,57.6423,76.9103,2.12449819694303,2026-01-21,"CAREER - Phys","January_2026",1,5,"Porites compressa","Resistant",233.598,NA,NA,NA,NA,10,0.233598,2.97767117885699
"260","201",1,1,0,320,6.707003125,-0.406996875000004,70.695,86.645,-0.406996875000004,7.339003125,-0.584957921457714,2026-01-21,"CAREER - Phys","January_2026",1,7,"Montipora capitata","Susceptible",238.784,NA,NA,NA,NA,10,0.238784,-0.838071553904153
"261","201",1,2,155,294,-16.6238412162162,-18.5908412162162,0,14.645,-18.7098412162162,-16.6238412162162,-0.0160068289580463,2026-01-21,"CAREER - Phys","January_2026",1,7,"Montipora capitata","Susceptible",238.784,NA,NA,NA,NA,10,0.238784,-0.0229330478755087
"262","201",1,3,269,200,-18.25191,-16.95591,15.695,25.645,-18.34191,-16.88491,0.154993763834352,2026-01-21,"CAREER - Phys","January_2026",1,7,"Montipora capitata","Susceptible",238.784,NA,NA,NA,NA,10,0.238784,0.222060185420531
"263","201",1,4,472,200,-16.116895,-12.084895,26.695,36.645,-16.190895,-12.066895,0.344112872499409,2026-01-21,"CAREER - Phys","January_2026",1,7,"Montipora capitata","Susceptible",238.784,NA,NA,NA,NA,10,0.238784,0.493011888881393
"264","201",1,5,824,200,-10.919855,-6.48085499999999,37.695,47.645,-10.991855,-6.48085499999999,0.416377267992406,2026-01-21,"CAREER - Phys","January_2026",1,7,"Montipora capitata","Susceptible",238.784,NA,NA,NA,NA,10,0.238784,0.596545377361792
"265","201",1,6,1017,200,-5.14579000000001,-0.460790000000003,48.695,58.646,-5.14579000000001,-0.40879000000001,0.494886447080687,2026-01-21,"CAREER - Phys","January_2026",1,7,"Montipora capitata","Susceptible",238.784,NA,NA,NA,NA,10,0.238784,0.709025792278289
"266","201",1,7,1313,200,1.08231500000002,6.18931500000002,59.696,69.645,1.08231500000002,6.18931500000002,0.455525595872978,2026-01-21,"CAREER - Phys","January_2026",1,7,"Montipora capitata","Susceptible",238.784,NA,NA,NA,NA,10,0.238784,0.6526333433096
"267","211",2,1,0,320,37.30179375,30.63579375,177.696,193.645,30.58079375,37.33379375,-0.489232812591809,2026-01-21,"CAREER - Phys","January_2026",2,4,"Montipora capitata","Susceptible",238.385,NA,NA,NA,NA,10,0.238385,-0.699754584178191
"268","211",2,2,155,290,0.775364548494963,1.00636454849496,106.197,120.645,0.111364548494976,1.14036454849497,0.0678038502977788,2026-01-21,"CAREER - Phys","January_2026",2,4,"Montipora capitata","Susceptible",238.385,NA,NA,NA,NA,10,0.238385,0.096980525119416
"269","211",2,3,269,200,2.30560696517412,4.93060696517412,121.695,131.646,2.18360696517414,4.97060696517411,0.287604998004274,2026-01-21,"CAREER - Phys","January_2026",2,4,"Montipora capitata","Susceptible",238.385,NA,NA,NA,NA,10,0.238385,0.411364304695493
"270","211",2,4,472,200,6.27182587064678,11.1718258706468,132.696,142.645,6.27182587064678,11.1718258706468,0.503151559999854,2026-01-21,"CAREER - Phys","January_2026",2,4,"Montipora capitata","Susceptible",238.385,NA,NA,NA,NA,10,0.238385,0.719662707783392
"271","211",2,5,824,200,12.746671641791,18.4636716417911,143.695,153.645,12.746671641791,18.599671641791,0.580138112387571,2026-01-21,"CAREER - Phys","January_2026",2,4,"Montipora capitata","Susceptible",238.385,NA,NA,NA,NA,10,0.238385,0.829777343529067
"272","211",2,6,1017,200,20.5446417910448,26.2876417910448,154.695,164.645,20.4326417910448,26.5966417910448,0.601583305090404,2026-01-21,"CAREER - Phys","January_2026",2,4,"Montipora capitata","Susceptible",238.385,NA,NA,NA,NA,10,0.238385,0.860450617103855
"273","211",2,7,1313,200,28.5669154228856,34.4839154228856,165.695,175.645,28.4229154228856,34.6449154228856,0.600215465866575,2026-01-21,"CAREER - Phys","January_2026",2,4,"Montipora capitata","Susceptible",238.385,NA,NA,NA,NA,10,0.238385,0.858494182983621
"274","237",3,1,0,320,116.72080625,97.98780625,286.695,302.645,97.87280625,117.73580625,-1.4213323873602,2026-01-21,"CAREER - Phys","January_2026",2,6,"Porites compressa","Susceptible",236.169,NA,NA,NA,NA,10,0.236169,-2.01404789154283
"275","237",3,2,155,302,32.1902302631579,30.4192302631579,214.597,229.645,30.2112302631579,32.1902302631579,-0.0379601619566658,2026-01-21,"CAREER - Phys","January_2026",2,6,"Porites compressa","Susceptible",236.169,NA,NA,NA,NA,10,0.236169,-0.0537900809348628
"276","237",3,3,269,200,31.524085,37.130085,230.696,240.646,31.479085,37.130085,0.652647169885412,2026-01-21,"CAREER - Phys","January_2026",2,6,"Porites compressa","Susceptible",236.169,NA,NA,NA,NA,10,0.236169,0.924810176788008
"277","237",3,4,472,200,38.964205,51.299205,241.695,251.645,38.746205,51.301205,1.32930986035822,2026-01-21,"CAREER - Phys","January_2026",2,6,"Porites compressa","Susceptible",236.169,NA,NA,NA,NA,10,0.236169,1.88365068246564
"278","237",3,5,824,220,53.6432136363636,71.8582136363636,252.695,263.645,53.6342136363636,71.8692136363636,1.67425547783359,2026-01-21,"CAREER - Phys","January_2026",2,6,"Porites compressa","Susceptible",236.169,NA,NA,NA,NA,10,0.236169,2.37244345166688
"279","237",3,6,1017,200,74.52154,92.41754,264.695,274.646,74.39054,92.73254,1.81060541394079,2026-01-21,"CAREER - Phys","January_2026",2,6,"Porites compressa","Susceptible",236.169,NA,NA,NA,NA,10,0.236169,2.56565322002989
"280","237",3,7,1313,200,95.29027,113.63227,275.696,285.645,95.27527,113.63227,1.86777341035236,2026-01-21,"CAREER - Phys","January_2026",2,6,"Porites compressa","Susceptible",236.169,NA,NA,NA,NA,10,0.236169,2.64666107129704
