"","Timepoint","ColonyID","Species","Phenotype","Tissue_Biomass_mg_cm2"
"1","April_2023","1","Montipora capitata","Susceptible",3.05494044611578
"2","April_2023","2","Montipora capitata","Resistant",4.35849579987382
"3","April_2023","3","Montipora capitata","Susceptible",5.34334821619168
"4","April_2023","4","Montipora capitata","Resistant",4.11635714432528
"5","April_2023","11","Montipora capitata","Susceptible",7.54355042285885
"6","April_2023","12","Montipora capitata","Resistant",4.84227074861505
"7","April_2023","15","Montipora capitata","Susceptible",9.26180357473241
"8","April_2023","16","Montipora capitata","Resistant",4.30478194318535
"9","April_2023","19","Montipora capitata","Susceptible",2.56839931064001
"10","April_2023","20","Montipora capitata","Resistant",5.32061056420804
"11","April_2023","26","Porites compressa","Resistant",9.2297558114978
"12","April_2023","27","Porites compressa","Susceptible",5.02845020066657
"13","April_2023","28","Porites compressa","Resistant",7.03799321773845
"14","April_2023","29","Porites compressa","Susceptible",7.10303732799026
"15","April_2023","41","Porites compressa","Susceptible",7.57783928841715
"16","April_2023","42","Porites compressa","Resistant",16.931734660057
"17","April_2023","43","Porites compressa","Susceptible",6.23224165776371
"18","April_2023","44","Porites compressa","Resistant",8.28957005031295
"19","April_2023","45","Porites compressa","Susceptible",5.82910714493636
"20","April_2023","46","Porites compressa","Resistant",9.4588632252584
"21","April_2023","201","Montipora capitata","Susceptible",5.52360574637669
"22","April_2023","202","Montipora capitata","Resistant",3.70472142989283
"23","April_2023","203","Montipora capitata","Susceptible",6.20737899157593
"24","April_2023","204","Montipora capitata","Resistant",8.37368542373046
"25","April_2023","206","Montipora capitata","Resistant",4.81322075537284
"26","April_2023","207","Montipora capitata","Susceptible",4.50574227959929
"27","April_2023","208","Montipora capitata","Resistant",3.60459382367943
"28","April_2023","209","Montipora capitata","Susceptible",5.49053026286545
"29","April_2023","210","Montipora capitata","Resistant",6.8747407977396
"30","April_2023","211","Montipora capitata","Susceptible",5.76859738218618
"31","April_2023","212","Montipora capitata","Resistant",6.37117698134466
"32","April_2023","213","Montipora capitata","Susceptible",10.1477152210111
"33","April_2023","214","Montipora capitata","Resistant",8.04314520963581
"34","April_2023","217","Montipora capitata","Susceptible",3.76447500134267
"35","April_2023","218","Montipora capitata","Resistant",7.69442143131613
"36","April_2023","219","Montipora capitata","Susceptible",8.62305850061236
"37","April_2023","220","Montipora capitata","Resistant",10.957626764472
"38","April_2023","221","Montipora capitata","Susceptible",7.05661224741524
"39","April_2023","222","Montipora capitata","Resistant",7.33954245544797
"40","April_2023","225","Porites compressa","Susceptible",9.76558368549183
"41","April_2023","226","Porites compressa","Resistant",13.2311479639032
"42","April_2023","233","Porites compressa","Susceptible",6.33702349850115
"43","April_2023","234","Porites compressa","Resistant",11.8235790315731
"44","April_2023","235","Porites compressa","Susceptible",7.37432701684848
"45","April_2023","236","Porites compressa","Resistant",12.2482626865845
"46","April_2023","237","Porites compressa","Susceptible",9.94156897471277
"47","April_2023","238","Porites compressa","Resistant",10.0336205392934
"48","April_2023","240","Porites compressa","Resistant",5.36628104115389
"49","April_2023","241","Porites compressa","Susceptible",14.7099233245748
"50","April_2023","242","Porites compressa","Resistant",10.1037857178898
"51","April_2023","243","Porites compressa","Susceptible",29.578017867693
"52","April_2023","248","Porites compressa","Resistant",7.45917066421387
"53","September_2023","1","Montipora capitata","Susceptible",6.09623454541068
"54","September_2023","2","Montipora capitata","Resistant",3.07333284138459
"55","September_2023","3","Montipora capitata","Susceptible",1.64900756894149
"56","September_2023","4","Montipora capitata","Resistant",7.55724665355872
"57","September_2023","19","Montipora capitata","Susceptible",6.56021613593038
"58","September_2023","20","Montipora capitata","Resistant",3.59868888264691
"59","September_2023","26","Porites compressa","Resistant",14.1072314188303
"60","September_2023","27","Porites compressa","Susceptible",4.0746445090615
"61","September_2023","28","Porites compressa","Resistant",7.1917897390786
"62","September_2023","29","Porites compressa","Susceptible",9.86827967038304
"63","September_2023","41","Porites compressa","Susceptible",3.52045651563292
"64","September_2023","42","Porites compressa","Resistant",7.9442754579194
"65","September_2023","43","Porites compressa","Susceptible",6.79107418176918
"66","September_2023","44","Porites compressa","Resistant",5.76776163383135
"67","September_2023","45","Porites compressa","Susceptible",9.30022608828637
"68","September_2023","46","Porites compressa","Resistant",4.88642088127321
"69","September_2023","201","Montipora capitata","Susceptible",4.49116372554355
"70","September_2023","202","Montipora capitata","Resistant",6.45472380955885
"71","September_2023","203","Montipora capitata","Susceptible",10.8891361880092
"72","September_2023","204","Montipora capitata","Resistant",4.40886491381863
"73","September_2023","205","Montipora capitata","Susceptible",4.66103246424009
"74","September_2023","206","Montipora capitata","Resistant",4.16877821059059
"75","September_2023","209","Montipora capitata","Susceptible",6.87022423050763
"76","September_2023","210","Montipora capitata","Resistant",3.40239676177542
"77","September_2023","211","Montipora capitata","Susceptible",13.4157004669268
"78","September_2023","212","Montipora capitata","Resistant",12.3033097189199
"79","September_2023","214","Montipora capitata","Resistant",7.76520367505598
"80","September_2023","219","Montipora capitata","Susceptible",9.79178137836488
"81","September_2023","220","Montipora capitata","Resistant",10.1051183824725
"82","September_2023","221","Montipora capitata","Susceptible",12.1881910314911
"83","September_2023","225","Porites compressa","Susceptible",5.21097276323882
"84","September_2023","226","Porites compressa","Resistant",6.88627615628042
"85","September_2023","233","Porites compressa","Susceptible",2.60979297067965
"86","September_2023","234","Porites compressa","Resistant",12.9420061250931
"87","September_2023","235","Porites compressa","Susceptible",13.1577062271782
"88","September_2023","236","Porites compressa","Resistant",9.44050671008235
"89","September_2023","237","Porites compressa","Susceptible",11.080173664992
"90","September_2023","238","Porites compressa","Resistant",12.9268692758241
"91","September_2023","239","Porites compressa","Susceptible",11.7392174517573
"92","September_2023","240","Porites compressa","Resistant",8.92047879808679
"93","September_2023","241","Porites compressa","Susceptible",10.5261649817423
"94","September_2023","242","Porites compressa","Resistant",0.99303443223974
"95","September_2023","243","Porites compressa","Susceptible",19.2551798446507
"96","September_2023","244","Porites compressa","Resistant",6.2179877529278
"97","September_2023","247","Porites compressa","Susceptible",12.0528606661173
"98","September_2023","248","Porites compressa","Resistant",5.08510385591422
"99","January_2024","1","Montipora capitata","Susceptible",2.46311690900684
"100","January_2024","2","Montipora capitata","Resistant",2.31397085521442
"101","January_2024","3","Montipora capitata","Susceptible",3.49798596524418
"102","January_2024","4","Montipora capitata","Resistant",2.24840046163845
"103","January_2024","12","Montipora capitata","Resistant",1.31776270338337
"104","January_2024","19","Montipora capitata","Susceptible",2.53310720875081
"105","January_2024","20","Montipora capitata","Resistant",2.20233343500515
"106","January_2024","26","Porites compressa","Resistant",5.02912039225184
"107","January_2024","27","Porites compressa","Susceptible",1.21788220773437
"108","January_2024","28","Porites compressa","Resistant",3.64510937785053
"109","January_2024","29","Porites compressa","Susceptible",4.08291899058061
"110","January_2024","41","Porites compressa","Susceptible",2.56940151578922
"111","January_2024","42","Porites compressa","Resistant",3.91099461743296
"112","January_2024","43","Porites compressa","Susceptible",3.48378622023668
"113","January_2024","44","Porites compressa","Resistant",3.83657120126373
"114","January_2024","45","Porites compressa","Susceptible",6.94858423010197
"115","January_2024","46","Porites compressa","Resistant",3.45867373765302
"116","January_2024","201","Montipora capitata","Susceptible",2.43883709020689
"117","January_2024","202","Montipora capitata","Resistant",1.35500202140064
"118","January_2024","203","Montipora capitata","Susceptible",3.5334646339013
"119","January_2024","204","Montipora capitata","Resistant",1.62208375550396
"120","January_2024","205","Montipora capitata","Susceptible",3.02483635253426
"121","January_2024","206","Montipora capitata","Resistant",4.12745552152117
"122","January_2024","209","Montipora capitata","Susceptible",2.30820262558322
"123","January_2024","210","Montipora capitata","Resistant",1.20349700687686
"124","January_2024","211","Montipora capitata","Susceptible",3.05961399218862
"125","January_2024","212","Montipora capitata","Resistant",2.87636396798717
"126","January_2024","213","Montipora capitata","Susceptible",1.3147181775211
"127","January_2024","214","Montipora capitata","Resistant",4.85610267158676
"128","January_2024","219","Montipora capitata","Susceptible",1.63364689541815
"129","January_2024","220","Montipora capitata","Resistant",5.2436472304646
"130","January_2024","221","Montipora capitata","Susceptible",2.36860281668149
"131","January_2024","225","Porites compressa","Susceptible",1.80893244980417
"132","January_2024","226","Porites compressa","Resistant",2.77729181136035
"133","January_2024","233","Porites compressa","Susceptible",3.46928316629619
"134","January_2024","234","Porites compressa","Resistant",4.27594068889435
"135","January_2024","235","Porites compressa","Susceptible",1.92953183112142
"136","January_2024","236","Porites compressa","Resistant",3.31056482043029
"137","January_2024","237","Porites compressa","Susceptible",5.84252749834665
"138","January_2024","238","Porites compressa","Resistant",8.42794835942988
"139","January_2024","239","Porites compressa","Susceptible",6.38704680057911
"140","January_2024","240","Porites compressa","Resistant",6.99840700599475
"141","January_2024","241","Porites compressa","Susceptible",3.10809394718367
"142","January_2024","242","Porites compressa","Resistant",2.19464103739773
"143","January_2024","243","Porites compressa","Susceptible",3.40037600680245
"144","January_2024","244","Porites compressa","Resistant",2.93188602910651
"145","January_2024","247","Porites compressa","Susceptible",2.13188865486632
"146","January_2024","248","Porites compressa","Resistant",4.27614277503675
"147","May_2024","1","Montipora capitata","Susceptible",5.61599843786043
"148","May_2024","2","Montipora capitata","Resistant",2.0598730190182
"149","May_2024","3","Montipora capitata","Susceptible",5.04761676732329
"150","May_2024","4","Montipora capitata","Resistant",5.2635252198933
"151","May_2024","12","Montipora capitata","Resistant",5.02162789380738
"152","May_2024","19","Montipora capitata","Susceptible",0.967400542053382
"153","May_2024","20","Montipora capitata","Resistant",4.95056712172555
"154","May_2024","26","Porites compressa","Resistant",7.74161955623336
"155","May_2024","27","Porites compressa","Susceptible",6.78463157208659
"156","May_2024","28","Porites compressa","Resistant",4.22009882614223
"157","May_2024","29","Porites compressa","Susceptible",3.79662870171966
"158","May_2024","41","Porites compressa","Susceptible",7.40368215112649
"159","May_2024","42","Porites compressa","Resistant",6.11480707654142
"160","May_2024","43","Porites compressa","Susceptible",3.75440785217084
"161","May_2024","44","Porites compressa","Resistant",4.57296460451982
"162","May_2024","201","Montipora capitata","Susceptible",2.82261053385554
"163","May_2024","202","Montipora capitata","Resistant",3.82490338861256
"164","May_2024","203","Montipora capitata","Susceptible",3.24657291073811
"165","May_2024","204","Montipora capitata","Resistant",6.63811864762446
"166","May_2024","205","Montipora capitata","Susceptible",2.58738962772429
"167","May_2024","206","Montipora capitata","Resistant",2.64338653635076
"168","May_2024","209","Montipora capitata","Susceptible",3.41389450776897
"169","May_2024","210","Montipora capitata","Resistant",1.99660589623926
"170","May_2024","211","Montipora capitata","Susceptible",4.58989172195996
"171","May_2024","213","Montipora capitata","Susceptible",3.19476908870011
"172","May_2024","214","Montipora capitata","Resistant",4.41744627821632
"173","May_2024","219","Montipora capitata","Susceptible",4.59303779217332
"174","May_2024","220","Montipora capitata","Resistant",1.99950012719266
"175","May_2024","221","Montipora capitata","Susceptible",2.96107325542287
"176","May_2024","225","Porites compressa","Susceptible",6.17575437972004
"177","May_2024","233","Porites compressa","Susceptible",4.63181578479017
"178","May_2024","234","Porites compressa","Resistant",7.77898401132185
"179","May_2024","235","Porites compressa","Susceptible",6.87523932940261
"180","May_2024","236","Porites compressa","Resistant",2.96280565651763
"181","May_2024","237","Porites compressa","Susceptible",4.74695912458491
"182","May_2024","238","Porites compressa","Resistant",4.41687632927351
"183","May_2024","239","Porites compressa","Susceptible",7.93522856197691
"184","May_2024","240","Porites compressa","Resistant",6.17112314283998
"185","May_2024","241","Porites compressa","Susceptible",4.7728522248294
"186","May_2024","242","Porites compressa","Resistant",4.06907359464841
"187","May_2024","243","Porites compressa","Susceptible",5.98963190609063
"188","May_2024","244","Porites compressa","Resistant",4.53242972033153
"189","May_2024","247","Porites compressa","Susceptible",6.58538043968603
"190","May_2024","248","Porites compressa","Resistant",4.89053159094453
"191","October_2024","1","Montipora capitata","Susceptible",2.39830752961099
"192","October_2024","2","Montipora capitata","Resistant",3.13986462955182
"193","October_2024","3","Montipora capitata","Susceptible",2.07562202846408
"194","October_2024","4","Montipora capitata","Resistant",2.52635071474319
"195","October_2024","12","Montipora capitata","Resistant",1.88300273690912
"196","October_2024","19","Montipora capitata","Susceptible",3.90317440836862
"197","October_2024","20","Montipora capitata","Resistant",2.42098656062379
"198","October_2024","26","Porites compressa","Resistant",2.85311287651522
"199","October_2024","27","Porites compressa","Susceptible",4.52370931682932
"200","October_2024","28","Porites compressa","Resistant",3.81477859990256
"201","October_2024","29","Porites compressa","Susceptible",4.252812770531
"202","October_2024","41","Porites compressa","Susceptible",3.68712078901235
"203","October_2024","42","Porites compressa","Resistant",5.02738004488869
"204","October_2024","43","Porites compressa","Susceptible",2.90106888142715
"205","October_2024","44","Porites compressa","Resistant",1.46329276923364
"206","October_2024","201","Montipora capitata","Susceptible",3.32408693197756
"207","October_2024","202","Montipora capitata","Resistant",4.28147663808665
"208","October_2024","203","Montipora capitata","Susceptible",4.57313478033879
"209","October_2024","204","Montipora capitata","Resistant",4.2761674553645
"210","October_2024","205","Montipora capitata","Susceptible",3.56715904914032
"211","October_2024","206","Montipora capitata","Resistant",2.90848428044252
"212","October_2024","209","Montipora capitata","Susceptible",4.0051377609976
"213","October_2024","210","Montipora capitata","Resistant",1.27993665184827
"214","October_2024","211","Montipora capitata","Susceptible",2.21073040438983
"215","October_2024","213","Montipora capitata","Susceptible",3.9909482273725
"216","October_2024","214","Montipora capitata","Resistant",3.97807601936924
"217","October_2024","219","Montipora capitata","Susceptible",3.11371622623007
"218","October_2024","220","Montipora capitata","Resistant",4.39153770180887
"219","October_2024","221","Montipora capitata","Susceptible",2.1527797249187
"220","October_2024","225","Porites compressa","Susceptible",5.64126321232335
"221","October_2024","226","Porites compressa","Resistant",2.77895912569917
"222","October_2024","233","Porites compressa","Susceptible",5.00445014730627
"223","October_2024","234","Porites compressa","Resistant",6.05897723030436
"224","October_2024","235","Porites compressa","Susceptible",5.47865757728839
"225","October_2024","236","Porites compressa","Resistant",3.90935520711494
"226","October_2024","237","Porites compressa","Susceptible",3.91245295292076
"227","October_2024","238","Porites compressa","Resistant",2.70585868014036
"228","October_2024","239","Porites compressa","Susceptible",3.82667579674326
"229","October_2024","240","Porites compressa","Resistant",4.78963562661467
"230","October_2024","241","Porites compressa","Susceptible",4.17990740875007
"231","October_2024","242","Porites compressa","Resistant",2.22900090359965
"232","October_2024","243","Porites compressa","Susceptible",2.73774085200238
"233","October_2024","244","Porites compressa","Resistant",1.91822673915559
"234","October_2024","247","Porites compressa","Susceptible",2.6186770758877
"235","October_2024","248","Porites compressa","Resistant",3.54075562426722
"236","January_2025","1","Montipora capitata","Susceptible",3.56434984774346
"237","January_2025","2","Montipora capitata","Resistant",2.48980444146226
"238","January_2025","3","Montipora capitata","Susceptible",4.34831847343604
"239","January_2025","4","Montipora capitata","Resistant",0.723286548976154
"240","January_2025","12","Montipora capitata","Resistant",3.95218620368115
"241","January_2025","19","Montipora capitata","Susceptible",3.6688842459251
"242","January_2025","20","Montipora capitata","Resistant",3.43957898055469
"243","January_2025","26","Porites compressa","Resistant",2.58056903083222
"244","January_2025","27","Porites compressa","Susceptible",2.96636565129848
"245","January_2025","28","Porites compressa","Resistant",3.18036433274466
"246","January_2025","29","Porites compressa","Susceptible",6.43324511607338
"247","January_2025","43","Porites compressa","Susceptible",3.21413605213322
"248","January_2025","44","Porites compressa","Resistant",3.74906273848608
"249","January_2025","201","Montipora capitata","Susceptible",3.37763797074634
"250","January_2025","202","Montipora capitata","Resistant",5.56160743199013
"251","January_2025","203","Montipora capitata","Susceptible",2.62934506301689
"252","January_2025","204","Montipora capitata","Resistant",1.85938941670385
"253","January_2025","205","Montipora capitata","Susceptible",4.10792098388973
"254","January_2025","206","Montipora capitata","Resistant",3.81533130616179
"255","January_2025","209","Montipora capitata","Susceptible",0.851883303413684
"256","January_2025","210","Montipora capitata","Resistant",7.4136871270066
"257","January_2025","211","Montipora capitata","Susceptible",4.08758907055795
"258","January_2025","213","Montipora capitata","Susceptible",4.17593033224349
"259","January_2025","214","Montipora capitata","Resistant",2.6718158152525
"260","January_2025","219","Montipora capitata","Susceptible",9.1266462598638
"261","January_2025","220","Montipora capitata","Resistant",6.09287752779413
"262","January_2025","221","Montipora capitata","Susceptible",5.12004523936979
"263","January_2025","225","Porites compressa","Susceptible",4.3939244070818
"264","January_2025","226","Porites compressa","Resistant",3.47616196586484
"265","January_2025","233","Porites compressa","Susceptible",0.795956253026351
"266","January_2025","234","Porites compressa","Resistant",3.34612770800286
"267","January_2025","235","Porites compressa","Susceptible",3.03170811364567
"268","January_2025","236","Porites compressa","Resistant",3.86876836559164
"269","January_2025","237","Porites compressa","Susceptible",6.10587476236475
"270","January_2025","238","Porites compressa","Resistant",2.60985299059724
"271","January_2025","239","Porites compressa","Susceptible",4.10287385874914
"272","January_2025","240","Porites compressa","Resistant",4.32100132972061
"273","January_2025","241","Porites compressa","Susceptible",3.14541527414313
"274","January_2025","242","Porites compressa","Resistant",1.5020201160808
"275","January_2025","243","Porites compressa","Susceptible",2.21706545725793
"276","January_2025","244","Porites compressa","Resistant",4.52184502285986
"277","January_2025","247","Porites compressa","Susceptible",2.88237923326716
"278","January_2025","248","Porites compressa","Resistant",2.84993686960249
"279","October_2025","1","Montipora capitata","Susceptible",4.81239339823228
"280","October_2025","2","Montipora capitata","Resistant",1.68959916045111
"281","October_2025","3","Montipora capitata","Susceptible",0.683416813950251
"282","October_2025","4","Montipora capitata","Resistant",3.0611353298608
"283","October_2025","12","Montipora capitata","Resistant",5.87668303394916
"284","October_2025","19","Montipora capitata","Susceptible",4.70291263843059
"285","October_2025","20","Montipora capitata","Resistant",2.95827903692894
"286","October_2025","26","Porites compressa","Resistant",4.72386796194374
"287","October_2025","27","Porites compressa","Susceptible",3.90044682317744
"288","October_2025","28","Porites compressa","Resistant",5.34115428621583
"289","October_2025","29","Porites compressa","Susceptible",5.68284224396835
"290","October_2025","41","Porites compressa","Susceptible",3.04432562718222
"291","October_2025","42","Porites compressa","Resistant",4.69338620953108
"292","October_2025","43","Porites compressa","Susceptible",5.84519015493051
"293","October_2025","44","Porites compressa","Resistant",4.19990696572976
"294","October_2025","201","Montipora capitata","Susceptible",4.32952641689893
"295","October_2025","202","Montipora capitata","Resistant",5.26037088995729
"296","October_2025","203","Montipora capitata","Susceptible",5.93094970160524
"297","October_2025","204","Montipora capitata","Resistant",5.11659650423421
"298","October_2025","205","Montipora capitata","Susceptible",3.08534466023755
"299","October_2025","206","Montipora capitata","Resistant",7.63453407990911
"300","October_2025","209","Montipora capitata","Susceptible",4.30361299438982
"301","October_2025","210","Montipora capitata","Resistant",4.54546893126459
"302","October_2025","211","Montipora capitata","Susceptible",3.15683512683042
"303","October_2025","213","Montipora capitata","Susceptible",2.35709064403211
"304","October_2025","214","Montipora capitata","Resistant",8.08269388432358
"305","October_2025","221","Montipora capitata","Susceptible",3.20911529985809
"306","October_2025","225","Porites compressa","Susceptible",2.95827903692894
"307","October_2025","226","Porites compressa","Resistant",6.40778097019827
"308","October_2025","233","Porites compressa","Susceptible",7.66397458531031
"309","October_2025","234","Porites compressa","Resistant",4.75310981907432
"310","October_2025","235","Porites compressa","Susceptible",4.88878059502969
"311","October_2025","236","Porites compressa","Resistant",4.24510001614098
"312","October_2025","237","Porites compressa","Susceptible",7.96534079707402
"313","October_2025","238","Porites compressa","Resistant",5.56582090973775
"314","October_2025","239","Porites compressa","Susceptible",8.62390207518739
"315","October_2025","240","Porites compressa","Resistant",4.36205933711313
"316","October_2025","241","Porites compressa","Susceptible",4.57041348621183
"317","October_2025","242","Porites compressa","Resistant",3.52465690586876
"318","October_2025","243","Porites compressa","Susceptible",6.98263386911559
"319","October_2025","244","Porites compressa","Resistant",3.54203452465628
"320","October_2025","247","Porites compressa","Susceptible",3.01081139301388
"321","October_2025","248","Porites compressa","Resistant",3.5929304867407
"322","May_2025","28","Porites compressa","Resistant",1.89044972305396
"323","May_2025","209","Montipora capitata","Susceptible",2.71221547755403
"324","May_2025","213","Montipora capitata","Susceptible",6.65620737119509
"325","May_2025","235","Porites compressa","Susceptible",8.20334222237992
