"","ColonyID","Timepoint","Initial_mass_g","Dry_mass_g","Burnt_mass_g","X","Species","Phenotype","Without_wax_weight_g","With_wax_weight_g","delta.mass.g","surface.area.cm2","Notes","dry_mass_g_mL","burnt_mass_g_mL","dry_biomass_g","dw_mg_cm2","ash_biomass_g","afdw_mg_cm2"
"1","1","April_2023",0.3947,0.4095,0.4081,1,"Montipora capitata","Susceptible",5.063,5.827,0.764,22.9137036334046,"",20.475,20.405,20.0803,876.344580573437,0.0699999999999967,3.05494044611573
"2","2","April_2023",0.3961,0.4099,0.4091,2,"Montipora capitata","Resistant",3.095,3.401,0.306,9.17747815683483,"",20.495,20.455,20.0989,2190.02428080219,0.0399999999999991,4.35849579987391
"3","3","April_2023",0.4003,0.4136,0.4131,3,"Montipora capitata","Susceptible",1.224,1.38,0.156,4.67871435446482,"",20.68,20.655,20.2797,4334.45995279609,0.0249999999999986,5.34334821619137
"4","4","April_2023",0.4024,0.4159,0.4151,4,"Montipora capitata","Resistant",2.478,2.802,0.324,9.71732981311924,"",20.795,20.755,20.3926,2098.58061753428,0.0399999999999956,4.11635714432499
"5","11","April_2023",0.4016,0.415,0.414,5,"Montipora capitata","Susceptible",1.445,1.666,0.221,6.62817866882516,"",20.75,20.7,20.3484,3069.98362849002,0.0500000000000007,7.54355042285895
"6","12","April_2023",0.4015,0.4145,0.4138,6,"Montipora capitata","Resistant",1.365,1.606,0.241,7.2280138424745,"",20.725,20.69,20.3235,2811.76827312803,0.0349999999999966,4.84227074861472
"7","15","April_2023",0.4002,0.4143,0.413,7,"Montipora capitata","Susceptible",2.141,2.375,0.234,7.01807153169723,"",20.715,20.65,20.3148,2894.64134246109,0.0650000000000013,9.26180357473243
"8","16","April_2023",0.4036,0.4179,0.4168,8,"Montipora capitata","Resistant",3.246,3.672,0.426,12.7764891987309,"",20.895,20.84,20.4914,1603.83652201071,0.0549999999999997,4.30478194318537
"9","19","April_2023",0.4005,0.4145,0.4134,9,"Montipora capitata","Susceptible",2.594,3.308,0.714,21.4141156992813,"",20.725,20.67,20.3245,949.116941620061,0.0549999999999997,2.56839931064002
"10","20","April_2023",0.3974,0.4116,0.4104,10,"Montipora capitata","Resistant",2.992,3.368,0.376,11.2769012646075,"",20.58,20.52,20.1826,1789.7292462197,0.0600000000000023,5.32061056420809
"11","26","April_2023",0.4039,0.4182,0.4166,11,"Porites compressa","Resistant",4.209,4.498,0.289000000000001,8.66761825923292,"",20.91,20.83,20.5061,2365.82869557695,0.0799999999999983,9.22975581149766
"12","27","April_2023",0.3977,0.4124,0.4111,12,"Porites compressa","Susceptible",3.963,4.394,0.431,12.9264479921432,"",20.62,20.555,20.2223,1564.41274604526,0.0650000000000013,5.02845020066679
"13","28","April_2023",0.4065,0.4208,0.4192,13,"Porites compressa","Resistant",4.039,4.418,0.379,11.3668765406549,"",21.04,20.96,20.6335,1815.23041322759,0.0799999999999983,7.03799321773835
"14","29","April_2023",0.3976,0.4122,0.4105,14,"Porites compressa","Susceptible",6.776,7.175,0.399,11.9667117143043,"",20.61,20.525,20.2124,1689.05213750903,0.0850000000000009,7.10303732799018
"15","41","April_2023",0.4028,0.4168,0.4156,15,"Porites compressa","Susceptible",3.722,3.986,0.264,7.91782429217124,"",20.84,20.78,20.4372,2581.1636184207,0.0599999999999987,7.57783928841712
"16","42","April_2023",0.3946,0.4089,0.4076,16,"Porites compressa","Resistant",4.502,4.63,0.128,3.83894511135575,"",20.445,20.38,20.0504,5222.89311735407,0.0649999999999977,16.9317346600568
"17","43","April_2023",0.3961,0.4107,0.4091,17,"Porites compressa","Susceptible",5.168,5.596,0.428,12.8364727160958,"",20.535,20.455,20.1389,1568.88114401923,0.0799999999999983,6.23224165776361
"18","44","April_2023",0.405,0.4187,0.4178,18,"Porites compressa","Resistant",2.731,2.912,0.181,5.42850832152649,"",20.935,20.89,20.53,3781.8860696205,0.0450000000000017,8.28957005031315
"19","45","April_2023",0.4008,0.4155,0.414,19,"Porites compressa","Susceptible",6.792,7.221,0.429,12.8664644747783,"",20.775,20.7,20.3742,1583.51193056483,0.0749999999999993,5.8291071449363
"20","46","April_2023",0.4014,0.4169,0.4153,20,"Porites compressa","Resistant",7.104,7.386,0.282,8.45767594845564,"",20.845,20.765,20.4436,2417.16520289867,0.0799999999999983,9.45886322525826
"21","201","April_2023",0.4034,0.4181,0.417,21,"Montipora capitata","Susceptible",2.863,3.195,0.332,9.95726388257897,"",20.905,20.85,20.5016,2058.95919218021,0.0550000000000033,5.52360574637679
"22","202","April_2023",0.3953,0.4094,0.4088,22,"Montipora capitata","Resistant",2.164,2.434,0.27,8.09777484426604,"",20.47,20.44,20.0747,2479.0390429557,0.0299999999999976,3.7047214298926
"23","203","April_2023",0.3992,0.4143,0.4129,23,"Montipora capitata","Susceptible",2.641,3.017,0.376,11.2769012646075,"",20.715,20.645,20.3158,1801.54100167224,0.0700000000000003,6.2073789915759
"24","204","April_2023",0.4008,0.4154,0.4143,24,"Montipora capitata","Resistant",2,2.219,0.219,6.56819515146022,"",20.77,20.715,20.3692,3101.18678423731,0.0549999999999997,8.37368542373049
"25","206","April_2023",0.4002,0.4151,0.414,25,"Montipora capitata","Resistant",2.73,3.111,0.381,11.4268600580199,"",20.755,20.7,20.3548,1781.31174239016,0.0550000000000033,4.81322075537293
"26","207","April_2023",0.3976,0.412,0.4112,26,"Montipora capitata","Susceptible",1.956,2.252,0.296,8.87756057001017,"",20.6,20.56,20.2024,2275.67019573451,0.0399999999999956,4.50574227959897
"27","208","April_2023",0.4014,0.416,0.4152,27,"Montipora capitata","Resistant",1.915,2.285,0.37,11.0969507125127,"",20.8,20.76,20.3986,1838.21668929276,0.0399999999999991,3.6045938236795
"28","209","April_2023",0.4005,0.4151,0.414,28,"Montipora capitata","Susceptible",2.212,2.546,0.334,10.0172473999439,"",20.755,20.7,20.3545,2031.94542246346,0.0550000000000033,5.49053026286555
"29","210","April_2023",0.3997,0.4142,0.413,29,"Montipora capitata","Resistant",1.923,2.214,0.291,8.72760177659783,"",20.71,20.65,20.3103,2327.13413373878,0.0600000000000023,6.87474079773966
"30","211","April_2023",0.3983,0.4121,0.4111,30,"Montipora capitata","Susceptible",2.733,3.022,0.289,8.6676182592329,"",20.605,20.555,20.2067,2331.28633445243,0.0500000000000007,5.76859738218626
"31","212","April_2023",0.4009,0.4152,0.414,31,"Montipora capitata","Resistant",1.693,2.007,0.314,9.41741222629457,"",20.76,20.7,20.3591,2161.85715468151,0.0600000000000023,6.37117698134472
"32","213","April_2023",0.3995,0.4143,0.4129,32,"Montipora capitata","Susceptible",3.567,3.797,0.23,6.89810449696736,"",20.715,20.645,20.3155,2945.08440817784,0.0700000000000003,10.147715221011
"33","214","April_2023",0.4033,0.4177,0.4166,33,"Montipora capitata","Resistant",2.651,2.879,0.228,6.83812097960244,"",20.885,20.83,20.4817,2995.22340436726,0.0549999999999997,8.04314520963584
"34","217","April_2023",0.4022,0.4159,0.4152,34,"Montipora capitata","Susceptible",1.49,1.8,0.31,9.29744519156471,"",20.795,20.76,20.3928,2193.3767373538,0.0349999999999966,3.76447500134241
"35","218","April_2023",0.4007,0.4149,0.414,35,"Montipora capitata","Resistant",1.879,2.074,0.195,5.84839294308102,"",20.745,20.7,20.3443,3478.61373166939,0.0450000000000017,7.69442143131632
"36","219","April_2023",0.4049,0.419,0.4181,36,"Montipora capitata","Susceptible",2.137,2.311,0.174,5.21856601074922,"",20.95,20.905,20.5451,3936.92442668755,0.0449999999999982,8.62305850061243
"37","220","April_2023",0.3995,0.4141,0.4127,37,"Montipora capitata","Resistant",2.866,3.079,0.213,6.38824459936543,"",20.705,20.635,20.3055,3178.5727180855,0.0700000000000003,10.957626764472
"38","221","April_2023",0.406,0.4209,0.4201,38,"Montipora capitata","Susceptible",4.027,4.216,0.189,5.66844239098623,"",21.045,21.005,20.639,3641.03550435997,0.0399999999999991,7.05661224741489
"39","222","April_2023",0.4023,0.4163,0.4156,39,"Montipora capitata","Resistant",1.541,1.7,0.159,4.76868963051222,"",20.815,20.78,20.4127,4280.5679508665,0.0350000000000001,7.33954245544822
"40","225","April_2023",0.4002,0.4153,0.4139,40,"Porites compressa","Susceptible",6.069,6.308,0.239,7.16803032510956,"",20.765,20.695,20.3648,2841.0594091186,0.0700000000000003,9.76558368549178
"41","226","April_2023",0.3977,0.4127,0.4112,41,"Porites compressa","Resistant",5.852,6.041,0.189,5.66844239098623,"",20.635,20.56,20.2373,3570.16947586531,0.0749999999999993,13.2311479639031
"42","233","April_2023",0.4029,0.4178,0.4165,42,"Porites compressa","Susceptible",6.432,6.774,0.342,10.2571814694036,"",20.89,20.825,20.4871,1997.34206332524,0.0650000000000013,6.33702349850116
"43","234","April_2023",0.4016,0.4176,0.4156,43,"Porites compressa","Resistant",9.201,9.483,0.282,8.45767594845564,"",20.88,20.78,20.4784,2421.27980840166,0.100000000000001,11.8235790315732
"44","235","April_2023",0.4017,0.4187,0.4159,44,"Porites compressa","Susceptible",8.01,8.643,0.633000000000001,18.9847832460015,"",20.935,20.795,20.5333,1081.56620667895,0.140000000000004,7.37432701684863
"45","236","April_2023",0.4031,0.419,0.4172,45,"Porites compressa","Resistant",4.782,5.027,0.245,7.34798087720437,"",20.95,20.86,20.5469,2796.26476216652,0.0899999999999999,12.2482626865847
"46","237","April_2023",0.399,0.4142,0.4129,46,"Porites compressa","Susceptible",2.238,2.456,0.218,6.53820339277776,"",20.71,20.645,20.311,3106.51088377519,0.0650000000000013,9.94156897471279
"47","238","April_2023",0.4023,0.4182,0.4169,47,"Porites compressa","Resistant",2.137,2.353,0.216,6.47821987541283,"",20.91,20.845,20.5077,3165.63815282561,0.0650000000000013,10.0336205392935
"48","240","April_2023",0.4015,0.4172,0.4157,48,"Porites compressa","Resistant",5.502,5.968,0.466,13.9761595460295,"",20.86,20.785,20.4585,1463.81414240596,0.0749999999999993,5.36628104115383
"49","241","April_2023",0.3994,0.4149,0.4134,49,"Porites compressa","Susceptible",5.465,5.635,0.17,5.09859897601935,"",20.745,20.67,20.3456,3990.42954656624,0.0750000000000028,14.7099233245753
"50","242","April_2023",0.4052,0.4199,0.4185,50,"Porites compressa","Resistant",2.897,3.128,0.231,6.92809625564984,"",20.995,20.925,20.5898,2971.92753106008,0.0700000000000003,10.1037857178897
"51","243","April_2023",0.4029,0.4175,0.4164,51,"Porites compressa","Susceptible",2.091,2.153,0.0619999999999998,1.85948903831294,"",20.875,20.82,20.4721,11009.5298107128,0.0549999999999997,29.5780178676932
"52","248","April_2023",0.3989,0.4152,0.4132,52,"Porites compressa","Resistant",6.285,6.732,0.447,13.4063161310627,"",20.76,20.66,20.3611,1518.76919811125,0.100000000000001,7.45917066421397
"53","1","September_2023",0.3854,0.3992,0.3977,53,"Montipora capitata","Susceptible",2.93,3.448,0.518,12.302676257176,"",19.96,19.885,19.5746,1591.08470310128,0.0749999999999993,6.09623454541061
"54","2","September_2023",0.3782,0.3911,0.3905,54,"Montipora capitata","Resistant",2.856,3.267,0.411,9.76138984884044,"",19.555,19.525,19.1768,1964.5563077555,0.0299999999999976,3.0733328413844
"55","3","September_2023",0.3923,0.4057,0.4054,55,"Montipora capitata","Susceptible",2.226,2.609,0.383,9.09638032142552,"",20.285,20.27,19.8927,2186.88085777866,0.0150000000000006,1.64900756894143
"56","4","September_2023",0.3885,0.4017,0.4003,56,"Montipora capitata","Resistant",3.976,4.366,0.39,9.26263270327924,"",20.085,20.015,19.6965,2126.44726731169,0.0700000000000003,7.55724665355869
"57","19","September_2023",0.3894,0.4025,0.4014,57,"Montipora capitata","Susceptible",2.762,3.115,0.353,8.38387011348096,"",20.125,20.07,19.7356,2353.99639222295,0.0549999999999997,6.56021613593008
"58","20","September_2023",0.3896,0.4023,0.4017,58,"Montipora capitata","Resistant",2.054,2.405,0.351,8.33636943295132,"",20.115,20.085,19.7254,2366.18592285882,0.0299999999999976,3.59868888264669
"59","26","September_2023",0.3844,0.4002,0.3989,59,"Porites compressa","Resistant",2.174,2.368,0.194,4.6075660113748,"",20.01,19.945,19.6256,4259.42893743678,0.0650000000000013,14.1072314188303
"60","27","September_2023",0.3815,0.3942,0.3936,60,"Porites compressa","Susceptible",2.733,3.043,0.31,7.36260548209376,"",19.71,19.68,19.3285,2625.22554644656,0.0300000000000011,4.07464450906173
"61","28","September_2023",0.3899,0.4029,0.4018,61,"Porites compressa","Resistant",2.791,3.113,0.322,7.64760956527158,"",20.145,20.09,19.7551,2583.17319044496,0.0549999999999997,7.19178973907863
"62","29","September_2023",0.3825,0.3964,0.3955,62,"Porites compressa","Susceptible",2.337,2.529,0.192,4.56006533084516,"",19.82,19.775,19.4375,4262.54857984622,0.0449999999999982,9.86827967038312
"63","41","September_2023",0.3799,0.3917,0.3912,63,"Porites compressa","Susceptible",2.807,3.106,0.299,7.10135173918075,"",19.585,19.56,19.2051,2704.42877713527,0.0250000000000021,3.52045651563321
"64","42","September_2023",0.3837,0.3965,0.3959,64,"Porites compressa","Resistant",1.548,1.707,0.159,3.77630410210615,"",19.825,19.795,19.4413,5148.2347486679,0.0300000000000011,7.94427545791911
"65","43","September_2023",0.3836,0.3984,0.3972,65,"Porites compressa","Susceptible",3.499,3.871,0.372,8.83512657851251,"",19.92,19.86,19.5364,2211.21902741196,0.0599999999999987,6.79107418176915
"66","44","September_2023",0.3843,0.3982,0.3976,66,"Porites compressa","Resistant",1.858,2.077,0.219,5.20132451799527,"",19.91,19.88,19.5257,3753.98611112343,0.0300000000000011,5.76776163383167
"67","45","September_2023",0.3829,0.3953,0.3942,67,"Porites compressa","Susceptible",2.338,2.587,0.249,5.91383472593983,"",19.765,19.71,19.3821,3277.41658301413,0.0549999999999997,9.30022608828641
"68","46","September_2023",0.3834,0.3976,0.3964,68,"Porites compressa","Resistant",3.215,3.732,0.517,12.2789259169112,"",19.88,19.82,19.4966,1587.80988923048,0.0599999999999987,4.88642088127297
"69","201","September_2023",0.3774,0.3915,0.3907,69,"Montipora capitata","Susceptible",2.65,3.025,0.375,8.90637759930697,"",19.575,19.535,19.1976,2155.48911843731,0.0399999999999991,4.49116372554333
"70","202","September_2023",0.381,0.3959,0.3946,70,"Montipora capitata","Resistant",3.236,3.66,0.424,10.0701442722831,"",19.795,19.73,19.414,1927.87704675044,0.0649999999999977,6.45472380955878
"71","203","September_2023",0.3845,0.3989,0.3965,71,"Montipora capitata","Susceptible",3.481,3.945,0.464,11.0201578828758,"",19.945,19.825,19.5605,1774.97457004632,0.120000000000001,10.8891361880095
"72","204","September_2023",0.3756,0.3883,0.3875,72,"Montipora capitata","Resistant",2.606,2.988,0.382,9.0726299811607,"",19.415,19.375,19.0394,2098.55356600405,0.0399999999999991,4.40886491381871
"73","205","September_2023",0.3814,0.3943,0.3937,73,"Montipora capitata","Susceptible",1.549,1.82,0.271,6.43634221176584,"",19.715,19.685,19.3336,3003.81790835446,0.0300000000000011,4.66103246424035
"74","206","September_2023",0.3885,0.4019,0.4015,74,"Montipora capitata","Resistant",1.029,1.231,0.202,4.79756873349336,"",20.095,20.075,19.7065,4107.60139035062,0.019999999999996,4.16877821059022
"75","209","September_2023",0.3791,0.3939,0.3925,75,"Montipora capitata","Susceptible",2.529,2.958,0.429,10.1888959736072,"",19.695,19.625,19.3159,1895.77948877238,0.0700000000000003,6.87022423050787
"76","210","September_2023",0.3897,0.4047,0.4039,76,"Montipora capitata","Resistant",3.954,4.449,0.495,11.7564184310852,"",20.235,20.195,19.8453,1688.0396114115,0.0399999999999991,3.40239676177525
"77","211","September_2023",0.382,0.3962,0.3949,77,"Montipora capitata","Susceptible",1.251,1.455,0.204,4.84506941402299,"",19.81,19.745,19.428,4009.84967186846,0.0650000000000013,13.4157004669269
"78","212","September_2023",0.3869,0.4011,0.4002,78,"Montipora capitata","Resistant",1.102,1.256,0.154,3.65755240078206,"",20.055,20.01,19.6681,5377.3939085041,0.0449999999999982,12.3033097189192
"79","214","September_2023",0.383,0.3955,0.3946,79,"Montipora capitata","Resistant",1.324,1.568,0.244,5.79508302461573,"",19.775,19.73,19.392,3346.28510370408,0.0450000000000017,7.76520367505617
"80","219","September_2023",0.3827,0.3956,0.395,80,"Montipora capitata","Susceptible",0.918,1.047,0.129,3.06379389416159,"",19.78,19.75,19.3973,6331.13736435201,0.0300000000000011,9.79178137836542
"81","220","September_2023",0.3802,0.3941,0.3929,81,"Montipora capitata","Resistant",2.053,2.303,0.25,5.93758506620464,"",19.705,19.645,19.3248,3254.65652862681,0.0599999999999987,10.1051183824725
"82","221","September_2023",0.3789,0.3917,0.3906,82,"Montipora capitata","Susceptible",1.688,1.878,0.19,4.51256465031553,"",19.585,19.53,19.2061,4256.13846854406,0.0549999999999997,12.1881910314911
"83","225","September_2023",0.3864,0.4001,0.3996,83,"Porites compressa","Susceptible",1.489,1.691,0.202,4.79756873349335,"",20.005,19.98,19.6186,4089.27961011508,0.0249999999999986,5.21097276323852
"84","226","September_2023",0.3846,0.3976,0.3969,84,"Porites compressa","Resistant",2.701,2.915,0.214,5.08257281667117,"",19.88,19.845,19.4954,3835.73451934694,0.0350000000000001,6.88627615628012
"85","233","September_2023",0.392,0.4023,0.402,85,"Porites compressa","Susceptible",2.114,2.356,0.242,5.7475823440861,"",20.115,20.1,19.723,3431.52978404802,0.014999999999997,2.60979297067941
"86","234","September_2023",0.3842,0.3974,0.3959,86,"Porites compressa","Resistant",2.614,2.858,0.244,5.79508302461574,"",19.87,19.795,19.4858,3362.47123936452,0.0749999999999993,12.942006125093
"87","235","September_2023",0.3872,0.399,0.3981,87,"Porites compressa","Susceptible",1.083,1.227,0.144,3.42004899813388,"",19.95,19.905,19.5628,5720.0350084675,0.0450000000000017,13.1577062271785
"88","236","September_2023",0.3819,0.3939,0.3929,88,"Porites compressa","Resistant",1.849,2.072,0.223,5.29632587905455,"",19.695,19.645,19.3131,3646.50900285003,0.0499999999999972,9.44050671008233
"89","237","September_2023",0.3793,0.3921,0.3906,89,"Porites compressa","Susceptible",2.53,2.815,0.285,6.7688469754733,"",19.605,19.53,19.2257,2840.32126441382,0.0749999999999993,11.0801736649919
"90","238","September_2023",0.3838,0.3976,0.3962,90,"Porites compressa","Resistant",1.881,2.109,0.228,5.41507758037864,"",19.88,19.81,19.4962,3600.35469679028,0.0700000000000003,12.926869275824
"91","239","September_2023",0.3849,0.3969,0.3954,91,"Porites compressa","Susceptible",2.223,2.492,0.269,6.3888415312362,"",19.845,19.77,19.4601,3045.95127377257,0.0749999999999993,11.7392174517572
"92","240","September_2023",0.381,0.3934,0.3919,92,"Porites compressa","Resistant",2.681,3.035,0.354,8.40762045374578,"",19.67,19.595,19.289,2294.22820715061,0.0749999999999993,8.9204787980867
"93","241","September_2023",0.3864,0.3993,0.3982,93,"Porites compressa","Susceptible",2.502,2.722,0.22,5.22507485826009,"",19.965,19.91,19.5786,3747.04679475531,0.0549999999999997,10.5261649817423
"94","242","September_2023",0.3837,0.3957,0.3956,94,"Porites compressa","Resistant",2.287,2.499,0.212,5.03507213614154,"",19.785,19.78,19.4013,3853.231786043,0.00499999999999901,0.993034432239652
"95","243","September_2023",0.3783,0.3922,0.3907,95,"Porites compressa","Susceptible",1.844,2.008,0.164,3.89505580343025,"",19.61,19.535,19.2317,4937.46456291159,0.0749999999999993,19.2551798446505
"96","244","September_2023",0.3868,0.3997,0.399,96,"Porites compressa","Resistant",2.645,2.882,0.237,5.62883064276201,"",19.985,19.95,19.5982,3481.75335941238,0.0349999999999966,6.21798775292739
"97","247","September_2023",0.3849,0.3977,0.3962,97,"Porites compressa","Susceptible",2.169,2.431,0.262,6.22258914938247,"",19.885,19.81,19.5001,3133.75984367137,0.0750000000000028,12.0528606661177
"98","248","September_2023",0.3813,0.3928,0.3923,98,"Porites compressa","Resistant",2.076,2.283,0.207,4.91632043481744,"",19.64,19.615,19.2587,3917.2995851958,0.0250000000000021,5.08510385591465
"99","1","January_2024",0.3927,0.4077,0.4061,99,"Montipora capitata","Susceptible",4.9087,5.725,0.8163,32.4791729160174,"",20.385,20.305,19.9923,615.542152249222,0.0800000000000018,2.46311690900691
"100","2","January_2024",0.3829,0.3965,0.3951,100,"Montipora capitata","Resistant",5.5159,6.2762,0.7603,30.2510292393091,"",19.825,19.755,19.4421,642.692182345199,0.0700000000000003,2.31397085521441
"101","3","January_2024",0.386,0.4005,0.3993,101,"Montipora capitata","Susceptible",2.0158,2.4469,0.4311,17.1527274826597,"",20.025,19.965,19.639,1144.94910619047,0.0600000000000023,3.49798596524421
"102","4","January_2024",0.3817,0.3936,0.3925,102,"Montipora capitata","Resistant",4.1144,4.7292,0.6148,24.4618345078617,"",19.68,19.625,19.2983,788.914665978866,0.0549999999999997,2.24840046163845
"103","12","January_2024",0.3852,0.3981,0.3973,103,"Montipora capitata","Resistant",4.497,5.2599,0.7629,30.3544787671563,"",19.905,19.865,19.5198,643.061610437552,0.0400000000000027,1.31776270338343
"104","19","January_2024",0.3854,0.4009,0.3998,104,"Montipora capitata","Susceptible",2.4551,3.0008,0.5457,21.7124643639234,"",20.045,19.99,19.6596,905.452263293781,0.0549999999999997,2.53310720875082
"105","20","January_2024",0.3828,0.3971,0.3956,105,"Montipora capitata","Resistant",5.0109,5.8668,0.855899999999999,34.0547888016896,"",19.855,19.78,19.4722,571.790361508097,0.0749999999999993,2.20233343500513
"106","26","January_2024",0.3787,0.3915,0.3899,106,"Porites compressa","Resistant",4.8718,5.2716,0.3998,15.9073543204995,"",19.575,19.495,19.1963,1206.75629732231,0.0799999999999983,5.02912039225177
"107","27","January_2024",0.3871,0.3999,0.3993,107,"Porites compressa","Susceptible",7.0802,7.6993,0.6191,24.6329241116089,"",19.995,19.965,19.6079,796.00375136784,0.0299999999999976,1.21788220773429
"108","28","January_2024",0.3898,0.4016,0.4004,108,"Porites compressa","Resistant",4.1446,4.5583,0.4137,16.4604114116825,"",20.08,20.02,19.6902,1196.21554452917,0.0600000000000023,3.64510937785056
"109","29","January_2024",0.3865,0.3998,0.3975,109,"Porites compressa","Susceptible",8.3601,9.068,0.7079,28.1661233703892,"",19.99,19.875,19.6035,695.995673320418,0.114999999999998,4.08291899058061
"110","41","January_2024",0.3869,0.4007,0.3995,110,"Porites compressa","Susceptible",4.6213,5.2082,0.5869,23.3517414975017,"",20.035,19.975,19.6481,841.397632039652,0.0599999999999987,2.56940151578921
"111","42","January_2024",0.3821,0.3951,0.3935,111,"Porites compressa","Resistant",5.5811,6.0952,0.5141,20.4551547177809,"",19.755,19.675,19.3729,947.091345300843,0.0799999999999983,3.9109946174329
"112","43","January_2024",0.3882,0.4023,0.4009,112,"Porites compressa","Susceptible",5.9732,6.4782,0.505,20.0930813703158,"",20.115,20.045,19.7268,981.770771562349,0.0700000000000003,3.48378622023667
"113","44","January_2024",0.3855,0.3981,0.397,113,"Porites compressa","Resistant",4.0099,4.3702,0.3603,14.3357172628213,"",19.905,19.85,19.5195,1361.59911932851,0.0549999999999997,3.83657120126374
"114","45","January_2024",0.383,0.396,0.394,114,"Porites compressa","Susceptible",3.6013,3.963,0.3617,14.391420854739,"",19.8,19.7,19.417,1349.2065999589,0.100000000000001,6.94858423010207
"115","46","January_2024",0.3824,0.3984,0.3963,115,"Porites compressa","Resistant",8.4395,9.2025,0.763,30.3584575951504,"",19.92,19.815,19.5376,643.563657302571,0.105,3.45867373765305
"116","201","January_2024",0.3918,0.4059,0.4044,116,"Montipora capitata","Susceptible",6.5051,7.278,0.7729,30.7523615665685,"",20.295,20.22,19.9032,647.208831650743,0.0749999999999993,2.43883709020686
"117","202","January_2024",0.3844,0.3985,0.3973,117,"Montipora capitata","Resistant",9.1058,10.2187,1.1129,44.280376746583,"",19.925,19.865,19.5406,441.292541656342,0.0600000000000023,1.35500202140065
"118","203","January_2024",0.3862,0.3999,0.3985,118,"Montipora capitata","Susceptible",3.1456,3.6435,0.4979,19.8105845827331,"",19.995,19.925,19.6088,989.814304474943,0.0699999999999967,3.53346463390125
"119","204","January_2024",0.3861,0.3995,0.3988,119,"Montipora capitata","Resistant",3.4741,4.0164,0.5423,21.5771842121233,"",19.975,19.94,19.5889,907.852470805428,0.0350000000000037,1.62208375550405
"120","205","January_2024",0.3876,0.4006,0.3997,120,"Montipora capitata","Susceptible",1.7854,2.1593,0.3739,14.8768378700219,"",20.03,19.985,19.6424,1320.33434602263,0.0450000000000017,3.02483635253433
"121","206","January_2024",0.3828,0.3963,0.395,121,"Montipora capitata","Resistant",1.96,2.3558,0.3958,15.7482012007346,"",19.815,19.75,19.4322,1233.93140285086,0.0649999999999977,4.12745552152113
"122","209","January_2024",0.3882,0.4025,0.4011,122,"Montipora capitata","Susceptible",5.1331,5.8953,0.7622,30.3266269711974,"",20.125,20.055,19.7368,650.807622580149,0.0700000000000003,2.30820262558321
"123","210","January_2024",0.3835,0.3978,0.3972,123,"Montipora capitata","Resistant",3.3036,3.9301,0.6265,24.9273573831739,"",19.89,19.86,19.5065,782.533812154793,0.0300000000000011,1.20349700687692
"124","211","January_2024",0.3826,0.3974,0.3956,124,"Montipora capitata","Susceptible",3.7847,4.524,0.7393,29.4154753605435,"",19.87,19.78,19.4874,662.488019015306,0.0899999999999963,3.05961399218855
"125","212","January_2024",0.3854,0.4007,0.3998,125,"Montipora capitata","Resistant",2.7829,3.1761,0.3932,15.6447516728875,"",20.035,19.99,19.6496,1255.98669834133,0.0450000000000017,2.87636396798724
"126","213","January_2024",0.3875,0.4008,0.4002,126,"Montipora capitata","Susceptible",3.1907,3.7642,0.5735,22.8185785462893,"",20.04,20.01,19.6525,861.249966124461,0.0299999999999976,1.31471817752101
"127","214","January_2024",0.3847,0.3981,0.3972,127,"Montipora capitata","Resistant",0.8368,1.0697,0.2329,9.26669039831,"",19.905,19.86,19.5203,2106.50179955942,0.0450000000000017,4.85610267158688
"128","219","January_2024",0.3875,0.4022,0.4009,128,"Montipora capitata","Susceptible",3.506,4.506,1,39.7882799412194,"Dropped in wax",20.11,20.045,19.7225,495.686167613597,0.0650000000000013,1.63364689541815
"129","220","January_2024",0.3831,0.3992,0.3969,129,"Montipora capitata","Resistant",3.3861,3.9373,0.5512,21.9312999036001,"",19.96,19.845,19.5769,892.646586661577,0.115000000000002,5.24364723046464
"130","221","January_2024",0.3827,0.3982,0.3971,130,"Montipora capitata","Susceptible",3.6151,4.1987,0.5836,23.2204401736956,"",19.91,19.855,19.5273,840.953050585181,0.0549999999999997,2.3686028166815
"131","225","January_2024",0.3845,0.3985,0.3972,131,"Porites compressa","Susceptible",8.5311,9.4342,0.9031,35.9327956149152,"",19.925,19.86,19.5405,543.80683900612,0.0650000000000013,1.80893244980418
"132","226","January_2024",0.3812,0.3958,0.3939,132,"Porites compressa","Resistant",9.6992,10.5589,0.8597,34.2059842654663,"",19.79,19.695,19.4088,567.40948745611,0.0949999999999989,2.7772918113603
"133","233","January_2024",0.3913,0.4061,0.4043,133,"Porites compressa","Susceptible",5.9148,6.5668,0.652,25.941958521675,"",20.305,20.215,19.9137,767.625157651907,0.0899999999999999,3.46928316629614
"134","234","January_2024",0.3894,0.4041,0.4023,134,"Porites compressa","Resistant",6.3031,6.8321,0.529,21.0480000889051,"",20.205,20.115,19.8156,941.448114609486,0.0900000000000034,4.27594068889445
"135","235","January_2024",0.3909,0.4045,0.4034,135,"Porites compressa","Susceptible",6.4411,7.1575,0.7164,28.5043237498896,"",20.225,20.17,19.8341,695.827768938978,0.0550000000000033,1.92953183112146
"136","236","January_2024",0.3908,0.4059,0.4042,136,"Porites compressa","Resistant",6.0652,6.7105,0.6453,25.6753770460689,"",20.295,20.21,19.9042,775.225227044815,0.0849999999999973,3.31056482043022
"137","237","January_2024",0.3896,0.4051,0.4028,137,"Porites compressa","Susceptible",5.4604,5.9551,0.4947,19.6832620869212,"",20.255,20.14,19.8654,1009.25344144047,0.115000000000002,5.84252749834669
"138","238","January_2024",0.3822,0.3965,0.3946,138,"Porites compressa","Resistant",3.4248,3.7081,0.2833,11.2720197073475,"",19.825,19.73,19.4428,1724.8727827655,0.0949999999999989,8.42794835942972
"139","239","January_2024",0.3753,0.3912,0.3892,139,"Porites compressa","Susceptible",5.1846,5.5781,0.3935,15.6566881568698,"",19.56,19.46,19.1847,1225.3357675507,0.0999999999999979,6.38704680057897
"140","240","January_2024",0.386,0.3997,0.3981,140,"Porites compressa","Resistant",3.3874,3.6747,0.2873,11.4311728271123,"",19.985,19.905,19.599,1714.52223638115,0.0799999999999983,6.99840700599464
"141","241","January_2024",0.3776,0.3924,0.3905,141,"Porites compressa","Susceptible",7.7339,8.5021,0.7682,30.5653566508447,"",19.62,19.525,19.2424,629.549336518808,0.0949999999999989,3.10809394718362
"142","242","January_2024",0.3862,0.3997,0.3987,142,"Porites compressa","Resistant",5.4569,6.0295,0.5726,22.7827690943422,"",19.985,19.935,19.5988,860.246615275011,0.0500000000000007,2.19464103739776
"143","243","January_2024",0.3856,0.3988,0.3972,143,"Porites compressa","Susceptible",5.7742,6.3655,0.591299999999999,23.526809929243,"",19.94,19.86,19.5544,831.153907342728,0.0799999999999983,3.4003760068024
"144","244","January_2024",0.3846,0.3986,0.3973,144,"Porites compressa","Resistant",6.4237,6.9809,0.5572,22.1700295832474,"",19.93,19.865,19.5454,881.613618358422,0.0650000000000013,2.93188602910652
"145","247","January_2024",0.3924,0.4057,0.4046,145,"Porites compressa","Susceptible",7.0335,7.6819,0.6484,25.7987207138866,"",20.285,20.23,19.8926,771.069241014438,0.0549999999999997,2.13188865486633
"146","248","January_2024",0.3876,0.4026,0.401,146,"Porites compressa","Resistant",5.8809,6.3511,0.4702,18.7084492283614,"",20.13,20.05,19.7424,1055.26651402358,0.0799999999999983,4.27614277503669
"147","1","May_2024",0.4225,0.4329,0.4317,147,"Montipora capitata","Susceptible",3.0905,3.5594,0.4689,10.6837636555434,"",21.645,21.585,21.2225,1986.42544745816,0.0600000000000023,5.61599843786048
"148","2","May_2024",0.4236,0.4328,0.4322,148,"Montipora capitata","Resistant",2.6384,3.2776,0.6392,14.5640045396105,"",21.64,21.61,21.2164,1456.76966402315,0.0300000000000011,2.05987301901812
"149","3","May_2024",0.4224,0.4331,0.4323,149,"Montipora capitata","Susceptible",1.4658,1.8136,0.3478,7.92453188184689,"",21.655,21.615,21.2326,2679.35069434682,0.0399999999999956,5.04761676732294
"150","4","May_2024",0.4218,0.4322,0.431,150,"Montipora capitata","Resistant",3.5062,4.0065,0.5003,11.3992044292352,"",21.61,21.55,21.1882,1858.74375106909,0.0599999999999987,5.26352521989329
"151","12","May_2024",0.427,0.4361,0.4354,151,"Montipora capitata","Resistant",1.7534,2.0593,0.3059,6.96985135899069,"",21.805,21.77,21.378,3067.21031753764,0.0350000000000001,5.02162789380755
"152","19","May_2024",0.4261,0.4364,0.4354,152,"Montipora capitata","Susceptible",2.1779,4.4463,2.2684,51.6848997147254,"May be overestimation ",21.82,21.77,21.3939,413.929409132717,0.0500000000000007,0.967400542053395
"153","20","May_2024",0.4256,0.4363,0.4352,153,"Montipora capitata","Resistant",2.5349,3.0225,0.4876,11.1098382564363,"",21.815,21.76,21.3894,1925.26655260786,0.0550000000000033,4.95056712172564
"154","26","May_2024",0.416,0.4276,0.4263,154,"Porites compressa","Resistant",3.7867,4.1552,0.3685,8.39617595877106,"",21.38,21.315,20.964,2496.85095964431,0.0649999999999977,7.74161955623328
"155","27","May_2024",0.4105,0.4195,0.4186,155,"Porites compressa","Susceptible",2.8378,3.1289,0.2911,6.63263723635891,"",20.975,20.93,20.5645,3100.50124364848,0.0449999999999982,6.78463157208664
"156","28","May_2024",0.4141,0.4252,0.424,156,"Porites compressa","Resistant",4.7765,5.4005,0.624,14.2176765217724,"",21.26,21.2,20.8459,1466.1959686646,0.0600000000000023,4.22009882614227
"157","29","May_2024",0.416,0.4267,0.4259,157,"Porites compressa","Susceptible",4.6988,5.1612,0.4624,10.5356628584416,"",21.335,21.295,20.919,1985.54189528178,0.0399999999999991,3.79662870171947
"158","41","May_2024",0.4203,0.4292,0.4282,158,"Porites compressa","Susceptible",2.9568,3.2532,0.2964,6.75339634784192,"",21.46,21.41,21.0397,3115.42502710112,0.0500000000000007,7.40368215112659
"159","42","May_2024",0.4232,0.4337,0.4329,159,"Porites compressa","Resistant",2.6487,2.9358,0.2871,6.54149828429627,"",21.685,21.645,21.2618,3250.29512750034,0.0399999999999991,6.11480707654154
"160","43","May_2024",0.4117,0.4211,0.4199,160,"Porites compressa","Susceptible",7.8219,8.5233,0.7014,15.9812152441846,"",21.055,20.995,20.6433,1291.72279357866,0.0599999999999987,3.75440785217082
"161","44","May_2024",0.4126,0.4217,0.4209,161,"Porites compressa","Resistant",4.377,4.7609,0.383900000000001,8.74706092421227,"",21.085,21.045,20.6724,2363.35383726182,0.0400000000000027,4.57296460452
"162","201","May_2024",0.4251,0.4375,0.4364,162,"Montipora capitata","Susceptible",5.7933,6.6485,0.8552,19.4855079509933,"",21.875,21.82,21.4499,1100.81297618452,0.0549999999999997,2.82261053385555
"163","202","May_2024",0.4176,0.4297,0.4286,163,"Montipora capitata","Resistant",5.2783,5.9094,0.6311,14.3794481616836,"",21.485,21.43,21.0674,1465.10490271369,0.0550000000000033,3.82490338861263
"164","203","May_2024",0.4258,0.4371,0.4357,164,"Montipora capitata","Susceptible",4.0548,5.0011,0.9463,21.56119758422,"",21.855,21.785,21.4292,993.87800312555,0.0700000000000003,3.24657291073809
"165","204","May_2024",0.4244,0.4346,0.4334,165,"Montipora capitata","Resistant",2.4906,2.8873,0.3967,9.03870557081271,"",21.73,21.67,21.3056,2357.15167764717,0.0599999999999987,6.63811864762444
"166","205","May_2024",0.4248,0.4355,0.434,166,"Montipora capitata","Susceptible",3.0598,4.332,1.2722,28.9867437035239,"May be overestimation",21.775,21.7,21.3502,736.550480397854,0.0749999999999993,2.58738962772426
"167","206","May_2024",0.4259,0.4354,0.4348,167,"Montipora capitata","Resistant",3.1889,3.687,0.4981,11.3490780056007,"",21.77,21.74,21.3441,1880.69021901751,0.0299999999999976,2.6433865363506
"168","209","May_2024",0.4249,0.4347,0.4342,168,"Montipora capitata","Susceptible",1.3849,1.7063,0.3214,7.32301479823344,"",21.735,21.71,21.3101,2910.0173340003,0.0250000000000021,3.41389450776926
"169","210","May_2024",0.4212,0.4322,0.4311,169,"Montipora capitata","Resistant",4.6381,5.8471,1.209,27.5467482609341,"May be overestimation",21.61,21.555,21.1888,769.19423662245,0.0549999999999997,1.99660589623926
"170","211","May_2024",0.4221,0.4361,0.4342,170,"Montipora capitata","Susceptible",6.1566,7.065,0.9084,20.6976560134264,"",21.805,21.71,21.3829,1033.10732317365,0.0950000000000024,4.58989172196005
"171","213","May_2024",0.425,0.4342,0.4333,171,"Montipora capitata","Susceptible",2.5325,3.1507,0.6182,14.0855250412816,"",21.71,21.665,21.285,1511.12577895523,0.0449999999999982,3.19476908870014
"172","214","May_2024",0.4301,0.4419,0.4406,172,"Montipora capitata","Resistant",2.8819,3.5277,0.6458,14.7143838105139,"",22.095,22.03,21.6649,1472.36202881426,0.0650000000000013,4.41744627821633
"173","219","May_2024",0.4203,0.4319,0.431,173,"Montipora capitata","Susceptible",1.8615,2.2915,0.43,9.79743734673423,"",21.595,21.55,21.1747,2161.2488297318,0.0449999999999982,4.59303779217307
"174","220","May_2024",0.4237,0.4335,0.4331,174,"Montipora capitata","Resistant",2.0131,2.4521,0.439,10.0024999888752,"",21.675,21.655,21.2513,2124.59885265041,0.0200000000000031,1.99950012719292
"175","221","May_2024",0.4197,0.4298,0.4288,175,"Montipora capitata","Susceptible",2.4268,3.1679,0.7411,16.8857693434064,"",21.49,21.44,21.0703,1247.81403627473,0.0500000000000007,2.96107325542291
"176","225","May_2024",0.4219,0.4311,0.4305,176,"Porites compressa","Susceptible",2.1784,2.3916,0.2132,4.85770614493892,"",21.555,21.525,21.1331,4350.42782940213,0.0300000000000011,6.17575437972038
"177","233","May_2024",0.4129,0.4235,0.4226,177,"Porites compressa","Susceptible",4.7032,5.1296,0.4264,9.71541228987785,"",21.175,21.13,20.7621,2137.02716678646,0.0450000000000017,4.63181578479028
"178","234","May_2024",0.4178,0.4279,0.4269,178,"Porites compressa","Resistant",3.0958,3.3779,0.2821,6.42757459421796,"",21.395,21.345,20.9772,3263.62606804601,0.0500000000000007,7.77898401132195
"179","235","May_2024",0.4166,0.4269,0.4258,179,"Porites compressa","Susceptible",3.5993,3.9504,0.3511,7.99972151729858,"",21.345,21.29,20.9284,2616.14106875402,0.0549999999999997,6.87523932940263
"180","236","May_2024",0.4219,0.4307,0.4304,180,"Porites compressa","Resistant",1.6927,1.9149,0.2222,5.06276878707987,"",21.535,21.52,21.1131,4170.26747377451,0.0150000000000006,2.96280565651752
"181","237","May_2024",0.424,0.434,0.4333,181,"Porites compressa","Susceptible",3.2682,3.5918,0.3236,7.37314122186789,"",21.7,21.665,21.276,2885.60863813348,0.0350000000000001,4.74695912458508
"182","238","May_2024",0.4175,0.4267,0.4261,182,"Porites compressa","Resistant",4.0777,4.3758,0.2981,6.79213040246854,"",21.335,21.305,20.9175,3079.66702058572,0.0300000000000011,4.41687632927335
"183","239","May_2024",0.4174,0.4272,0.4261,183,"Porites compressa","Susceptible",3.1115,3.4157,0.3042,6.93111730436408,"",21.36,21.305,20.9426,3021.53304876456,0.0549999999999997,7.93522856197654
"184","240","May_2024",0.4229,0.4341,0.4331,184,"Porites compressa","Resistant",3.7585,4.1141,0.355599999999999,8.10225283836903,"",21.705,21.655,21.2821,2626.68919676469,0.0500000000000007,6.17112314284006
"185","241","May_2024",0.4164,0.4266,0.4257,185,"Porites compressa","Susceptible",4.6449,5.0587,0.4138,9.42832459088052,"",21.33,21.285,20.9136,2218.16716198215,0.0449999999999982,4.77285222482943
"186","242","May_2024",0.4199,0.4318,0.4308,186,"Porites compressa","Resistant",5.0434,5.5827,0.5393,12.287809211846,"",21.59,21.54,21.1701,1722.85389812132,0.0500000000000007,4.06907359464846
"187","243","May_2024",0.4267,0.438,0.4372,187,"Porites compressa","Susceptible",3.1884,3.4815,0.2931,6.67820671239023,"",21.9,21.86,21.4733,3215.42907022631,0.0399999999999991,5.98963190609033
"188","244","May_2024",0.4286,0.4381,0.4375,188,"Porites compressa","Resistant",2.6045,2.895,0.2905,6.61896639354952,"",21.905,21.875,21.4764,3244.675788191,0.0300000000000011,4.53242972033178
"189","247","May_2024",0.4212,0.4311,0.4298,189,"Porites compressa","Susceptible",4.2585,4.6917,0.4332,9.87034850838434,"",21.555,21.49,21.1338,2141.140202096,0.0649999999999977,6.58538043968596
"190","248","May_2024",0.4235,0.4342,0.4335,190,"Porites compressa","Resistant",3.3045,3.6186,0.3141,7.15668621071911,"",21.71,21.675,21.2865,2974.35144887554,0.0349999999999966,4.89053159094421
"191","1","October_2024",0.4103,0.4197,0.4191,191,"Montipora capitata","Susceptible",3.3684,3.9174,0.549,12.5088211705979,"",20.985,20.955,20.5747,1644.81526431612,0.0300000000000011,2.3983075296109
"192","2","October_2024",0.4087,0.4191,0.4181,192,"Montipora capitata","Resistant",4.1389,4.8378,0.6989,15.9242533991455,"",20.955,20.905,20.5463,1290.25201276328,0.0499999999999972,3.13986462955181
"193","3","October_2024",0.4152,0.4246,0.4242,193,"Montipora capitata","Susceptible",3.3883,3.8112,0.4229,9.63566570682303,"",21.23,21.21,20.8148,2160.18286990395,0.0199999999999996,2.07562202846427
"194","4","October_2024",0.4234,0.4337,0.4329,194,"Montipora capitata","Resistant",5.1658,5.8607,0.6949,15.8331144470828,"",21.685,21.645,21.2616,1342.85645891465,0.0399999999999991,2.52635071474324
"195","12","October_2024",0.4262,0.4367,0.4362,195,"Montipora capitata","Resistant",4.1583,4.741,0.5827,13.2766668417257,"",21.835,21.81,21.4088,1612.51315975759,0.0249999999999986,1.88300273690901
"196","19","October_2024",0.422,0.4328,0.4319,196,"Montipora capitata","Susceptible",2.4425,2.9485,0.506,11.5290774359245,"",21.64,21.595,21.218,1840.39010215032,0.0450000000000017,3.90317440836871
"197","20","October_2024",0.4262,0.4364,0.4357,197,"Montipora capitata","Resistant",3.8951,4.5296,0.634500000000001,14.4569162709369,"",21.82,21.785,21.3938,1479.83149373345,0.0350000000000001,2.42098656062369
"198","26","October_2024",0.4181,0.4288,0.4281,198,"Porites compressa","Resistant",4.7033,5.2417,0.5384,12.2673029476319,"",21.44,21.405,21.0219,1713.65295939464,0.0350000000000037,2.85311287651538
"199","27","October_2024",0.4183,0.4289,0.4279,199,"Porites compressa","Susceptible",4.4456,4.9307,0.4851,11.0528764113971,"",21.445,21.395,21.0267,1902.3735738435,0.0500000000000007,4.52370931682938
"200","28","October_2024",0.4126,0.4222,0.4214,200,"Porites compressa","Resistant",3.3026,3.7628,0.4602,10.4855364348072,"",21.11,21.07,20.6974,1973.89996484053,0.0399999999999991,3.81477859990237
"201","29","October_2024",0.4113,0.4207,0.42,201,"Porites compressa","Susceptible",3.0881,3.4493,0.3612,8.22984737125675,"",21.035,21,20.6237,2505.96384958846,0.0350000000000001,4.25281277053081
"202","41","October_2024",0.4128,0.4226,0.422,202,"Porites compressa","Susceptible",2.7768,3.1339,0.3571,8.13642994539254,"",21.13,21.1,20.7172,2546.22729367093,0.0300000000000011,3.68712078901256
"203","42","October_2024",0.4125,0.4229,0.4215,203,"Porites compressa","Resistant",6.7254,7.3365,0.6111,13.9237534013704,"",21.145,21.075,20.7325,1489.00223972363,0.0700000000000003,5.02738004488867
"204","43","October_2024",0.4278,0.4387,0.438,204,"Porites compressa","Susceptible",5.5479,6.0774,0.5295,12.0645187792925,"",21.935,21.9,21.5072,1782.68196133234,0.0350000000000001,2.90106888142725
"205","44","October_2024",0.4217,0.4312,0.4309,205,"Porites compressa","Resistant",3.9623,4.4122,0.4499,10.2508536332459,"",21.56,21.545,21.1383,2062.10143625928,0.0150000000000006,1.46329276923359
"206","201","October_2024",0.4233,0.4332,0.4326,206,"Montipora capitata","Susceptible",3.0172,3.4133,0.3961,9.02503472800332,"",21.66,21.63,21.2367,2353.08789827764,0.0300000000000011,3.32408693197774
"207","202","October_2024",0.4219,0.4325,0.4314,207,"Montipora capitata","Resistant",4.3985,4.9623,0.5638,12.8460352932297,"",21.625,21.57,21.2031,1650.55595100029,0.0549999999999997,4.28147663808666
"208","203","October_2024",0.4227,0.4324,0.4317,208,"Montipora capitata","Susceptible",1.9879,2.3238,0.3359,7.65339349946052,"",21.62,21.585,21.1973,2769.66028226488,0.0350000000000037,4.57313478033905
"209","204","October_2024",0.4222,0.433,0.4319,209,"Montipora capitata","Resistant",4.2963,4.8608,0.564500000000001,12.8619846098406,"",21.65,21.595,21.2278,1650.4295910725,0.0549999999999997,4.27616745536452
"210","205","October_2024",0.4172,0.428,0.4269,210,"Montipora capitata","Susceptible",3.9914,4.6681,0.6767,15.4184322151978,"",21.4,21.345,20.9828,1360.89063447822,0.0549999999999997,3.56715904914034
"211","206","October_2024",0.4192,0.4318,0.4302,211,"Montipora capitata","Resistant",6.9817,8.1889,1.2072,27.5057357325059,"May be an overestimation",21.59,21.51,21.1708,769.686737554911,0.0799999999999983,2.90848428044248
"212","209","October_2024",0.4154,0.4268,0.4257,212,"Montipora capitata","Susceptible",3.2054,3.8081,0.6027,13.7323616020389,"",21.34,21.285,20.9246,1523.74373806857,0.0549999999999997,4.00513776099762
"213","210","October_2024",0.4127,0.4234,0.4228,213,"Montipora capitata","Resistant",6.0597,7.0884,1.0287,23.4386599967104,"",21.17,21.14,20.7573,885.600968780352,0.0300000000000011,1.27993665184834
"214","211","October_2024",0.4151,0.4265,0.4254,214,"Montipora capitata","Susceptible",6.7787,7.8706,1.0919,24.8786554393002,"",21.325,21.27,20.9099,840.475485140935,0.0549999999999997,2.21073040438984
"215","213","October_2024",0.4156,0.4259,0.4252,215,"Montipora capitata","Susceptible",1.7448,2.1297,0.3849,8.76984566222792,"",21.295,21.26,20.8794,2380.81726910297,0.0350000000000001,3.99094822737264
"216","214","October_2024",0.4175,0.4279,0.4268,216,"Montipora capitata","Resistant",3.128,3.7348,0.6068,13.8257790279031,"",21.395,21.34,20.9775,1517.27435811489,0.0549999999999997,3.97807601936926
"217","219","October_2024",0.4187,0.4301,0.4288,217,"Montipora capitata","Susceptible",4.564,5.4802,0.9162,20.8753769699486,"",21.505,21.44,21.0863,1010.10391478703,0.0649999999999977,3.11371622623003
"218","220","October_2024",0.4205,0.431,0.43,218,"Montipora capitata","Resistant",2.962,3.4617,0.4997,11.3855335864258,"",21.55,21.5,21.1295,1855.81991740741,0.0500000000000007,4.39153770180893
"219","221","October_2024",0.4131,0.424,0.4226,219,"Montipora capitata","Susceptible",6.709,8.1361,1.4271,32.5160996221498,"May be an overestimation",21.2,21.13,20.7869,639.28024091303,0.0700000000000003,2.15277972491869
"220","225","October_2024",0.4259,0.4362,0.4353,220,"Porites compressa","Susceptible",3.6632,4.0133,0.3501,7.97693677928292,"",21.81,21.765,21.3841,2680.74081463666,0.0449999999999982,5.64126321232339
"221","226","October_2024",0.4168,0.4271,0.4262,221,"Porites compressa","Resistant",7.5408,8.2515,0.7107,16.1931133077303,"",21.355,21.31,20.9382,1293.03115479372,0.0449999999999982,2.77895912569919
"222","233","October_2024",0.4229,0.4326,0.4318,222,"Porites compressa","Susceptible",4.1879,4.5387,0.3508,7.99288609589388,"",21.63,21.59,21.2071,2653.24686797358,0.0399999999999991,5.00445014730637
"223","234","October_2024",0.4228,0.4335,0.4324,223,"Porites compressa","Resistant",3.9883,4.3867,0.3984,9.07743962543934,"",21.675,21.62,21.2522,2341.2108344341,0.0549999999999997,6.05897723030438
"224","235","October_2024",0.4186,0.4295,0.4284,224,"Porites compressa","Susceptible",5.2037,5.6443,0.4406,10.0389555697002,"",21.475,21.42,21.0564,2097.4691892803,0.0549999999999997,5.47865757728841
"225","236","October_2024",0.4219,0.4317,0.4311,225,"Porites compressa","Resistant",3.5941,3.9309,0.3368,7.67389976367461,"",21.585,21.555,21.1631,2757.80250612319,0.0299999999999976,3.9093552071147
"226","237","October_2024",0.4147,0.4251,0.4242,226,"Porites compressa","Susceptible",3.7849,4.2897,0.5048,11.5017357503057,"",21.255,21.21,20.8403,1811.92651721686,0.0449999999999982,3.91245295292079
"227","238","October_2024",0.4107,0.421,0.4203,227,"Porites compressa","Resistant",4.0128,4.5805,0.567699999999999,12.9348957714907,"",21.05,21.015,20.6393,1595.62940162922,0.0350000000000001,2.70585868014045
"228","239","October_2024",0.4106,0.4217,0.4204,228,"Porites compressa","Susceptible",6.5392,7.2847,0.7455,16.9860221906753,"",21.085,21.02,20.6744,1217.14193987981,0.0650000000000013,3.82667579674327
"229","240","October_2024",0.4112,0.4218,0.4206,229,"Porites compressa","Resistant",5.5888,6.1386,0.5498,12.5270489610104,"",21.09,21.03,20.6788,1650.73195326061,0.0600000000000023,4.78963562661472
"230","241","October_2024",0.4174,0.4271,0.4262,230,"Porites compressa","Susceptible",4.8257,5.2982,0.472499999999999,10.7657887123998,"",21.355,21.31,20.9376,1944.82731914333,0.0449999999999982,4.1799074087501
"231","242","October_2024",0.4088,0.419,0.4184,231,"Porites compressa","Resistant",4.2634,4.8541,0.5907,13.4589447458509,"",20.95,20.92,20.5412,1526.21177870073,0.0300000000000011,2.22900090359978
"232","243","October_2024",0.4138,0.4243,0.4234,232,"Porites compressa","Susceptible",8.2341,8.9555,0.721400000000001,16.4369100044979,"",21.215,21.17,20.8012,1265.51766690381,0.0449999999999982,2.73774085200224
"233","244","October_2024",0.4121,0.4222,0.4215,233,"Porites compressa","Resistant",9.8881,10.6889,0.800800000000001,18.2460182029413,"",21.11,21.075,20.6979,1134.37900641048,0.0350000000000001,1.91822673915551
"234","247","October_2024",0.417,0.4266,0.4261,234,"Porites compressa","Susceptible",3.8102,4.2292,0.419,9.54680522856194,"",21.33,21.305,20.913,2190.57574752158,0.0249999999999986,2.61867707588755
"235","248","October_2024",0.4141,0.4249,0.4236,235,"Porites compressa","Resistant",8.0724,8.8781,0.8057,18.3576634192181,"",21.245,21.18,20.8309,1134.7250205161,0.0650000000000013,3.54075562426723
"236","1","January_2025",0.4172,0.4267,0.4261,236,"Montipora capitata","Susceptible",1.9665,2.3359,0.3694,8.41668222298517,"",21.335,21.305,20.9178,2485.27857483742,0.0300000000000011,3.56434984774332
"237","2","January_2025",0.4224,0.4322,0.4314,237,"Montipora capitata","Resistant",3.0887,3.7938,0.7051,16.0655187748426,"",21.61,21.57,21.1876,1318.8245145982,0.0399999999999991,2.4898044414623
"238","3","January_2025",0.42,0.4289,0.4286,238,"Montipora capitata","Susceptible",0.9179,1.0693,0.1514,3.44960933557107,"",21.445,21.43,21.025,6094.89306026573,0.0150000000000006,4.34831847343588
"239","4","January_2025",0.4181,0.4275,0.4274,239,"Montipora capitata","Resistant",1.6692,1.9726,0.3034,6.91288951395154,"",21.375,21.37,20.9569,3031.568775648,0.00499999999999901,0.723286548976089
"240","12","January_2025",0.418,0.4273,0.4269,240,"Montipora capitata","Resistant",1.2619,1.484,0.2221,5.0604903132783,"",21.365,21.345,20.947,4139.32222042533,0.0200000000000031,3.95218620368165
"241","19","January_2025",0.4182,0.4288,0.428,241,"Montipora capitata","Susceptible",2.7859,3.2644,0.4785,10.9024971404938,"",21.44,21.4,21.0218,1928.16377102465,0.0400000000000027,3.66888424592524
"242","20","January_2025",0.4175,0.4265,0.426,242,"Montipora capitata","Resistant",1.3102,1.6292,0.319,7.26833142699585,"",21.325,21.3,20.9075,2876.51990143789,0.0249999999999986,3.43957898055449
"243","26","January_2025",0.4157,0.4259,0.4251,243,"Porites compressa","Resistant",7.0388,7.7191,0.6803,15.5004572720542,"",21.295,21.255,20.8793,1347.01187413634,0.0400000000000027,2.58056903083232
"244","27","January_2025",0.4198,0.4303,0.4294,244,"Porites compressa","Susceptible",7.277,7.9428,0.6658,15.1700785708271,"",21.515,21.47,21.0952,1390.57948193935,0.0450000000000017,2.96636565129855
"245","28","January_2025",0.4172,0.4266,0.4259,245,"Porites compressa","Resistant",3.7392,4.2222,0.483,11.0050284615643,"",21.33,21.295,20.9128,1900.2949490807,0.0349999999999966,3.18036433274445
"246","29","January_2025",0.4157,0.4253,0.4244,246,"Porites compressa","Susceptible",2.2552,2.5622,0.307,6.99491457080792,"",21.265,21.22,20.8493,2980.63683107882,0.0450000000000017,6.43324511607354
"247","43","January_2025",0.4193,0.4293,0.4285,247,"Porites compressa","Susceptible",5.2994,5.8456,0.5462,12.445023904154,"",21.465,21.425,21.0457,1691.09357780946,0.0399999999999991,3.21413605213306
"248","44","January_2025",0.4154,0.4248,0.4242,248,"Porites compressa","Resistant",2.2447,2.5959,0.3512,8.00199999110014,"",21.24,21.21,20.8246,2602.42439679595,0.0300000000000011,3.74906273848629
"249","201","January_2025",0.418,0.4279,0.4269,249,"Montipora capitata","Susceptible",4.9241,5.5738,0.6497,14.8032442887749,"",21.395,21.345,20.977,1417.05423424692,0.0500000000000007,3.37763797074639
"250","202","January_2025",0.4174,0.4275,0.4268,250,"Montipora capitata","Resistant",1.8253,2.1015,0.2762,6.29314463992557,"",21.375,21.34,20.9576,3330.226969048,0.0350000000000001,5.56160743199033
"251","203","January_2025",0.42,0.4294,0.4289,251,"Montipora capitata","Susceptible",1.7531,2.1704,0.4173,9.50807117393532,"",21.47,21.445,21.05,2213.90854306022,0.0249999999999986,2.62934506301674
"252","204","January_2025",0.4126,0.4226,0.4221,252,"Montipora capitata","Resistant",3.417,4.0071,0.590100000000001,13.4452739030416,"",21.13,21.105,20.7174,1540.86857206481,0.0249999999999986,1.85938941670374
"253","205","January_2025",0.4136,0.4226,0.4221,253,"Montipora capitata","Susceptible",1.3191,1.5862,0.2671,6.08580352398305,"",21.13,21.105,20.7164,3404.05337082612,0.0249999999999986,4.10792098388949
"254","206","January_2025",0.4209,0.4307,0.4301,254,"Montipora capitata","Resistant",1.2509,1.596,0.3451,7.86301308920461,"",21.535,21.505,21.1141,2685.24289104748,0.0300000000000011,3.81533130616164
"255","209","January_2025",0.4156,0.425,0.4249,255,"Montipora capitata","Susceptible",0.9423,1.1999,0.2576,5.86934851283427,"",21.25,21.245,20.8344,3549.6954993288,0.00499999999999901,0.851883303413608
"256","210","January_2025",0.4164,0.4259,0.4251,256,"Montipora capitata","Resistant",0.7689,1.0057,0.2368,5.39542596210852,"",21.295,21.255,20.8786,3869.68520124789,0.0400000000000027,7.41368712700689
"257","211","January_2025",0.4154,0.4241,0.4234,257,"Montipora capitata","Susceptible",1.6053,1.9811,0.3758,8.5625045462854,"",21.205,21.17,20.7896,2427.98119260783,0.0349999999999966,4.08758907055767
"258","213","January_2025",0.4109,0.4208,0.42,258,"Montipora capitata","Susceptible",1.7415,2.1619,0.4204,9.57870386178388,"",21.04,21,20.6291,2153.64211042204,0.0399999999999991,4.17593033224328
"259","214","January_2025",0.4106,0.4194,0.4191,259,"Montipora capitata","Resistant",1.0297,1.2761,0.2464,5.61415944705887,"",20.97,20.955,20.5594,3662.06200480654,0.0150000000000006,2.6718158152524
"260","219","January_2025",0.4185,0.4282,0.4273,260,"Montipora capitata","Susceptible",1.2186,1.435,0.2164,4.93061730658904,"",21.41,21.365,20.9915,4257.37766586508,0.0449999999999982,9.12664625986331
"261","220","January_2025",0.4135,0.4229,0.4223,261,"Montipora capitata","Resistant",1.0966,1.3127,0.2161,4.92378188518434,"",21.145,21.115,20.7315,4210.48301558221,0.0299999999999976,6.09287752779374
"262","221","January_2025",0.4154,0.4241,0.4236,262,"Montipora capitata","Susceptible",0.8228,1.0371,0.2143,4.88276935675615,"",21.205,21.18,20.7896,4257.74770033608,0.0249999999999986,5.1200452393695
"263","225","January_2025",0.415,0.4243,0.4236,263,"Porites compressa","Susceptible",2.9452,3.2948,0.3496,7.96554441027508,"",21.215,21.18,20.8,2611.24650477992,0.0350000000000001,4.39392440708161
"264","226","January_2025",0.4156,0.4245,0.4238,264,"Porites compressa","Resistant",3.5412,3.9831,0.4419,10.0685757291206,"",21.225,21.19,20.8094,2066.766994642,0.0349999999999966,3.47616196586461
"265","233","January_2025",0.4187,0.4279,0.4278,265,"Porites compressa","Susceptible",2.3022,2.5779,0.2757,6.28175227091773,"",21.395,21.39,20.9763,3339.2434300717,0.00499999999999901,0.795956253026281
"266","234","January_2025",0.4198,0.4304,0.4293,266,"Porites compressa","Resistant",6.1887,6.9101,0.7214,16.4369100044978,"",21.52,21.465,21.1002,1283.70843389823,0.0549999999999997,3.34612770800287
"267","235","January_2025",0.4179,0.4279,0.4273,267,"Porites compressa","Susceptible",4.9442,5.3785,0.434299999999999,9.89541172020155,"",21.395,21.365,20.9771,2119.88147569192,0.0299999999999976,3.03170811364548
"268","236","January_2025",0.4194,0.4293,0.4284,268,"Porites compressa","Resistant",4.2432,4.7537,0.5105,11.6316087569949,"",21.465,21.42,21.0456,1809.34558921988,0.0449999999999982,3.86876836559143
"269","237","January_2025",0.4244,0.4343,0.4333,269,"Porites compressa","Susceptible",3.0731,3.4325,0.3594,8.18883484282856,"",21.715,21.665,21.2906,2599.95474431206,0.0500000000000007,6.10587476236483
"270","238","January_2025",0.4182,0.4273,0.4267,270,"Porites compressa","Resistant",3.6948,4.1993,0.5045,11.494900328901,"",21.365,21.335,20.9468,1822.26895411477,0.0300000000000011,2.60985299059738
"271","239","January_2025",0.4207,0.4296,0.4289,271,"Porites compressa","Susceptible",2.9791,3.3535,0.3744,8.53060591306347,"",21.48,21.445,21.0593,2468.67575581595,0.0350000000000001,4.10287385874928
"272","240","January_2025",0.4214,0.431,0.4303,272,"Porites compressa","Resistant",2.6952,3.0507,0.3555,8.09997436456748,"",21.55,21.515,21.1286,2608.47739128965,0.0350000000000001,4.32100132972076
"273","241","January_2025",0.4157,0.4253,0.4247,273,"Porites compressa","Susceptible",3.6646,4.0832,0.4186,9.53769133335568,"",21.265,21.235,20.8493,2185.99022250645,0.0300000000000011,3.1454152741433
"274","242","January_2025",0.4195,0.4283,0.428,274,"Porites compressa","Resistant",3.7539,4.1922,0.4383,9.98655067226421,"",21.415,21.4,20.9955,2102.37755647814,0.0150000000000006,1.50202011608075
"275","243","January_2025",0.4221,0.4314,0.4309,275,"Porites compressa","Susceptible",4.3756,4.8705,0.494899999999999,11.2761668439506,"",21.57,21.545,21.1479,1875.4511433418,0.0249999999999986,2.2170654572578
"276","244","January_2025",0.4182,0.4274,0.4264,276,"Porites compressa","Resistant",4.9061,5.3914,0.4853,11.0574333590003,"",21.37,21.32,20.9518,1894.8158509991,0.0500000000000007,4.52184502285992
"277","247","January_2025",0.4165,0.4262,0.4256,277,"Porites compressa","Susceptible",4.1734,4.6302,0.4568,10.4080683255539,"",21.31,21.28,20.8935,2007.43301700876,0.0300000000000047,2.88237923326739
"278","248","January_2025",0.4158,0.4259,0.425,278,"Porites compressa","Resistant",7.0531,7.7461,0.693000000000001,15.7898234448531,"",21.295,21.25,20.8792,1322.32004195119,0.0450000000000017,2.84993686960256
"279","1","October_2025",0.4168,0.4279,0.427,279,"Montipora capitata","Susceptible",6.7896,7.2,0.4104,9.35085648162727,"Modified wax weight, previous weight was overestimation",21.395,21.35,20.9782,2243.45224859545,0.0450000000000017,4.8123933982324
"280","2","October_2025",0.4246,0.4334,0.4329,280,"Montipora capitata","Resistant",3.3506,4,0.6494,14.7964088673702,"Modified wax weight, previous weight was overestimation",21.67,21.645,21.2454,1435.84840013792,0.0250000000000021,1.68959916045125
"281","3","October_2025",0.4207,0.4288,0.4286,281,"Montipora capitata","Susceptible",1.4843,2.1265,0.6422,14.6323587536575,"",21.44,21.43,21.0193,1436.49430374621,0.0100000000000016,0.683416813950243
"282","4","October_2025",0.4263,0.4373,0.4357,282,"Montipora capitata","Resistant",7.1726,8.3196,1.147,26.1340945039631,"May be an overestimation",21.865,21.785,21.4387,820.334524953559,0.0800000000000018,3.06113532986078
"283","12","October_2025",0.4061,0.4158,0.4146,283,"Montipora capitata","Resistant",2.7166,3.1647,0.4481,10.2098411048177,"",20.79,20.73,20.3839,1996.49532159531,0.0599999999999987,5.87668303394914
"284","19","October_2025",0.424,0.4337,0.4324,284,"Montipora capitata","Susceptible",4.4934,5.1,0.606599999999999,13.8212220802999,"Modified wax weight, previous weight was overestimation",21.685,21.62,21.261,1538.28654777962,0.0649999999999977,4.70291263843055
"285","20","October_2025",0.4146,0.4242,0.4227,285,"Montipora capitata","Resistant",5.6296,6.7423,1.1127,25.352577990026,"May be an overestimation",21.21,21.135,20.7954,820.247945127362,0.0749999999999993,2.95827903692891
"286","26","October_2025",0.4205,0.4298,0.4287,286,"Porites compressa","Resistant",5.3606,5.8716,0.511,11.6430011260028,"",21.49,21.435,21.0695,1809.62792771226,0.0549999999999997,4.72386796194376
"287","27","October_2025",0.4178,0.4271,0.4258,287,"Porites compressa","Susceptible",8.6021,9.3335,0.731400000000001,16.6647573846545,"",21.355,21.29,20.9372,1256.37592655743,0.0650000000000013,3.90044682317761
"288","28","October_2025",0.4219,0.4305,0.4298,288,"Porites compressa","Resistant",2.6409,2.9285,0.2876,6.55289065330411,"",21.525,21.49,21.1031,3220.42608621271,0.0349999999999966,5.34115428621548
"289","29","October_2025",0.4152,0.4248,0.4235,289,"Porites compressa","Susceptible",3.901,4.403,0.502,11.4379384838618,"",21.24,21.175,20.8248,1820.67774095677,0.0650000000000013,5.68284224396836
"290","41","October_2025",0.4171,0.4268,0.4262,290,"Porites compressa","Susceptible",4.4487,4.8812,0.4325,9.85439919177338,"",21.34,21.31,20.9229,2123.20402216573,0.0299999999999976,3.04432562718203
"291","42","October_2025",0.4204,0.4311,0.4295,291,"Porites compressa","Resistant",5.9902,6.7383,0.7481,17.045262509516,"",21.555,21.475,21.1346,1239.91050229945,0.0799999999999983,4.69338620953101
"292","43","October_2025",0.4221,0.4324,0.431,292,"Porites compressa","Susceptible",4.1733,4.6989,0.5256,11.9756583010314,"",21.62,21.55,21.1979,1770.08223407429,0.0700000000000003,5.84519015493049
"293","44","October_2025",0.4208,0.4305,0.4297,293,"Porites compressa","Resistant",3.4543,3.8723,0.418,9.5240204905463,"",21.525,21.485,21.1042,2215.89191465394,0.0399999999999956,4.19990696572947
"294","201","October_2025",0.4186,0.4288,0.4274,294,"Montipora capitata","Susceptible",3.8172,4.5268,0.7096,16.168050095913,"May be an overestimation",21.44,21.37,21.0214,1300.18152314569,0.0700000000000003,4.32952641689891
"295","202","October_2025",0.4178,0.4264,0.4252,295,"Montipora capitata","Resistant",2.7876,3.2882,0.5006,11.4060398506399,"May be an overestimation",21.32,21.26,20.9022,1832.55540693445,0.0599999999999987,5.26037088995727
"296","203","October_2025",0.4166,0.4267,0.4254,296,"Montipora capitata","Susceptible",3.119,3.6,0.481,10.9594589855329,"Modified wax weight, previous weight was overestimation",21.335,21.27,20.9184,1908.70735750857,0.0650000000000013,5.93094970160525
"297","204","October_2025",0.4182,0.4266,0.4257,297,"Montipora capitata","Resistant",2.0119,2.3979,0.386,8.79490887404514,"",21.33,21.285,20.9118,2377.71650616112,0.0449999999999982,5.11659650423425
"298","205","October_2025",0.4152,0.4243,0.4231,298,"Montipora capitata","Susceptible",3.0924,3.9459,0.8535,19.4467738963666,"",21.215,21.155,20.7998,1069.57586440012,0.0600000000000023,3.08534466023758
"299","206","October_2025",0.4135,0.4229,0.4213,299,"Montipora capitata","Resistant",2.8401,3.3,0.4599,10.4787010134025,"Modified wax weight, previous weight was overestimation",21.145,21.065,20.7315,1978.44179097046,0.0799999999999983,7.63453407990899
"300","209","October_2025",0.4208,0.4298,0.4287,300,"Montipora capitata","Susceptible",2.6935,3.2544,0.5609,12.7799595529843,"",21.49,21.435,21.0692,1648.61241638907,0.0549999999999997,4.30361299438983
"301","210","October_2025",0.4154,0.4255,0.4237,301,"Montipora capitata","Resistant",5.8454,6.7144,0.869000000000001,19.7999373356094,"May be an overestimation",21.275,21.185,20.8596,1053.51848576232,0.0899999999999963,4.54546893126449
"302","211","October_2025",0.4204,0.4301,0.4294,302,"Montipora capitata","Susceptible",1.4755,1.9621,0.4866,11.0870535184206,"",21.505,21.47,21.0846,1901.7315975763,0.0350000000000001,3.15683512683053
"303","213","October_2025",0.4167,0.4267,0.4257,303,"Montipora capitata","Susceptible",2.3337,3.2647,0.931,21.2125910925804,"",21.335,21.285,20.9183,986.126584381135,0.0500000000000007,2.35709064403214
"304","214","October_2025",0.4187,0.4285,0.4273,304,"Montipora capitata","Resistant",3.5887,3.9145,0.3258,7.42326764550235,"",21.425,21.365,21.0063,2829.79154237116,0.0599999999999987,8.08269388432355
"305","221","October_2025",0.4167,0.4271,0.426,305,"Montipora capitata","Susceptible",6.3825,7.1347,0.752199999999999,17.1386799353802,"May be an overestimation",21.355,21.3,20.9383,1221.69852514581,0.0549999999999997,3.2091152998581
"306","225","October_2025",0.4173,0.4261,0.4256,306,"Porites compressa","Susceptible",3.4926,3.8635,0.3709,8.45085933000867,"",21.305,21.28,20.8877,2471.66580158642,0.0250000000000021,2.95827903692919
"307","226","October_2025",0.4202,0.4307,0.4292,307,"Porites compressa","Resistant",3.5857,4.0994,0.5137,11.704519918645,"",21.535,21.46,21.1148,1803.9868483939,0.0749999999999993,6.40778097019821
"308","233","October_2025",0.4164,0.4259,0.4247,308,"Porites compressa","Susceptible",2.8718,3.2154,0.3436,7.82883598218111,"",21.295,21.235,20.8786,2666.88432961438,0.0600000000000023,7.66397458531074
"309","234","October_2025",0.4191,0.43,0.4284,309,"Porites compressa","Resistant",6.4252,7.1639,0.7387,16.8310859721688,"",21.5,21.42,21.0809,1252.49790981155,0.0799999999999983,4.75310981907424
"310","235","October_2025",0.4151,0.4238,0.423,310,"Porites compressa","Susceptible",3.2737,3.6328,0.3591,8.18199942142386,"",21.19,21.15,20.7749,2539.09819959199,0.0400000000000027,4.88878059502988
"311","236","October_2025",0.4196,0.4299,0.4283,311,"Porites compressa","Resistant",7.2938,8.1209,0.827100000000001,18.8452568127532,"",21.495,21.415,21.0754,1118.33976100223,0.0800000000000018,4.2451000161411
"312","237","October_2025",0.4188,0.427,0.426,312,"Porites compressa","Susceptible",2.491,2.7665,0.2755,6.2771953233146,"",21.35,21.3,20.9312,3334.48282583431,0.0499999999999972,7.96534079707356
"313","238","October_2025",0.4177,0.4281,0.427,313,"Porites compressa","Resistant",3.7753,4.209,0.4337,9.88174087739216,"",21.405,21.35,20.9873,2123.84642143527,0.0549999999999997,5.56582090973777
"314","239","October_2025",0.4202,0.4306,0.4293,314,"Porites compressa","Susceptible",3.099,3.4298,0.3308,7.53719133558065,"",21.53,21.465,21.1098,2800.75150810454,0.0649999999999977,8.6239020751873
"315","240","October_2025",0.4195,0.429,0.4277,315,"Porites compressa","Resistant",7.0386,7.6926,0.654,14.9012186622423,"",21.45,21.385,21.0305,1411.32752137169,0.0649999999999977,4.36205933711308
"316","241","October_2025",0.4143,0.4238,0.4231,316,"Porites compressa","Susceptible",3.0255,3.3616,0.3361,7.65795044706366,"",21.19,21.155,20.7757,2712.95827044247,0.0350000000000037,4.57041348621209
"317","242","October_2025",0.4176,0.4272,0.4267,317,"Porites compressa","Resistant",2.1633,2.4746,0.3113,7.09288894427527,"",21.36,21.335,20.9424,2952.59099141864,0.0249999999999986,3.52465690586856
"318","243","October_2025",0.4202,0.4293,0.4282,318,"Porites compressa","Susceptible",3.7939,4.1396,0.3457,7.876683932014,"",21.465,21.41,21.0448,2671.78424088664,0.0549999999999997,6.98263386911561
"319","244","October_2025",0.4172,0.4273,0.4262,319,"Porites compressa","Resistant",6.6574,7.3389,0.6815,15.527798957673,"May be an overestimation",21.365,21.31,20.9478,1349.05146937446,0.0549999999999997,3.54203452465629
"320","247","October_2025",0.4195,0.4296,0.4289,320,"Porites compressa","Susceptible",4.867,5.3772,0.5102,11.6247733355902,"",21.48,21.445,21.0605,1811.69123835916,0.0350000000000001,3.01081139301398
"321","248","October_2025",0.4169,0.4263,0.425,321,"Porites compressa","Resistant",6.7742,7.5682,0.794,18.0910819844348,"",21.315,21.25,20.8981,1155.1603169993,0.0650000000000013,3.5929304867407
