"","ColonyID","Species","Phenotype","Timepoint","surface.area.cm2","Notes.x","surface_area_cm2_fraggrameter","Notes.y"
"1","1","Montipora capitata","Susceptible","April_2023",22.9137036334046,"",27.57,"Wax dipped"
"2","2","Montipora capitata","Resistant","April_2023",9.17747815683483,"",14.66,"Wax dipped"
"3","3","Montipora capitata","Susceptible","April_2023",4.67871435446482,"",10.4,"Wax dipped"
"4","4","Montipora capitata","Resistant","April_2023",9.71732981311924,"",15.14,"Wax dipped"
"5","11","Montipora capitata","Susceptible","April_2023",6.62817866882516,"",12.24,"Wax dipped"
"6","12","Montipora capitata","Resistant","April_2023",7.2280138424745,"",12.8,"Wax dipped"
"7","15","Montipora capitata","Susceptible","April_2023",7.01807153169723,"",12.63,"Wax dipped"
"8","16","Montipora capitata","Resistant","April_2023",12.7764891987309,"",18.03,"Wax dipped"
"9","19","Montipora capitata","Susceptible","April_2023",21.4141156992813,"",26.16,"Wax dipped"
"10","20","Montipora capitata","Resistant","April_2023",11.2769012646075,"",16.62,"Wax dipped"
"11","26","Porites compressa","Resistant","April_2023",8.66761825923292,"",14.17,"Wax dipped"
"12","27","Porites compressa","Susceptible","April_2023",12.9264479921432,"",18.19,"Wax dipped"
"13","28","Porites compressa","Resistant","April_2023",11.3668765406549,"",16.7,"Wax dipped"
"14","29","Porites compressa","Susceptible","April_2023",11.9667117143043,"",17.26,"Wax dipped"
"15","41","Porites compressa","Susceptible","April_2023",7.91782429217124,"",13.45,"Wax dipped"
"16","42","Porites compressa","Resistant","April_2023",3.83894511135575,"",9.63,"Wax dipped"
"17","43","Porites compressa","Susceptible","April_2023",12.8364727160958,"",18.09,"Wax dipped"
"18","44","Porites compressa","Resistant","April_2023",5.42850832152649,"",11.12,"Wax dipped"
"19","45","Porites compressa","Susceptible","April_2023",12.8664644747783,"",18.11,"Wax dipped"
"20","46","Porites compressa","Resistant","April_2023",8.45767594845564,"",13.95,"Wax dipped"
"21","201","Montipora capitata","Susceptible","April_2023",9.95726388257897,"",15.39,"Wax dipped"
"22","202","Montipora capitata","Resistant","April_2023",8.09777484426604,"",13.61,"Wax dipped"
"23","203","Montipora capitata","Susceptible","April_2023",11.2769012646075,"",16.61,"Wax dipped"
"24","204","Montipora capitata","Resistant","April_2023",6.56819515146022,"",12.2,"Wax dipped"
"25","206","Montipora capitata","Resistant","April_2023",11.4268600580199,"",16.77,"Wax dipped"
"26","207","Montipora capitata","Susceptible","April_2023",8.87756057001017,"",14.37,"Wax dipped"
"27","208","Montipora capitata","Resistant","April_2023",11.0969507125127,"",16.47,"Wax dipped"
"28","209","Montipora capitata","Susceptible","April_2023",10.0172473999439,"",15.42,"Wax dipped"
"29","210","Montipora capitata","Resistant","April_2023",8.72760177659783,"",14.23,"Wax dipped"
"30","211","Montipora capitata","Susceptible","April_2023",8.6676182592329,"",14.15,"Wax dipped"
"31","212","Montipora capitata","Resistant","April_2023",9.41741222629457,"",14.88,"Wax dipped"
"32","213","Montipora capitata","Susceptible","April_2023",6.89810449696736,"",12.49,"Wax dipped"
"33","214","Montipora capitata","Resistant","April_2023",6.83812097960244,"",12.46,"Wax dipped"
"34","217","Montipora capitata","Susceptible","April_2023",9.29744519156471,"",14.77,"Wax dipped"
"35","218","Montipora capitata","Resistant","April_2023",5.84839294308102,"",11.52,"Wax dipped"
"36","219","Montipora capitata","Susceptible","April_2023",5.21856601074922,"",10.94,"Wax dipped"
"37","220","Montipora capitata","Resistant","April_2023",6.38824459936543,"",12.02,"Wax dipped"
"38","221","Montipora capitata","Susceptible","April_2023",5.66844239098623,"",11.32,"Wax dipped"
"39","222","Montipora capitata","Resistant","April_2023",4.76868963051222,"",10.53,"Wax dipped"
"40","225","Porites compressa","Susceptible","April_2023",7.16803032510956,"",12.77,"Wax dipped"
"41","226","Porites compressa","Resistant","April_2023",5.66844239098623,"",11.35,"Wax dipped"
"42","233","Porites compressa","Susceptible","April_2023",10.2571814694036,"",15.66,"Wax dipped"
"43","234","Porites compressa","Resistant","April_2023",8.45767594845564,"",13.98,"Wax dipped"
"44","235","Porites compressa","Susceptible","April_2023",18.9847832460015,"",23.89,"Wax dipped"
"45","236","Porites compressa","Resistant","April_2023",7.34798087720437,"",12.91,"Wax dipped"
"46","237","Porites compressa","Susceptible","April_2023",6.53820339277776,"",12.17,"Wax dipped"
"47","238","Porites compressa","Resistant","April_2023",6.47821987541283,"",12.11,"Wax dipped"
"48","240","Porites compressa","Resistant","April_2023",13.9761595460295,"",19.17,"Wax dipped"
"49","241","Porites compressa","Susceptible","April_2023",5.09859897601935,"",10.82,"Wax dipped"
"50","242","Porites compressa","Resistant","April_2023",6.92809625564984,"",12.55,"Wax dipped"
"51","243","Porites compressa","Susceptible","April_2023",1.85948903831294,"",7.75,"Wax dipped"
"52","248","Porites compressa","Resistant","April_2023",13.4063161310627,"",18.64,"Wax dipped"
"53","1","Montipora capitata","Susceptible","September_2023",12.302676257176,"",20.03687937,""
"54","2","Montipora capitata","Resistant","September_2023",9.76138984884044,"",20.18991445,""
"55","3","Montipora capitata","Susceptible","September_2023",9.09638032142552,"",18.19752998,""
"56","4","Montipora capitata","Resistant","September_2023",9.26263270327924,"",17.00914233,""
"57","19","Montipora capitata","Susceptible","September_2023",8.38387011348096,"",19.07264971,""
"58","20","Montipora capitata","Resistant","September_2023",8.33636943295132,"",20.10320527,""
"59","26","Porites compressa","Resistant","September_2023",4.6075660113748,"",15.40563432,""
"60","27","Porites compressa","Susceptible","September_2023",7.36260548209376,"",17.70534214,""
"61","28","Porites compressa","Resistant","September_2023",7.64760956527158,"",17.7588614,""
"62","29","Porites compressa","Susceptible","September_2023",4.56006533084516,"",16.02065751,""
"63","41","Porites compressa","Susceptible","September_2023",7.10135173918075,"",17.8726339,""
"64","42","Porites compressa","Resistant","September_2023",3.77630410210615,"",14.09270789,""
"65","43","Porites compressa","Susceptible","September_2023",8.83512657851251,"",19.40321854,""
"66","44","Porites compressa","Resistant","September_2023",5.20132451799527,"",14.93810056,""
"67","45","Porites compressa","Susceptible","September_2023",5.91383472593983,"",16.52711027,""
"68","46","Porites compressa","Resistant","September_2023",12.2789259169112,"",19.41592567,""
"69","201","Montipora capitata","Susceptible","September_2023",8.90637759930697,"",18.06108049,""
"70","202","Montipora capitata","Resistant","September_2023",10.0701442722831,"",19.49749671,""
"71","203","Montipora capitata","Susceptible","September_2023",11.0201578828758,"",21.90329564,""
"72","204","Montipora capitata","Resistant","September_2023",9.0726299811607,"",19.58648586,""
"73","205","Montipora capitata","Susceptible","September_2023",6.43634221176584,"",15.61989935,""
"74","206","Montipora capitata","Resistant","September_2023",4.79756873349336,"",14.22479098,""
"75","209","Montipora capitata","Susceptible","September_2023",10.1888959736072,"",21.48497365,""
"76","210","Montipora capitata","Resistant","September_2023",11.7564184310852,"",22.84494431,""
"77","211","Montipora capitata","Susceptible","September_2023",4.84506941402299,"",15.44132248,""
"78","212","Montipora capitata","Resistant","September_2023",3.65755240078206,"",13.92379016,""
"79","214","Montipora capitata","Resistant","September_2023",5.79508302461573,"",16.11632924,""
"80","219","Montipora capitata","Susceptible","September_2023",3.06379389416159,"",14.68375978,""
"81","220","Montipora capitata","Resistant","September_2023",5.93758506620464,"",16.3527826,"Chamber vol for Sept 2023 from https://docs.google.com/spreadsheets/d/1ER5cb2uHWlQ6L5Ifs1Rq18BrPqLYbu8kD4qvk5cz5Ts/edit?gid=0#gid=0; SA for Sept 2023 from Phys_T0_frags_20230914_mesh_measure"
"82","221","Montipora capitata","Susceptible","September_2023",4.51256465031553,"",15.39503037,""
"83","225","Porites compressa","Susceptible","September_2023",4.79756873349335,"",14.89756981,""
"84","226","Porites compressa","Resistant","September_2023",5.08257281667117,"",18.51332616,""
"85","233","Porites compressa","Susceptible","September_2023",5.7475823440861,"",15.22419622,""
"86","234","Porites compressa","Resistant","September_2023",5.79508302461574,"",17.66764385,""
"87","235","Porites compressa","Susceptible","September_2023",3.42004899813388,"",13.25828415,""
"88","236","Porites compressa","Resistant","September_2023",5.29632587905455,"",16.30973371,""
"89","237","Porites compressa","Susceptible","September_2023",6.7688469754733,"",18.20289831,""
"90","238","Porites compressa","Resistant","September_2023",5.41507758037864,"",17.00661431,""
"91","239","Porites compressa","Susceptible","September_2023",6.3888415312362,"",16.25144609,""
"92","240","Porites compressa","Resistant","September_2023",8.40762045374578,"",18.72882124,""
"93","241","Porites compressa","Susceptible","September_2023",5.22507485826009,"",16.51704508,""
"94","242","Porites compressa","Resistant","September_2023",5.03507213614154,"",15.24890162,""
"95","243","Porites compressa","Susceptible","September_2023",3.89505580343025,"",15.69865511,""
"96","244","Porites compressa","Resistant","September_2023",5.62883064276201,"",16.63741579,""
"97","247","Porites compressa","Susceptible","September_2023",6.22258914938247,"",16.78110869,""
"98","248","Porites compressa","Resistant","September_2023",4.91632043481744,"",16.07244613,""
"99","1","Montipora capitata","Susceptible","January_2024",32.4791729160174,"",24.16317003,""
"100","2","Montipora capitata","Resistant","January_2024",30.2510292393091,"",24.41382674,""
"101","3","Montipora capitata","Susceptible","January_2024",17.1527274826597,"",13.92469729,""
"102","4","Montipora capitata","Resistant","January_2024",24.4618345078617,"",19.50035567,""
"103","12","Montipora capitata","Resistant","January_2024",30.3544787671563,"",22.73053391,""
"104","19","Montipora capitata","Susceptible","January_2024",21.7124643639234,"",19.39694291,""
"105","20","Montipora capitata","Resistant","January_2024",34.0547888016896,"",23.95422348,""
"106","26","Porites compressa","Resistant","January_2024",15.9073543204995,"",18.25138944,""
"107","27","Porites compressa","Susceptible","January_2024",24.6329241116089,"",23.38202144,"Channel 9 looked funny during 0% light level"
"108","28","Porites compressa","Resistant","January_2024",16.4604114116825,"",17.16597635,"Alkalinity data says this sample vol was spilled so avged Pcomp data to get volume for 28"
"109","29","Porites compressa","Susceptible","January_2024",28.1661233703892,"",25.67355999,""
"110","41","Porites compressa","Susceptible","January_2024",23.3517414975017,"",18.58050535,""
"111","42","Porites compressa","Resistant","January_2024",20.4551547177809,"",20.86350227,""
"112","43","Porites compressa","Susceptible","January_2024",20.0930813703158,"",21.13585694,""
"113","44","Porites compressa","Resistant","January_2024",14.3357172628213,"",14.05941331,""
"114","45","Porites compressa","Susceptible","January_2024",14.391420854739,"",16.81304653,""
"115","46","Porites compressa","Resistant","January_2024",30.3584575951504,"",28.47249303,""
"116","201","Montipora capitata","Susceptible","January_2024",30.7523615665685,"",25.88782546,""
"117","202","Montipora capitata","Resistant","January_2024",44.280376746583,"",38.02202589,""
"118","203","Montipora capitata","Susceptible","January_2024",19.8105845827331,"",17.06858134,""
"119","204","Montipora capitata","Resistant","January_2024",21.5771842121233,"",18.82415589,""
"120","205","Montipora capitata","Susceptible","January_2024",14.8768378700219,"",14.12422623,"Chamber vol for Jan 2024 from https://docs.google.com/spreadsheets/d/1tjkoaUArNFC3PiGT3smRiLyQ7VJbQL7_AO2v9Z_5uqg/edit?gid=0#gid=0 and cross-referencing round and zub # to Run and light zub # from https://docs.google.com/spreadsheets/d/115YI12L3dGhRy9tNkagiD-8E3X8a-X0MBHTqjxPKh6o/edit?gid=0#gid=0. SA for Jan 2024 from Jan_Phys_T0_mesh_measure"
"121","206","Montipora capitata","Resistant","January_2024",15.7482012007346,"",15.4556613,""
"122","209","Montipora capitata","Susceptible","January_2024",30.3266269711974,"",25.30017054,""
"123","210","Montipora capitata","Resistant","January_2024",24.9273573831739,"",21.25520366,""
"124","211","Montipora capitata","Susceptible","January_2024",29.4154753605435,"",25.49841239,""
"125","212","Montipora capitata","Resistant","January_2024",15.6447516728875,"",12.95589027,""
"126","213","Montipora capitata","Susceptible","January_2024",22.8185785462893,"",19.12683178,""
"127","214","Montipora capitata","Resistant","January_2024",9.26669039831,"",10.36015277,"Lid came off during run (at 60% light level); Channel 8 (colony #214) lid got loose during 60% light level, and the data is probably unusable from 60% onwards. While we were getting the bubble off, the stir bars kind of stopped only for a few measurements. "
"128","219","Montipora capitata","Susceptible","January_2024",39.7882799412194,"Dropped in wax",24.17025675,""
"129","220","Montipora capitata","Resistant","January_2024",21.9312999036001,"",19.41339906,""
"130","221","Montipora capitata","Susceptible","January_2024",23.2204401736956,"",21.29399255,""
"131","225","Porites compressa","Susceptible","January_2024",35.9327956149152,"",34.29266037,""
"132","226","Porites compressa","Resistant","January_2024",34.2059842654663,"",31.72903393,""
"133","233","Porites compressa","Susceptible","January_2024",25.941958521675,"",22.96669098,""
"134","234","Porites compressa","Resistant","January_2024",21.0480000889051,"",21.38402958,""
"135","235","Porites compressa","Susceptible","January_2024",28.5043237498896,"",28.93156248,""
"136","236","Porites compressa","Resistant","January_2024",25.6753770460689,"",22.4353766,""
"137","237","Porites compressa","Susceptible","January_2024",19.6832620869212,"",18.95672166,""
"138","238","Porites compressa","Resistant","January_2024",11.2720197073475,"",14.89105046,""
"139","239","Porites compressa","Susceptible","January_2024",15.6566881568698,"",19.02971119,""
"140","240","Porites compressa","Resistant","January_2024",11.4311728271123,"",13.99913436,""
"141","241","Porites compressa","Susceptible","January_2024",30.5653566508447,"",28.11625177,""
"142","242","Porites compressa","Resistant","January_2024",22.7827690943422,"",21.465022,""
"143","243","Porites compressa","Susceptible","January_2024",23.526809929243,"",22.46313393,""
"144","244","Porites compressa","Resistant","January_2024",22.1700295832474,"",21.92403319,""
"145","247","Porites compressa","Susceptible","January_2024",25.7987207138866,"",24.34787308,""
"146","248","Porites compressa","Resistant","January_2024",18.7084492283614,"",19.57250727,""
"147","1","Montipora capitata","Susceptible","May_2024",10.6837636555434,"",23.8873267,""
"148","2","Montipora capitata","Resistant","May_2024",14.5640045396105,"",17.01745478,"Chamber vol for May 2024 from https://docs.google.com/spreadsheets/d/13gIjPfTB01INNaudqHc24-o7gXok3zQx2ttnW5mRKAw/edit?gid=0#gid=0 and cross-referencing round and zub # to Run and light zub # from https://docs.google.com/spreadsheets/d/13g-BwexGEIjBTK7elHVnbd9stiIZstRwJwRray-T18Y/edit?gid=0#gid=0. SA for May 2024 from NSF_Career_May_Phys_mesh_measure"
"149","3","Montipora capitata","Susceptible","May_2024",7.92453188184689,"",10.30313478,""
"150","4","Montipora capitata","Resistant","May_2024",11.3992044292352,"",15.12469012,""
"151","12","Montipora capitata","Resistant","May_2024",6.96985135899069,"",11.38822611,""
"152","19","Montipora capitata","Susceptible","May_2024",51.6848997147254,"May be overestimation ",14.86164023,"No SA values recorded for this frag; avged the Mcap SAs from other frags to get SA for 213"
"153","20","Montipora capitata","Resistant","May_2024",11.1098382564363,"",13.60426395,""
"154","26","Porites compressa","Resistant","May_2024",8.39617595877106,"",15.46836427,""
"155","27","Porites compressa","Susceptible","May_2024",6.63263723635891,"",12.12639197,"No volume recorded so avged Pcomp data to get volume for 27"
"156","28","Porites compressa","Resistant","May_2024",14.2176765217724,"",20.74603859,""
"157","29","Porites compressa","Susceptible","May_2024",10.5356628584416,"",18.41687099,""
"158","41","Porites compressa","Susceptible","May_2024",6.75339634784192,"",13.6883119,""
"159","42","Porites compressa","Resistant","May_2024",6.54149828429627,"",12.67211562,""
"160","43","Porites compressa","Susceptible","May_2024",15.9812152441846,"",25.70665753,""
"161","44","Porites compressa","Resistant","May_2024",8.74706092421227,"",16.3326135,""
"162","201","Montipora capitata","Susceptible","May_2024",19.4855079509933,"",14.80356317,""
"163","202","Montipora capitata","Resistant","May_2024",14.3794481616836,"",20.99775316,""
"164","203","Montipora capitata","Susceptible","May_2024",21.56119758422,"",20.67721028,""
"165","204","Montipora capitata","Resistant","May_2024",9.03870557081271,"",15.3952052,""
"166","205","Montipora capitata","Susceptible","May_2024",28.9867437035239,"May be overestimation",17.06653679,""
"167","206","Montipora capitata","Resistant","May_2024",11.3490780056007,"",17.37311968,""
"168","209","Montipora capitata","Susceptible","May_2024",7.32301479823344,"",14.40480292,""
"169","210","Montipora capitata","Resistant","May_2024",27.5467482609341,"May be overestimation",23.43746972,""
"170","211","Montipora capitata","Susceptible","May_2024",20.6976560134264,"",30.93802277,""
"171","213","Montipora capitata","Susceptible","May_2024",14.0855250412816,"",14.5135692,""
"172","214","Montipora capitata","Resistant","May_2024",14.7143838105139,"",16.89921559,""
"173","219","Montipora capitata","Susceptible","May_2024",9.79743734673423,"",14.12551911,""
"174","220","Montipora capitata","Resistant","May_2024",10.0024999888752,"",13.2102446,""
"175","221","Montipora capitata","Susceptible","May_2024",16.8857693434064,"",15.34615645,""
"176","225","Porites compressa","Susceptible","May_2024",4.85770614493892,"",11.15342628,""
"177","233","Porites compressa","Susceptible","May_2024",9.71541228987785,"",17.54015736,""
"178","234","Porites compressa","Resistant","May_2024",6.42757459421796,"",12.9367376,""
"179","235","Porites compressa","Susceptible","May_2024",7.99972151729858,"",14.9971933,""
"180","236","Porites compressa","Resistant","May_2024",5.06276878707987,"",9.368837674,""
"181","237","Porites compressa","Susceptible","May_2024",7.37314122186789,"",13.75445841,""
"182","238","Porites compressa","Resistant","May_2024",6.79213040246854,"",15.68677224,""
"183","239","Porites compressa","Susceptible","May_2024",6.93111730436408,"",12.59344577,""
"184","240","Porites compressa","Resistant","May_2024",8.10225283836903,"",17.9693712,""
"185","241","Porites compressa","Susceptible","May_2024",9.42832459088052,"",17.98665129,""
"186","242","Porites compressa","Resistant","May_2024",12.287809211846,"",18.86977768,""
"187","243","Porites compressa","Susceptible","May_2024",6.67820671239023,"",13.25647411,""
"188","244","Porites compressa","Resistant","May_2024",6.61896639354952,"",11.06936777,""
"189","247","Porites compressa","Susceptible","May_2024",9.87034850838434,"",17.44069787,""
"190","248","Porites compressa","Resistant","May_2024",7.15668621071911,"",13.87499244,""
"191","1","Montipora capitata","Susceptible","October_2024",12.5088211705979,"",15.70630826,""
"192","2","Montipora capitata","Resistant","October_2024",15.9242533991455,"",22.72692876,""
"193","3","Montipora capitata","Susceptible","October_2024",9.63566570682303,"",15.54114824,"Coral 3 (chamber 5) is a sad nub"
"194","4","Montipora capitata","Resistant","October_2024",15.8331144470828,"",22.49835562,""
"195","12","Montipora capitata","Resistant","October_2024",13.2766668417257,"",20.71953384,""
"196","19","Montipora capitata","Susceptible","October_2024",11.5290774359245,"",17.83537582,""
"197","20","Montipora capitata","Resistant","October_2024",14.4569162709369,"",18.4008163,"Weird spike in channel 8 to >350 during run 1 - looks like 1 reading that will have to be removed"
"198","26","Porites compressa","Resistant","October_2024",12.2673029476319,"",16.48570331,""
"199","27","Porites compressa","Susceptible","October_2024",11.0528764113971,"",14.92532344,""
"200","28","Porites compressa","Resistant","October_2024",10.4855364348072,"",15.69024154,""
"201","29","Porites compressa","Susceptible","October_2024",8.22984737125675,"",11.56906683,""
"202","41","Porites compressa","Susceptible","October_2024",8.13642994539254,"",12.04215007,""
"203","42","Porites compressa","Resistant","October_2024",13.9237534013704,"",22.58229084,""
"204","43","Porites compressa","Susceptible","October_2024",12.0645187792925,"",18.67272616,""
"205","44","Porites compressa","Resistant","October_2024",10.2508536332459,"",14.00518542,""
"206","201","Montipora capitata","Susceptible","October_2024",9.02503472800332,"",14.49304936,""
"207","202","Montipora capitata","Resistant","October_2024",12.8460352932297,"",19.52862146,""
"208","203","Montipora capitata","Susceptible","October_2024",7.65339349946052,"",12.64374774,""
"209","204","Montipora capitata","Resistant","October_2024",12.8619846098406,"",18.1310987,""
"210","205","Montipora capitata","Susceptible","October_2024",15.4184322151978,"",21.09619635,""
"211","206","Montipora capitata","Resistant","October_2024",27.5057357325059,"May be an overestimation",35.72815658,""
"212","209","Montipora capitata","Susceptible","October_2024",13.7323616020389,"",21.80519223,""
"213","210","Montipora capitata","Resistant","October_2024",23.4386599967104,"",32.95859532,""
"214","211","Montipora capitata","Susceptible","October_2024",24.8786554393002,"",30.60379201,""
"215","213","Montipora capitata","Susceptible","October_2024",8.76984566222792,"",12.40056307,""
"216","214","Montipora capitata","Resistant","October_2024",13.8257790279031,"",15.08071422,""
"217","219","Montipora capitata","Susceptible","October_2024",20.8753769699486,"",28.12657827,""
"218","220","Montipora capitata","Resistant","October_2024",11.3855335864258,"",19.59918146,""
"219","221","Montipora capitata","Susceptible","October_2024",32.5160996221498,"May be an overestimation",32.11543505,""
"220","225","Porites compressa","Susceptible","October_2024",7.97693677928292,"",15.21781843,"Chamber vol for Oct 2024 from https://docs.google.com/spreadsheets/d/1R0-TyAcboxFTtLoDb6nWnYPre-5XvpxwE3oYr60r_tY/edit?gid=0#gid=0 and cross-referencing round and zub # to Run and light zub # from https://docs.google.com/spreadsheets/d/1DUCUtOtR5XBqLom39beU_QuXFvvkWVFyXAmRK-CAvsY/edit?gid=0#gid=0. SA for Oct 2024 from 2024_10_Phys_Frags_mesh_measure"
"221","226","Porites compressa","Resistant","October_2024",16.1931133077303,"",27.21767863,""
"222","233","Porites compressa","Susceptible","October_2024",7.99288609589388,"",17.24946632,""
"223","234","Porites compressa","Resistant","October_2024",9.07743962543934,"",14.39613008,""
"224","235","Porites compressa","Susceptible","October_2024",10.0389555697002,"",21.26253706,""
"225","236","Porites compressa","Resistant","October_2024",7.67389976367461,"",15.27020073,""
"226","237","Porites compressa","Susceptible","October_2024",11.5017357503057,"",15.17385271,""
"227","238","Porites compressa","Resistant","October_2024",12.9348957714907,"",16.96565616,""
"228","239","Porites compressa","Susceptible","October_2024",16.9860221906753,"",24.0200572,""
"229","240","Porites compressa","Resistant","October_2024",12.5270489610104,"",20.30379454,""
"230","241","Porites compressa","Susceptible","October_2024",10.7657887123998,"",16.27613884,""
"231","242","Porites compressa","Resistant","October_2024",13.4589447458509,"",13.52751801,""
"232","243","Porites compressa","Susceptible","October_2024",16.4369100044979,"",25.95685695,""
"233","244","Porites compressa","Resistant","October_2024",18.2460182029413,"",30.34749347,""
"234","247","Porites compressa","Susceptible","October_2024",9.54680522856194,"",13.70596193,""
"235","248","Porites compressa","Resistant","October_2024",18.3576634192181,"",26.9466151,""
"236","1","Montipora capitata","Susceptible","January_2025",8.41668222298517,"",12.93963472,""
"237","1","Montipora capitata","Susceptible","January_2025",8.41668222298517,"",20,"Dummy values for SA for now - do not have fraggrameter SA data yet"
"238","2","Montipora capitata","Resistant","January_2025",16.0655187748426,"",17.54709409,""
"239","2","Montipora capitata","Resistant","January_2025",16.0655187748426,"",20,"Dummy values for SA for now - do not have fraggrameter SA data yet"
"240","3","Montipora capitata","Susceptible","January_2025",3.44960933557107,"",6.583136094,"Chamber vol for Jan 2025 from https://docs.google.com/spreadsheets/d/1lez5iBINVi3tjcowenmlMVcdq3d2JUWCKHbAvpJcZgU/edit?gid=0#gid=0 and cross-referencing round and zub # to Run and light zub # from https://docs.google.com/spreadsheets/d/1E3QAKFHJU8Dky9mAnQ6DuLwcaJeigrLag4_3-VOz4zA/edit?gid=0#gid=0. SA for Jan 2025 has not been received from Spencer yet"
"241","3","Montipora capitata","Susceptible","January_2025",3.44960933557107,"",20,"Dummy values for SA for now - do not have fraggrameter SA data yet"
"242","4","Montipora capitata","Resistant","January_2025",6.91288951395154,"",9.663832697,""
"243","4","Montipora capitata","Resistant","January_2025",6.91288951395154,"",20,"Dummy values for SA for now - do not have fraggrameter SA data yet"
"244","12","Montipora capitata","Resistant","January_2025",5.0604903132783,"",8.383567763,""
"245","12","Montipora capitata","Resistant","January_2025",5.0604903132783,"",20,"Dummy values for SA for now - do not have fraggrameter SA data yet"
"246","19","Montipora capitata","Susceptible","January_2025",10.9024971404938,"",19.51943262,""
"247","19","Montipora capitata","Susceptible","January_2025",10.9024971404938,"",20,"Dummy values for SA for now - do not have fraggrameter SA data yet"
"248","20","Montipora capitata","Resistant","January_2025",7.26833142699585,"",9.591847972,""
"249","20","Montipora capitata","Resistant","January_2025",7.26833142699585,"",20,"Dummy values for SA for now - do not have fraggrameter SA data yet"
"250","26","Porites compressa","Resistant","January_2025",15.5004572720542,"",24.82633366,""
"251","26","Porites compressa","Resistant","January_2025",15.5004572720542,"",20,"Dummy values for SA for now - do not have fraggrameter SA data yet"
"252","27","Porites compressa","Susceptible","January_2025",15.1700785708271,"",25.42651795,""
"253","27","Porites compressa","Susceptible","January_2025",15.1700785708271,"",20,"Dummy values for SA for now - do not have fraggrameter SA data yet"
"254","28","Porites compressa","Resistant","January_2025",11.0050284615643,"",16.15603182,"Spike in 6 and 7 because realized the temp probes were switched. Placed in correct spots. 7 is the blank"
"255","28","Porites compressa","Resistant","January_2025",11.0050284615643,"",20,"Dummy values for SA for now - do not have fraggrameter SA data yet"
"256","29","Porites compressa","Susceptible","January_2025",6.99491457080792,"",10.22854452,""
"257","29","Porites compressa","Susceptible","January_2025",6.99491457080792,"",20,"Dummy values for SA for now - do not have fraggrameter SA data yet"
"258","43","Porites compressa","Susceptible","January_2025",12.445023904154,"",18.64981456,""
"259","43","Porites compressa","Susceptible","January_2025",12.445023904154,"",20,"Dummy values for SA for now - do not have fraggrameter SA data yet"
"260","44","Porites compressa","Resistant","January_2025",8.00199999110014,"",10.77992369,""
"261","44","Porites compressa","Resistant","January_2025",8.00199999110014,"",20,"Dummy values for SA for now - do not have fraggrameter SA data yet"
"262","201","Montipora capitata","Susceptible","January_2025",14.8032442887749,"",20.32709837,""
"263","201","Montipora capitata","Susceptible","January_2025",14.8032442887749,"",20,"Dummy values for SA for now - do not have fraggrameter SA data yet"
"264","202","Montipora capitata","Resistant","January_2025",6.29314463992557,"",10.87738545,""
"265","202","Montipora capitata","Resistant","January_2025",6.29314463992557,"",20,"Dummy values for SA for now - do not have fraggrameter SA data yet"
"266","203","Montipora capitata","Susceptible","January_2025",9.50807117393532,"",14.66955651,""
"267","203","Montipora capitata","Susceptible","January_2025",9.50807117393532,"",20,"Dummy values for SA for now - do not have fraggrameter SA data yet"
"268","204","Montipora capitata","Resistant","January_2025",13.4452739030416,"",4.471058452,""
"269","204","Montipora capitata","Resistant","January_2025",13.4452739030416,"",20,"Dummy values for SA for now - do not have fraggrameter SA data yet"
"270","205","Montipora capitata","Susceptible","January_2025",6.08580352398305,"",2.612351816,"12:56pm Bubble on probe 5"
"271","205","Montipora capitata","Susceptible","January_2025",6.08580352398305,"",20,"Dummy values for SA for now - do not have fraggrameter SA data yet"
"272","206","Montipora capitata","Resistant","January_2025",7.86301308920461,"",2.85733959,""
"273","206","Montipora capitata","Resistant","January_2025",7.86301308920461,"",20,"Dummy values for SA for now - do not have fraggrameter SA data yet"
"274","209","Montipora capitata","Susceptible","January_2025",5.86934851283427,"",1.966670678,""
"275","209","Montipora capitata","Susceptible","January_2025",5.86934851283427,"",20,"Dummy values for SA for now - do not have fraggrameter SA data yet"
"276","210","Montipora capitata","Resistant","January_2025",5.39542596210852,"",2.146571642,""
"277","210","Montipora capitata","Resistant","January_2025",5.39542596210852,"",20,"Dummy values for SA for now - do not have fraggrameter SA data yet"
"278","211","Montipora capitata","Susceptible","January_2025",8.5625045462854,"",3.039359453,""
"279","211","Montipora capitata","Susceptible","January_2025",8.5625045462854,"",20,"Dummy values for SA for now - do not have fraggrameter SA data yet"
"280","213","Montipora capitata","Susceptible","January_2025",9.57870386178388,"",3.971200048,""
"281","213","Montipora capitata","Susceptible","January_2025",9.57870386178388,"",20,"Dummy values for SA for now - do not have fraggrameter SA data yet"
"282","214","Montipora capitata","Resistant","January_2025",5.61415944705887,"",2.453920728,""
"283","214","Montipora capitata","Resistant","January_2025",5.61415944705887,"",20,"Dummy values for SA for now - do not have fraggrameter SA data yet"
"284","219","Montipora capitata","Susceptible","January_2025",4.93061730658904,"",2.40672041,""
"285","219","Montipora capitata","Susceptible","January_2025",4.93061730658904,"",20,"Dummy values for SA for now - do not have fraggrameter SA data yet"
"286","220","Montipora capitata","Resistant","January_2025",4.92378188518434,"",2.246373042,""
"287","220","Montipora capitata","Resistant","January_2025",4.92378188518434,"",20,"Dummy values for SA for now - do not have fraggrameter SA data yet"
"288","221","Montipora capitata","Susceptible","January_2025",4.88276935675615,"",1.901368408,"100% light level - 3 not showing a huge range, may not be usable. Will have space to rerun in later runs → maybe ok in the end, not putting into last run"
"289","221","Montipora capitata","Susceptible","January_2025",4.88276935675615,"",20,"Dummy values for SA for now - do not have fraggrameter SA data yet"
"290","225","Porites compressa","Susceptible","January_2025",7.96554441027508,"",3.806781994,"Spike in 6 and 7 because realized the temp probes were switched. Placed in correct spots. 7 is the blank"
"291","225","Porites compressa","Susceptible","January_2025",7.96554441027508,"",20,"Dummy values for SA for now - do not have fraggrameter SA data yet"
"292","226","Porites compressa","Resistant","January_2025",10.0685757291206,"",4.062392645,""
"293","226","Porites compressa","Resistant","January_2025",10.0685757291206,"",20,"Dummy values for SA for now - do not have fraggrameter SA data yet"
"294","233","Porites compressa","Susceptible","January_2025",6.28175227091773,"",2.571067936,""
"295","233","Porites compressa","Susceptible","January_2025",6.28175227091773,"",20,"Dummy values for SA for now - do not have fraggrameter SA data yet"
"296","234","Porites compressa","Resistant","January_2025",16.4369100044978,"",5.545107802,""
"297","234","Porites compressa","Resistant","January_2025",16.4369100044978,"",20,"Dummy values for SA for now - do not have fraggrameter SA data yet"
"298","235","Porites compressa","Susceptible","January_2025",9.89541172020155,"",5.335792456,""
"299","235","Porites compressa","Susceptible","January_2025",9.89541172020155,"",20,"Dummy values for SA for now - do not have fraggrameter SA data yet"
"300","236","Porites compressa","Resistant","January_2025",11.6316087569949,"",4.655785654,""
"301","236","Porites compressa","Resistant","January_2025",11.6316087569949,"",20,"Dummy values for SA for now - do not have fraggrameter SA data yet"
"302","237","Porites compressa","Susceptible","January_2025",8.18883484282856,"",3.339037518,""
"303","237","Porites compressa","Susceptible","January_2025",8.18883484282856,"",20,"Dummy values for SA for now - do not have fraggrameter SA data yet"
"304","238","Porites compressa","Resistant","January_2025",11.494900328901,"",4.180827585,""
"305","238","Porites compressa","Resistant","January_2025",11.494900328901,"",20,"Dummy values for SA for now - do not have fraggrameter SA data yet"
"306","239","Porites compressa","Susceptible","January_2025",8.53060591306347,"",3.283235052,""
"307","239","Porites compressa","Susceptible","January_2025",8.53060591306347,"",20,"Dummy values for SA for now - do not have fraggrameter SA data yet"
"308","240","Porites compressa","Resistant","January_2025",8.09997436456748,"",3.190855294,""
"309","240","Porites compressa","Resistant","January_2025",8.09997436456748,"",20,"Dummy values for SA for now - do not have fraggrameter SA data yet"
"310","241","Porites compressa","Susceptible","January_2025",9.53769133335568,"",3.791095544,""
"311","241","Porites compressa","Susceptible","January_2025",9.53769133335568,"",20,"Dummy values for SA for now - do not have fraggrameter SA data yet"
"312","242","Porites compressa","Resistant","January_2025",9.98655067226421,"",4.267812757,""
"313","242","Porites compressa","Resistant","January_2025",9.98655067226421,"",20,"Dummy values for SA for now - do not have fraggrameter SA data yet"
"314","243","Porites compressa","Susceptible","January_2025",11.2761668439506,"",4.186318624,""
"315","243","Porites compressa","Susceptible","January_2025",11.2761668439506,"",20,"Dummy values for SA for now - do not have fraggrameter SA data yet"
"316","244","Porites compressa","Resistant","January_2025",11.0574333590003,"",4.230231261,""
"317","244","Porites compressa","Resistant","January_2025",11.0574333590003,"",20,"Dummy values for SA for now - do not have fraggrameter SA data yet"
"318","247","Porites compressa","Susceptible","January_2025",10.4080683255539,"",4.358764492,""
"319","247","Porites compressa","Susceptible","January_2025",10.4080683255539,"",20,"Dummy values for SA for now - do not have fraggrameter SA data yet"
"320","248","Porites compressa","Resistant","January_2025",15.7898234448531,"",5.60646175,""
"321","248","Porites compressa","Resistant","January_2025",15.7898234448531,"",20,"Dummy values for SA for now - do not have fraggrameter SA data yet"
"322","1","Montipora capitata","Susceptible","October_2025",9.35085648162727,"Modified wax weight, previous weight was overestimation",20,"Dummy values for SA for now - do not have fraggrameter SA data yet"
"323","2","Montipora capitata","Resistant","October_2025",14.7964088673702,"Modified wax weight, previous weight was overestimation",20,"Dummy values for SA for now - do not have fraggrameter SA data yet"
"324","3","Montipora capitata","Susceptible","October_2025",14.6323587536575,"",20,"Dummy values for SA for now - do not have fraggrameter SA data yet"
"325","4","Montipora capitata","Resistant","October_2025",26.1340945039631,"May be an overestimation",20,"Dummy values for SA for now - do not have fraggrameter SA data yet"
"326","12","Montipora capitata","Resistant","October_2025",10.2098411048177,"",20,"Dummy values for SA for now - do not have fraggrameter SA data yet"
"327","19","Montipora capitata","Susceptible","October_2025",13.8212220802999,"Modified wax weight, previous weight was overestimation",20,"Dummy values for SA for now - do not have fraggrameter SA data yet"
"328","20","Montipora capitata","Resistant","October_2025",25.352577990026,"May be an overestimation",20,"Dummy values for SA for now - do not have fraggrameter SA data yet"
"329","26","Porites compressa","Resistant","October_2025",11.6430011260028,"",20,"Dummy values for SA for now - do not have fraggrameter SA data yet"
"330","27","Porites compressa","Susceptible","October_2025",16.6647573846545,"",20,"Dummy values for SA for now - do not have fraggrameter SA data yet"
"331","28","Porites compressa","Resistant","October_2025",6.55289065330411,"",20,"Dummy values for SA for now - do not have fraggrameter SA data yet"
"332","29","Porites compressa","Susceptible","October_2025",11.4379384838618,"",20,"Dummy values for SA for now - do not have fraggrameter SA data yet"
"333","41","Porites compressa","Susceptible","October_2025",9.85439919177338,"",20,"Dummy values for SA for now - do not have fraggrameter SA data yet"
"334","42","Porites compressa","Resistant","October_2025",17.045262509516,"",20,"Dummy values for SA for now - do not have fraggrameter SA data yet"
"335","43","Porites compressa","Susceptible","October_2025",11.9756583010314,"",20,"Dummy values for SA for now - do not have fraggrameter SA data yet"
"336","44","Porites compressa","Resistant","October_2025",9.5240204905463,"",20,"Dummy values for SA for now - do not have fraggrameter SA data yet"
"337","201","Montipora capitata","Susceptible","October_2025",16.168050095913,"May be an overestimation",20,"Dummy values for SA for now - do not have fraggrameter SA data yet"
"338","202","Montipora capitata","Resistant","October_2025",11.4060398506399,"May be an overestimation",20,"Dummy values for SA for now - do not have fraggrameter SA data yet"
"339","203","Montipora capitata","Susceptible","October_2025",10.9594589855329,"Modified wax weight, previous weight was overestimation",20,"Dummy values for SA for now - do not have fraggrameter SA data yet"
"340","204","Montipora capitata","Resistant","October_2025",8.79490887404514,"",20,"Dummy values for SA for now - do not have fraggrameter SA data yet"
"341","205","Montipora capitata","Susceptible","October_2025",19.4467738963666,"",20,"Dummy values for SA for now - do not have fraggrameter SA data yet"
"342","206","Montipora capitata","Resistant","October_2025",10.4787010134025,"Modified wax weight, previous weight was overestimation",20,"Dummy values for SA for now - do not have fraggrameter SA data yet"
"343","209","Montipora capitata","Susceptible","October_2025",12.7799595529843,"",20,"Dummy values for SA for now - do not have fraggrameter SA data yet"
"344","210","Montipora capitata","Resistant","October_2025",19.7999373356094,"May be an overestimation",20,"Dummy values for SA for now - do not have fraggrameter SA data yet"
"345","211","Montipora capitata","Susceptible","October_2025",11.0870535184206,"",20,"Dummy values for SA for now - do not have fraggrameter SA data yet"
"346","213","Montipora capitata","Susceptible","October_2025",21.2125910925804,"",20,"Dummy values for SA for now - do not have fraggrameter SA data yet"
"347","214","Montipora capitata","Resistant","October_2025",7.42326764550235,"",20,"Dummy values for SA for now - do not have fraggrameter SA data yet"
"348","221","Montipora capitata","Susceptible","October_2025",17.1386799353802,"May be an overestimation",20,"Dummy values for SA for now - do not have fraggrameter SA data yet"
"349","225","Porites compressa","Susceptible","October_2025",8.45085933000867,"",20,"Dummy values for SA for now - do not have fraggrameter SA data yet"
"350","226","Porites compressa","Resistant","October_2025",11.704519918645,"",20,"Dummy values for SA for now - do not have fraggrameter SA data yet"
"351","233","Porites compressa","Susceptible","October_2025",7.82883598218111,"",20,"Dummy values for SA for now - do not have fraggrameter SA data yet"
"352","234","Porites compressa","Resistant","October_2025",16.8310859721688,"",20,"Dummy values for SA for now - do not have fraggrameter SA data yet"
"353","235","Porites compressa","Susceptible","October_2025",8.18199942142386,"",20,"Dummy values for SA for now - do not have fraggrameter SA data yet"
"354","236","Porites compressa","Resistant","October_2025",18.8452568127532,"",20,"Dummy values for SA for now - do not have fraggrameter SA data yet"
"355","237","Porites compressa","Susceptible","October_2025",6.2771953233146,"",20,"Dummy values for SA for now - do not have fraggrameter SA data yet"
"356","238","Porites compressa","Resistant","October_2025",9.88174087739216,"",20,"Dummy values for SA for now - do not have fraggrameter SA data yet"
"357","239","Porites compressa","Susceptible","October_2025",7.53719133558065,"",20,"Dummy values for SA for now - do not have fraggrameter SA data yet"
"358","240","Porites compressa","Resistant","October_2025",14.9012186622423,"",20,"Dummy values for SA for now - do not have fraggrameter SA data yet"
"359","241","Porites compressa","Susceptible","October_2025",7.65795044706366,"",20,"Dummy values for SA for now - do not have fraggrameter SA data yet"
"360","242","Porites compressa","Resistant","October_2025",7.09288894427527,"",20,"Dummy values for SA for now - do not have fraggrameter SA data yet"
"361","243","Porites compressa","Susceptible","October_2025",7.876683932014,"",20,"Dummy values for SA for now - do not have fraggrameter SA data yet"
"362","244","Porites compressa","Resistant","October_2025",15.527798957673,"May be an overestimation",20,"Dummy values for SA for now - do not have fraggrameter SA data yet"
"363","247","Porites compressa","Susceptible","October_2025",11.6247733355902,"",20,"Dummy values for SA for now - do not have fraggrameter SA data yet"
"364","248","Porites compressa","Resistant","October_2025",18.0910819844348,"",20,"Dummy values for SA for now - do not have fraggrameter SA data yet"
"365","1","Montipora capitata","Susceptible","May_2025",34.1587219792,"May be an overestimation",21.44760345,""
"366","2","Montipora capitata","Resistant","May_2025",NA,"",19.84785402,""
"367","3","Montipora capitata","Susceptible","May_2025",NA,"",NA,"Stir bar kept stopping, data probably not usable; No SA values recorded for this frag; avged the Mcap SAs from other frags to get SA for 3"
"368","4","Montipora capitata","Resistant","May_2025",34.591604515984,"",18.25277406,"No SA values recorded for this frag; avged the Mcap SAs from other frags to get SA for 4"
"369","12","Montipora capitata","Resistant","May_2025",NA,"",12.07297033,""
"370","19","Montipora capitata","Susceptible","May_2025",23.2469621781038,"",20.54693193,""
"371","20","Montipora capitata","Resistant","May_2025",NA,"",11.2851565,""
"372","26","Porites compressa","Resistant","May_2025",NA,"",14.34298723,"No SA values recorded for this frag; avged the Pcomp SAs from other frags to get SA for 26"
"373","27","Porites compressa","Susceptible","May_2025",NA,"",14.34298723,"No SA values recorded for this frag; avged the Pcomp SAs from other frags to get SA for 27"
"374","28","Porites compressa","Resistant","May_2025",39.673099519854,"",14.34298723,"No SA values recorded for this frag; avged the Pcomp SAs from other frags to get SA for 28"
"375","29","Porites compressa","Susceptible","May_2025",14.5191142742963,"",14.34298723,"No SA values recorded for this frag; avged the Pcomp SAs from other frags to get SA for 29"
"376","41","Porites compressa","Susceptible","May_2025",NA,"",14.34298723,"No SA values recorded for this frag; avged the Pcomp SAs from other frags to get SA for 41"
"377","42","Porites compressa","Resistant","May_2025",12.6861882176433,"",16.62082926,"No SA values recorded for this frag; avged the Pcomp SAs from other frags to get SA for 42"
"378","43","Porites compressa","Susceptible","May_2025",NA,"",14.34298723,"No SA values recorded for this frag; avged the Pcomp SAs from other frags to get SA for 43"
"379","44","Porites compressa","Resistant","May_2025",20.0763900843614,"",14.34298723,"No SA values recorded for this frag; avged the Pcomp SAs from other frags to get SA for 44"
"380","201","Montipora capitata","Susceptible","May_2025",NA,"",11.25776496,""
"381","202","Montipora capitata","Resistant","May_2025",NA,"",20.63938771,""
"382","203","Montipora capitata","Susceptible","May_2025",NA,"",6.689773558,""
"383","204","Montipora capitata","Resistant","May_2025",NA,"",21.83959592,""
"384","205","Montipora capitata","Susceptible","May_2025",39.9070900802778,"",26.7455347,""
"385","206","Montipora capitata","Resistant","May_2025",40.4959663240111,"May be an overestimation",19.71425138,""
"386","209","Montipora capitata","Susceptible","May_2025",38.7137382221165,"",29.05540257,""
"387","210","Montipora capitata","Resistant","May_2025",21.1059485502261,"",16.89215684,""
"388","211","Montipora capitata","Susceptible","May_2025",NA,"",12.92747515,""
"389","213","Montipora capitata","Susceptible","May_2025",25.540069670257,"Likely underestimation??",24.97326333,""
"390","214","Montipora capitata","Resistant","May_2025",21.7260235353491,"",16.84629821,"Chamber vol for May 2025 from https://docs.google.com/spreadsheets/d/1ynUEL58zBLLtYkHcnG4ZssgsjUJf6HJE8lvM_JxutIM/edit?gid=0#gid=0 and cross-referencing round and zub # to Run and light zub # from https://docs.google.com/spreadsheets/d/1FRW4BGAmn3yW8qYeTmIi_E8RQmw-t8Nx4o4o9Cgf9BA/edit?gid=0#gid=0. SA for May 2025 has not been received from Spencer yet"
"391","219","Montipora capitata","Susceptible","May_2025",NA,"",12.97586276,""
"392","220","Montipora capitata","Resistant","May_2025",NA,"",24.46794204,""
"393","221","Montipora capitata","Susceptible","May_2025",20.052991028319,"",16.57748179,""
"394","225","Porites compressa","Susceptible","May_2025",NA,"",13.84966634,""
"395","226","Porites compressa","Resistant","May_2025",NA,"",6.344232824,""
"396","233","Porites compressa","Susceptible","May_2025",22.7282831024977,"",18.03866498,""
"397","234","Porites compressa","Resistant","May_2025",NA,"",10.39038065,""
"398","235","Porites compressa","Susceptible","May_2025",18.8947377542213,"",16.64198678,""
"399","236","Porites compressa","Resistant","May_2025",NA,"",19.75105953,""
"400","237","Porites compressa","Susceptible","May_2025",23.5862484907183,"",18.19990454,""
"401","238","Porites compressa","Resistant","May_2025",NA,"",12.59052663,""
"402","239","Porites compressa","Susceptible","May_2025",9.69110904421874,"",10.31630341,""
"403","240","Porites compressa","Resistant","May_2025",NA,"",15.17823682,""
"404","241","Porites compressa","Susceptible","May_2025",NA,"",17.16397822,""
"405","242","Porites compressa","Resistant","May_2025",NA,"",11.98276695,""
"406","243","Porites compressa","Susceptible","May_2025",19.14432768534,"",17.53422151,""
"407","244","Porites compressa","Resistant","May_2025",11.0287550813081,"",11.80094631,""
"408","247","Porites compressa","Susceptible","May_2025",NA,"",20.32601415,""
"409","248","Porites compressa","Resistant","May_2025",NA,"",9.378906006,""
